chrom	start	end	exon_chr	exon_start	exon_end	exon_gene	overlap_type	n_tissues	mean_pext	sd_pext	min_pext	max_pext	median_pext	iqr_pext	n_flagged.x	flagged_tissues.x	top3_tissues_by_z.x	top3_z.x	n_flagged.y	flagged_tissues.y	top3_tissues_by_z.y	top3_z.y
chr1	1034555	1034703	chr1	1034105	1034703	AGRN	perfect	50	0.0146674	0.02491983906080307	0	0.10531	0.005795	0.01318	2	Brain_Cortex,Brain_FrontalCortex_BA9	Brain_FrontalCortex_BA9,Brain_Cortex,Brain_Anteriorcingulatecortex_BA24	3.637,3.432,2.83	2	Brain_Cortex,Brain_FrontalCortex_BA9	Brain_FrontalCortex_BA9,Brain_Cortex	3.637,3.432
chr1	1051031	1051043	chr1	1051031	1051043	AGRN	perfect	50	0.031435199999999996	0.054227263541355986	0	0.20739	0.00198	0.043085	1	Brain_FrontalCortex_BA9	Brain_FrontalCortex_BA9,Brain_Cortex,Brain_Anteriorcingulatecortex_BA24	3.245,2.886,2.425	1	Brain_FrontalCortex_BA9	Brain_FrontalCortex_BA9	3.245
chr1	1361241	1361263	chr1	1361241	1361777	MXRA8	perfect	50	0.0245918	0.03490979511044231	0	0.14902	0.00962	0.0226525	1	Brain_CerebellarHemisphere	Brain_CerebellarHemisphere,Brain_Cerebellum,Brain_FrontalCortex_BA9	3.564,2.623,2.383	1	Brain_CerebellarHemisphere	Brain_CerebellarHemisphere	3.564
chr1	1988126	1988133	chr1	1987961	1988133	CFAP74	perfect	50	0.02854839999999999	0.0842658540853571	0	0.4	0	0	2	AdrenalGland,Brain_Substantianigra	Brain_Substantianigra,AdrenalGland,Pituitary	4.408,3.958,2.4	2	AdrenalGland,Brain_Substantianigra	Brain_Substantianigra,AdrenalGland	4.408,3.958
chr1	2355450	2355464	chr1	2355174	2355464	MORN1	perfect	50	0.0994562	0.06141890664468533	0.02528	0.3528	0.08304500000000001	0.06165000000000001	1	Testis	Testis,Cells_Culturedfibroblasts,Cells_EBV_transformedlymphocytes	4.125,2.549,2.168	1	Testis	Testis	4.125
chr1	2379061	2379227	chr1	2374852	2379227	MORN1	perfect	50	0.052163	0.03763922320491469	0.00974	0.16609	0.038065	0.044295	1	AdrenalGland	AdrenalGland,Esophagus_Mucosa,Cells_Culturedfibroblasts	3.027,2.908,2.055	1	AdrenalGland	AdrenalGland	3.027
chr1	3531079	3531245	chr1	3531079	3531448	MEGF6	perfect	50	0.0971702	0.028676395220046867	0	0.21212	0.09497	0.021922499999999998	1	Cells_Culturedfibroblasts	Cells_Culturedfibroblasts,Brain_CerebellarHemisphere,Brain_FrontalCortex_BA9	4.009,1.461,1.46	1	Cells_Culturedfibroblasts	Cells_Culturedfibroblasts	4.009
chr1	3860419	3860487	chr1	3860419	3860506	DFFB	perfect	50	0.003245800000000001	0.01879376536763926	0	0.12944	0	0	1	Cells_Culturedfibroblasts	Cells_Culturedfibroblasts,Artery_Tibial,Adipose_Subcutaneous	6.715,1.575,-0.173	1	Cells_Culturedfibroblasts	Cells_Culturedfibroblasts	6.715
chr1	6358825	6358845	chr1	6358825	6359344	ACOT7	perfect	50	0.0090298	0.019088633169656602	0	0.13321	0.00477	0.011165000000000001	1	Pituitary	Pituitary,Cells_EBV_transformedlymphocytes,SmallIntestine_TerminalIleum	6.505,0.657,0.651	1	Pituitary	Pituitary	6.505
chr1	6360569	6360652	chr1	6360569	6360707	ACOT7	perfect	50	0.025270799999999996	0.10766474652477893	0	0.68233	0	0	1	Kidney_Cortex	Kidney_Cortex,SmallIntestine_TerminalIleum,Colon_Transverse	6.103,2.799,1.081	1	Kidney_Cortex	Kidney_Cortex	6.103
chr1	6413195	6413282	chr1	6412417	6413282	HES2	perfect	50	0.05786960000000001	0.1302196414533725	0	0.56522	0	0	2	Cells_EBV_transformedlymphocytes,Testis	Cells_EBV_transformedlymphocytes,Testis,Lung	3.896,3.089,2.042	2	Cells_EBV_transformedlymphocytes,Testis	Cells_EBV_transformedlymphocytes,Testis	3.896,3.089
chr1	6451330	6451370	chr1	6451316	6451370	ESPN	perfect	50	0.018006399999999995	0.04907047654555805	0	0.24699	0	0	2	Colon_Transverse,SmallIntestine_TerminalIleum	SmallIntestine_TerminalIleum,Colon_Transverse,Liver	4.666,3.147,2.404	2	Colon_Transverse,SmallIntestine_TerminalIleum	SmallIntestine_TerminalIleum,Colon_Transverse	4.666,3.147
chr1	6454433	6456194	chr1	6454433	6456671	ESPN	perfect	50	0.182228	0.26696731752889047	0	1	0.075495	0.12174249999999998	4	Artery_Aorta,Artery_Tibial,Cells_Culturedfibroblasts,Cells_EBV_transformedlymphocytes	Artery_Aorta,Artery_Tibial,Cells_Culturedfibroblasts	3.063,3.063,3.063	4	Artery_Aorta,Artery_Tibial,Cells_Culturedfibroblasts,Cells_EBV_transformedlymphocytes	Artery_Aorta,Artery_Tibial,Cells_Culturedfibroblasts	3.063,3.063,3.063
chr1	6485323	6485443	chr1	6485323	6485469	PLEKHG5	perfect	50	0.1365336	0.10781596926054987	0	0.50196	0.11501	0.1367875	1	Muscle_Skeletal	Muscle_Skeletal,Lung,Adipose_Subcutaneous	3.389,2.32,1.513	1	Muscle_Skeletal	Muscle_Skeletal	3.389
chr1	6496516	6496569	chr1	6496492	6496696	PLEKHG5	perfect	50	0.0086742	0.0613358564136835	0	0.43371	0	0	1	Nerve_Tibial	Nerve_Tibial,Adipose_Subcutaneous,Adipose_Visceral_Omentum	6.93,-0.141,-0.141	1	Nerve_Tibial	Nerve_Tibial	6.93
chr1	6506025	6506158	chr1	6506025	6506158	PLEKHG5	perfect	50	0.0086742	0.0613358564136835	0	0.43371	0	0	1	Nerve_Tibial	Nerve_Tibial,Adipose_Subcutaneous,Adipose_Visceral_Omentum	6.93,-0.141,-0.141	1	Nerve_Tibial	Nerve_Tibial	6.93
chr1	7846691	7846766	chr1	7846691	7846766	UTS2	perfect	50	0.0091812	0.04545915240417624	0	0.23684	0	0	2	Spleen,WholeBlood	Spleen,WholeBlood,Adipose_Subcutaneous	5.008,4.686,-0.202	2	Spleen,WholeBlood	Spleen,WholeBlood	5.008,4.686
chr1	7921983	7922021	chr1	7921799	7922021	TNFRSF9	perfect	50	0.0023447999999999993	0.016580239805262163	0	0.11724	0	0	1	Cells_EBV_transformedlymphocytes	Cells_EBV_transformedlymphocytes,Adipose_Subcutaneous,Adipose_Visceral_Omentum	6.93,-0.141,-0.141	1	Cells_EBV_transformedlymphocytes	Cells_EBV_transformedlymphocytes	6.93
chr1	9922257	9922358	chr1	9922112	9922358	LZIC	perfect	50	0.08428	0.045749076671846946	0.03146	0.33093	0.08274000000000001	0.047785000000000015	1	Testis	Testis,Heart_LeftVentricle,Heart_AtrialAppendage	5.391,1.321,1.226	1	Testis	Testis	5.391
chr1	10107221	10107374	chr1	10107221	10107374	UBE4B	perfect	50	0.024843800000000006	0.0901077737453708	0	0.55114	0.001605	0.0082475	1	Muscle_Skeletal	Muscle_Skeletal,Heart_LeftVentricle,Heart_AtrialAppendage	5.841,2.608,2.334	1	Muscle_Skeletal	Muscle_Skeletal	5.841
chr1	10355369	10355396	chr1	10355369	10355396	KIF1B	perfect	50	0.0041958	0.029201561049270738	0	0.20654	0	0	1	Testis	Testis,Brain_CerebellarHemisphere,Brain_Cerebellum	6.929,-0.085,-0.091	1	Testis	Testis	6.929
chr1	10642081	10642322	chr1	10642081	10642322	CASZ1	perfect	50	0.018275999999999997	0.04207291479305509	0	0.25885	0.004255	0.015975	1	Muscle_Skeletal	Muscle_Skeletal,Heart_LeftVentricle,Heart_AtrialAppendage	5.718,2.387,2.186	1	Muscle_Skeletal	Muscle_Skeletal	5.718
chr1	11294872	11294883	chr1	11294872	11296049	UBIAD1	perfect	50	0.11955339999999999	0.06305848492357823	0.05217	0.36807	0.101785	0.06054499999999999	2	Brain_CerebellarHemisphere,Brain_Cerebellum	Brain_Cerebellum,Brain_CerebellarHemisphere,Muscle_Skeletal	3.941,3.297,1.33	2	Brain_CerebellarHemisphere,Brain_Cerebellum	Brain_Cerebellum,Brain_CerebellarHemisphere	3.941,3.297
chr1	11294883	11294887	chr1	11294872	11296049	UBIAD1	perfect	50	0.10421419999999999	0.05266733871873806	0.05217	0.33002	0.0908	0.0458625	2	Brain_CerebellarHemisphere,Brain_Cerebellum	Brain_Cerebellum,Brain_CerebellarHemisphere,Brain_Nucleusaccumbens_basalganglia	4.287,3.465,1.433	2	Brain_CerebellarHemisphere,Brain_Cerebellum	Brain_Cerebellum,Brain_CerebellarHemisphere	4.287,3.465
chr1	13197851	13197982	chr1	13197851	13198130	PRAMEF13	perfect	50	0.01999999999999999	0.14142135623730948	0	1	0	0	1	Testis	Testis,Adipose_Subcutaneous,Adipose_Visceral_Omentum	6.93,-0.141,-0.141	1	Testis	Testis	6.93
chr1	13893665	13893756	chr1	13892791	13893756	KAZN	perfect	50	0.0243646	0.03689318853177124	0	0.21482	0.014075	0.030822499999999996	1	Cells_Culturedfibroblasts	Cells_Culturedfibroblasts,Ovary,Heart_AtrialAppendage	5.162,2.756,1.586	1	Cells_Culturedfibroblasts	Cells_Culturedfibroblasts	5.162
chr1	14180434	14180592	chr1	14180434	14180592	KAZN	perfect	50	0.0243646	0.03689318853177124	0	0.21482	0.014075	0.030822499999999996	1	Cells_Culturedfibroblasts	Cells_Culturedfibroblasts,Ovary,Heart_AtrialAppendage	5.162,2.756,1.586	1	Cells_Culturedfibroblasts	Cells_Culturedfibroblasts	5.162
chr1	14304589	14304655	chr1	14304589	14304663	KAZN	perfect	50	0.009193999999999999	0.027580231385274972	0	0.19149	0.0025700000000000002	0.0077824999999999995	1	Cells_Culturedfibroblasts	Cells_Culturedfibroblasts,SmallIntestine_TerminalIleum,Colon_Transverse	6.61,1.117,0.819	1	Cells_Culturedfibroblasts	Cells_Culturedfibroblasts	6.61
chr1	14924364	14924572	chr1	14924129	14924572	KAZN	perfect	50	0.0963048	0.04939141903659966	0	0.31414	0.08864	0.041190000000000004	1	Esophagus_Mucosa	Esophagus_Mucosa,Testis,Brain_Spinalcord_cervicalc_1	4.41,1.68,1.328	1	Esophagus_Mucosa	Esophagus_Mucosa	4.41
chr1	16019133	16019469	chr1	16019133	16019594	HSPB7	perfect	50	0.034248400000000005	0.08603509624067875	0	0.32916	9.8e-4	0.0101275	3	Cells_EBV_transformedlymphocytes,Kidney_Cortex,Thyroid	Kidney_Cortex,Thyroid,Cells_EBV_transformedlymphocytes	3.428,3.307,3.234	3	Cells_EBV_transformedlymphocytes,Kidney_Cortex,Thyroid	Kidney_Cortex,Thyroid,Cells_EBV_transformedlymphocytes	3.428,3.307,3.234
chr1	16410777	16410852	chr1	16410777	16410915	SPATA21	perfect	50	0.008463800000000002	0.03512672091157955	0	0.21997	0	0	1	Testis	Testis,Brain_Cerebellum,Brain_CerebellarHemisphere	6.021,2.213,2.172	1	Testis	Testis	6.021
chr1	16425099	16425210	chr1	16424903	16425210	SPATA21	perfect	50	0.010319800000000002	0.05597582672466933	0	0.38011	0	0	1	Testis	Testis,Brain_CerebellarHemisphere,Brain_Cerebellum	6.606,1.935,0.124	1	Testis	Testis	6.606
chr1	16425523	16425731	chr1	16425523	16425731	SPATA21	perfect	50	0.010319800000000002	0.05597582672466933	0	0.38011	0	0	1	Testis	Testis,Brain_CerebellarHemisphere,Brain_Cerebellum	6.606,1.935,0.124	1	Testis	Testis	6.606
chr1	16427863	16428015	chr1	16427863	16428015	SPATA21	perfect	50	0.010319800000000002	0.05597582672466933	0	0.38011	0	0	1	Testis	Testis,Brain_CerebellarHemisphere,Brain_Cerebellum	6.606,1.935,0.124	1	Testis	Testis	6.606
chr1	17618353	17618522	chr1	17618315	17618522	ARHGEF10L	perfect	50	0.2463568	0.11585457607584729	0.02642	0.59615	0.24581	0.1351525	1	WholeBlood	WholeBlood,Heart_LeftVentricle,Muscle_Skeletal	3.019,2.321,2.294	1	WholeBlood	WholeBlood	3.019
chr1	19234179	19234188	chr1	19234179	19234308	EMC1	perfect	50	0.014175800000000002	0.03265790175908618	0	0.1731	0	0.00773	1	Cells_Culturedfibroblasts	Cells_Culturedfibroblasts,Brain_CerebellarHemisphere,Brain_Cerebellum	4.866,2.909,2.424	1	Cells_Culturedfibroblasts	Cells_Culturedfibroblasts	4.866
chr1	19327570	19327618	chr1	19327570	19328081	SLC66A1	perfect	50	0.2204388	0.05973366410243088	0.128	0.43604	0.21366000000000002	0.047514999999999974	2	Brain_CerebellarHemisphere,Brain_Cerebellum	Brain_Cerebellum,Brain_CerebellarHemisphere,Ovary	3.609,3.557,1.711	2	Brain_CerebellarHemisphere,Brain_Cerebellum	Brain_Cerebellum,Brain_CerebellarHemisphere	3.609,3.557
chr1	19484189	19484279	chr1	19484189	19484891	CAPZB,MICOS10	perfect	50	0.0176866	0.04478236445025097	6.4e-4	0.32203	0.01077	0.00894	1	Testis	Testis,Pituitary,Brain_CerebellarHemisphere	6.796,0.619,0.395	1	Testis	Testis	6.796
chr1	20892618	20892729	chr1	20892618	20892729	EIF4G3	perfect	50	0.0213582	0.025289478225909996	0.00273	0.12945	0.0133	0.017990000000000003	2	Cells_Culturedfibroblasts,Cells_EBV_transformedlymphocytes	Cells_EBV_transformedlymphocytes,Cells_Culturedfibroblasts,Skin_SunExposed_Lowerleg	4.274,3.625,1.509	2	Cells_Culturedfibroblasts,Cells_EBV_transformedlymphocytes	Cells_EBV_transformedlymphocytes,Cells_Culturedfibroblasts	4.274,3.625
chr1	20941378	20941395	chr1	20941241	20941484	EIF4G3	perfect	50	0.020583	0.029671626331963564	0.00452	0.21576	0.015050000000000001	0.0081875	1	Testis	Testis,WholeBlood,Muscle_Skeletal	6.578,0.819,0.74	1	Testis	Testis	6.578
chr1	21651778	21651822	chr1	21651162	21651903	RAP1GAP	perfect	50	0.0028242000000000007	0.014725925644306121	0	0.10428	0	0.001065	1	Nerve_Tibial	Nerve_Tibial,Brain_Spinalcord_cervicalc_1,Kidney_Cortex	6.89,0.375,0.133	1	Nerve_Tibial	Nerve_Tibial	6.89
chr1	21998150	21998186	chr1	21998150	21998642	CELA3B	perfect	50	0.0125324	0.052153764908417194	0	0.3375	0	0	1	Testis	Testis,Colon_Transverse,SmallIntestine_TerminalIleum	6.231,2.283,1.212	1	Testis	Testis	6.231
chr1	24066106	24066208	chr1	24066106	24066579	MYOM3	perfect	50	0.5558414	0.12009585656177371	0.33333	1	0.515585	0.09843749999999996	2	Cells_EBV_transformedlymphocytes,WholeBlood	Cells_EBV_transformedlymphocytes,WholeBlood,Testis	3.698,3.698,1.694	2	Cells_EBV_transformedlymphocytes,WholeBlood	Cells_EBV_transformedlymphocytes,WholeBlood	3.698,3.698
chr1	25411339	25411439	chr1	25411339	25411478	RHCE	perfect	50	0.1716412	0.21593407754087487	0	1	0.120585	0.272505	1	Vagina	Vagina,Esophagus_Mucosa,Brain_CerebellarHemisphere	3.836,2.035,1.803	1	Vagina	Vagina	3.836
chr1	26362115	26362175	chr1	26362115	26362175	ZNF683	perfect	50	0.006470600000000005	0.034938067211123455	0	0.23094	0	0	1	Testis	Testis,WholeBlood,Adipose_Subcutaneous	6.425,2.465,-0.185	1	Testis	Testis	6.425
chr1	26374277	26374290	chr1	26374277	26374522	ZNF683	perfect	50	0.0034020000000000014	0.02405577269596635	0	0.1701	0	0	1	Testis	Testis,Adipose_Subcutaneous,Adipose_Visceral_Omentum	6.93,-0.141,-0.141	1	Testis	Testis	6.93
chr1	27730231	27730333	chr1	27730231	27730333	FAM76A	perfect	50	0.0550848	0.03879554257164825	0	0.27644	0.05605	0.0331175	1	Testis	Testis,Bladder,Vagina	5.706,1.084,0.878	1	Testis	Testis	5.706
chr1	28530573	28530615	chr1	28530522	28530615	RCC1	perfect	50	0.0532138	0.04651115314521839	0	0.28102	0.053595000000000004	0.046020000000000005	1	Testis	Testis,Artery_Tibial,Adipose_Subcutaneous	4.898,1.093,1.036	1	Testis	Testis	4.898
chr1	28623945	28624017	chr1	28623941	28624126	TAF12	perfect	50	0.009203000000000001	0.04773316530891453	0	0.32277	0	0	1	Muscle_Skeletal	Muscle_Skeletal,Heart_LeftVentricle,Heart_AtrialAppendage	6.569,1.951,0.542	1	Muscle_Skeletal	Muscle_Skeletal	6.569
chr1	29068732	29068768	chr1	29068732	29068783	EPB41	perfect	50	0.029690400000000002	0.026487038567601942	0	0.10924	0.026605	0.0276225	1	Brain_FrontalCortex_BA9	Brain_FrontalCortex_BA9,Brain_Caudate_basalganglia,Brain_Cortex	3.003,2.169,2.005	1	Brain_FrontalCortex_BA9	Brain_FrontalCortex_BA9	3.003
chr1	31318194	31318236	chr1	31318166	31318236	ZCCHC17	perfect	50	0.0787968	0.04927411256575665	0.00347	0.27961	0.073425	0.04923500000000001	1	Testis	Testis,Brain_Putamen_basalganglia,Brain_Caudate_basalganglia	4.075,1.704,1.573	1	Testis	Testis	4.075
chr1	32765769	32765827	chr1	32765633	32765827	NHSL3	perfect	50	0.0311654	0.08048243535615174	0	0.43861	0	0.0021674999999999997	1	Testis	Testis,WholeBlood,Spleen	5.063,2.719,1.881	1	Testis	Testis	5.063
chr1	33605862	33605988	chr1	33605862	33605988	CSMD2	perfect	50	0.0904944	0.12155321416615215	0	0.5	0	0.1707875	1	Ovary	Ovary,Esophagus_Mucosa,Uterus	3.369,1.998,1.998	1	Ovary	Ovary	3.369
chr1	35720893	35720980	chr1	35720217	35720980	CLSPN	perfect	50	0.037918999999999994	0.06862117357088039	0	0.2892	0	0.0576275	1	Cells_EBV_transformedlymphocytes	Cells_EBV_transformedlymphocytes,Testis,Cells_Culturedfibroblasts	3.662,2.626,2.565	1	Cells_EBV_transformedlymphocytes	Cells_EBV_transformedlymphocytes	3.662
chr1	35982620	35982649	chr1	35982620	35983409	AGO3	perfect	50	0.0937748	0.04491456584972616	0.04348	0.32137	0.082995	0.04539749999999999	1	Testis	Testis,Pancreas,Cells_EBV_transformedlymphocytes	5.067,2.543,1.412	1	Testis	Testis	5.067
chr1	39410265	39413982	chr1	39409502	39414477	MACF1	perfect	50	0.011138	0.01665556179705477	0.00171	0.12125	0.00831	0.004919999999999999	1	Cells_Culturedfibroblasts	Cells_Culturedfibroblasts,Muscle_Skeletal,Nerve_Tibial	6.611,0.767,0.73	1	Cells_Culturedfibroblasts	Cells_Culturedfibroblasts	6.611
chr1	39413982	39414477	chr1	39409502	39414477	MACF1	perfect	50	0.053252	0.03862277566410783	0.01027	0.28608	0.04782	0.029360000000000004	1	Cells_Culturedfibroblasts	Cells_Culturedfibroblasts,Muscle_Skeletal,Pancreas	6.028,1.082,0.665	1	Cells_Culturedfibroblasts	Cells_Culturedfibroblasts	6.028
chr1	39436481	39436490	chr1	39436481	39436490	MACF1	perfect	50	0.0796174	0.03010278214886526	0.02226	0.24088	0.07877999999999999	0.02720249999999999	1	Cells_Culturedfibroblasts	Cells_Culturedfibroblasts,Cells_EBV_transformedlymphocytes,MinorSalivaryGland	5.357,1.913,0.787	1	Cells_Culturedfibroblasts	Cells_Culturedfibroblasts	5.357
chr1	39575631	39575686	chr1	39575631	39575686	PABPC4	perfect	50	0.0684668	0.03467664828800206	0.0186	0.23471	0.06565	0.03051749999999999	1	Cells_Culturedfibroblasts	Cells_Culturedfibroblasts,Cells_EBV_transformedlymphocytes,Pancreas	4.794,2.072,1.778	1	Cells_Culturedfibroblasts	Cells_Culturedfibroblasts	4.794
chr1	40544396	40544415	chr1	40544396	40545037	ZNF684	perfect	50	0.11100120000000001	0.08922673408839768	0	0.43972	0.08997	0.0480675	3	Heart_AtrialAppendage,Heart_LeftVentricle,Muscle_Skeletal	Muscle_Skeletal,Heart_AtrialAppendage,Heart_LeftVentricle	3.684,3.343,3.103	3	Heart_AtrialAppendage,Heart_LeftVentricle,Muscle_Skeletal	Muscle_Skeletal,Heart_AtrialAppendage,Heart_LeftVentricle	3.684,3.343,3.103
chr1	40544415	40544456	chr1	40544396	40545037	ZNF684	perfect	50	0.1122128	0.09330141106267212	0	0.43972	0.08997	0.0480675	3	Heart_AtrialAppendage,Heart_LeftVentricle,Muscle_Skeletal	Muscle_Skeletal,Heart_AtrialAppendage,Heart_LeftVentricle	3.51,3.455,3.333	3	Heart_AtrialAppendage,Heart_LeftVentricle,Muscle_Skeletal	Muscle_Skeletal,Heart_AtrialAppendage,Heart_LeftVentricle	3.51,3.455,3.333
chr1	40544456	40544515	chr1	40544396	40545037	ZNF684	perfect	50	0.11100120000000001	0.08922673408839768	0	0.43972	0.08997	0.0480675	3	Heart_AtrialAppendage,Heart_LeftVentricle,Muscle_Skeletal	Muscle_Skeletal,Heart_AtrialAppendage,Heart_LeftVentricle	3.684,3.343,3.103	3	Heart_AtrialAppendage,Heart_LeftVentricle,Muscle_Skeletal	Muscle_Skeletal,Heart_AtrialAppendage,Heart_LeftVentricle	3.684,3.343,3.103
chr1	41159724	41159730	chr1	41159724	41159933	SCMH1	perfect	50	0.0860294	0.042283711989756216	0	0.27887	0.07391	0.03949500000000001	1	Muscle_Skeletal	Muscle_Skeletal,Brain_CerebellarHemisphere,Brain_Cerebellum	4.561,2.22,1.995	1	Muscle_Skeletal	Muscle_Skeletal	4.561
chr1	42951819	42951930	chr1	42951615	42952016	SLC2A1	perfect	50	0.006008799999999999	0.023900795532827788	0	0.16536	0	0.003005	1	WholeBlood	WholeBlood,Spleen,Cells_EBV_transformedlymphocytes	6.667,1.335,0.736	1	WholeBlood	WholeBlood	6.667
chr1	43145248	43145297	chr1	43145152	43145297	CFAP144	perfect	50	0.03831279999999999	0.09118929081502355	0	0.32192	0	0	1	Esophagus_Mucosa	Esophagus_Mucosa,Skin_SunExposed_Lowerleg,MinorSalivaryGland	3.11,2.971,2.556	1	Esophagus_Mucosa	Esophagus_Mucosa	3.11
chr1	43911166	43911241	chr1	43911166	43911243	ST3GAL3	perfect	50	0.038461	0.030420968013821634	0.00146	0.14003	0.03491	0.039065	1	Cells_EBV_transformedlymphocytes	Cells_EBV_transformedlymphocytes,Esophagus_Mucosa,Lung	3.339,2.071,1.621	1	Cells_EBV_transformedlymphocytes	Cells_EBV_transformedlymphocytes	3.339
chr1	44017046	44017133	chr1	44017046	44017340	SLC6A9	perfect	50	0.019678400000000006	0.0408641273430647	0	0.20234	0	0.0124575	1	Brain_Spinalcord_cervicalc_1	Brain_Spinalcord_cervicalc_1,Brain_Substantianigra,Brain_Hippocampus	4.47,2.399,1.911	1	Brain_Spinalcord_cervicalc_1	Brain_Spinalcord_cervicalc_1	4.47
chr1	44241925	44242080	chr1	44241914	44242080	ERI3	perfect	50	0.0420542	0.03126386700264674	0.01134	0.24325	0.036835	0.012232499999999993	1	Testis	Testis,WholeBlood,Liver	6.435,1.028,0.799	1	Testis	Testis	6.435
chr1	44283985	44284069	chr1	44283985	44284069	ERI3	perfect	50	0.0794696	0.08193703007673586	0	0.35905	0.060950000000000004	0.12755000000000002	1	WholeBlood	WholeBlood,Cells_EBV_transformedlymphocytes,Pancreas	3.412,2.067,1.794	1	WholeBlood	WholeBlood	3.412
chr1	44322724	44322868	chr1	44322724	44323043	ERI3	perfect	50	0.0283802	0.03535535600044734	0	0.14121	0.020354999999999998	0.0368725	1	Prostate	Prostate,Kidney_Cortex,Spleen	3.191,2.878,2.34	1	Prostate	Prostate	3.191
chr1	44746756	44746759	chr1	44746405	44746759	KIF2C	perfect	50	0.014920399999999992	0.10550316018015764	0	0.74602	0	0	1	Testis	Testis,Adipose_Subcutaneous,Adipose_Visceral_Omentum	6.93,-0.141,-0.141	1	Testis	Testis	6.93
chr1	44820691	44820704	chr1	44819153	44820704	PTCH2,RNU5E-6P	perfect	50	0.0352478	0.031506220784512526	0	0.14286	0.027549999999999998	0.020059999999999998	2	Cells_Culturedfibroblasts,Cells_EBV_transformedlymphocytes	Cells_EBV_transformedlymphocytes,Cells_Culturedfibroblasts,Adipose_Visceral_Omentum	3.416,3.113,2.718	2	Cells_Culturedfibroblasts,Cells_EBV_transformedlymphocytes	Cells_EBV_transformedlymphocytes,Cells_Culturedfibroblasts	3.416,3.113
chr1	44821841	44821904	chr1	44821841	44821904	PTCH2	perfect	50	0.035162	0.031524711395529516	0	0.14286	0.027549999999999998	0.019525000000000004	2	Cells_Culturedfibroblasts,Cells_EBV_transformedlymphocytes	Cells_EBV_transformedlymphocytes,Cells_Culturedfibroblasts,Adipose_Visceral_Omentum	3.416,3.114,2.719	2	Cells_Culturedfibroblasts,Cells_EBV_transformedlymphocytes	Cells_EBV_transformedlymphocytes,Cells_Culturedfibroblasts	3.416,3.114
chr1	46341843	46343392	chr1	46341186	46344294	NSUN4	perfect	50	0.0360748	0.0386073185533203	0.01004	0.28829	0.03077	0.015224999999999999	1	Testis	Testis,Brain_Cerebellum,Brain_CerebellarHemisphere	6.533,0.971,0.872	1	Testis	Testis	6.533
chr1	46343392	46343799	chr1	46341186	46344294	NSUN4	perfect	50	0.0739554	0.06347060027143533	0.0301	0.49811	0.06498999999999999	0.02687499999999999	1	Testis	Testis,Pituitary,Colon_Sigmoid	6.683,0.339,0.339	1	Testis	Testis	6.683
chr1	48818205	48818222	chr1	48817506	48818222	AGBL4	perfect	50	0.0027133999999999986	0.015781952701146473	0	0.10888	0	0	1	Testis	Testis,Pituitary,Adipose_Subcutaneous	6.727,1.526,-0.172	1	Testis	Testis	6.727
chr1	50106276	50106393	chr1	50106264	50106393	ELAVL4	perfect	50	0.003997800000000002	0.02761008461798415	0	0.1953	0	0	1	Testis	Testis,Brain_Hypothalamus,Brain_FrontalCortex_BA9	6.929,-0.058,-0.065	1	Testis	Testis	6.929
chr1	50179543	50179573	chr1	50179543	50181300	ELAVL4	perfect	50	0.07687659999999999	0.13264035075114872	0	0.52381	0	0.08973999999999999	1	Pancreas	Pancreas,Pituitary,Heart_AtrialAppendage	3.37,2.929,2.436	1	Pancreas	Pancreas	3.37
chr1	51322117	51322161	chr1	51321998	51322268	TTC39A	perfect	50	0.011405999999999987	0.08065259946213761	0	0.5703	0	0	1	Testis	Testis,Adipose_Subcutaneous,Adipose_Visceral_Omentum	6.93,-0.141,-0.141	1	Testis	Testis	6.93
chr1	51344990	51345043	chr1	51344990	51345116	TTC39A	perfect	50	0.05400339999999999	0.11707272471364776	0	0.50353	0	0	2	Skin_NotSunExposed_Suprapubic,Skin_SunExposed_Lowerleg	Skin_SunExposed_Lowerleg,Skin_NotSunExposed_Suprapubic,Esophagus_Mucosa	3.84,3.509,2.074	2	Skin_NotSunExposed_Suprapubic,Skin_SunExposed_Lowerleg	Skin_SunExposed_Lowerleg,Skin_NotSunExposed_Suprapubic	3.84,3.509
chr1	51729974	51730001	chr1	51729807	51730124	OSBPL9	perfect	50	0.0369908	0.03361628394522087	0	0.2089	0.030265	0.021687500000000002	1	Cells_EBV_transformedlymphocytes	Cells_EBV_transformedlymphocytes,AdrenalGland,Pancreas	5.114,1.658,1.452	1	Cells_EBV_transformedlymphocytes	Cells_EBV_transformedlymphocytes	5.114
chr1	51740142	51740211	chr1	51740142	51740211	OSBPL9	perfect	50	0.0790932	0.07632293611560106	0	0.48722	0.06972	0.05847499999999999	1	Muscle_Skeletal	Muscle_Skeletal,Brain_CerebellarHemisphere,Brain_Cerebellum	5.347,1.752,1.66	1	Muscle_Skeletal	Muscle_Skeletal	5.347
chr1	51836368	51836438	chr1	51836343	51836483	MIR761,NRDC	perfect	50	0.0238054	0.023142248335025702	0.00917	0.1352	0.018935	0.0055600000000000024	2	Muscle_Skeletal,Testis	Muscle_Skeletal,Testis,Cells_EBV_transformedlymphocytes	4.813,4.446,1.103	2	Muscle_Skeletal,Testis	Muscle_Skeletal,Testis	4.813,4.446
chr1	51837486	51837620	chr1	51837455	51837620	NRDC	perfect	50	0.0238054	0.023142248335025702	0.00917	0.1352	0.018935	0.0055600000000000024	2	Muscle_Skeletal,Testis	Muscle_Skeletal,Testis,Cells_EBV_transformedlymphocytes	4.813,4.446,1.103	2	Muscle_Skeletal,Testis	Muscle_Skeletal,Testis	4.813,4.446
chr1	52408344	52408460	chr1	52408281	52408460	TUT4	perfect	50	0.0564134	0.03349439030765648	0.00275	0.16836	0.05169	0.04789750000000001	1	WholeBlood	WholeBlood,Brain_Nucleusaccumbens_basalganglia,Brain_Putamen_basalganglia	3.342,1.374,1.331	1	WholeBlood	WholeBlood	3.342
chr1	52993257	52993274	chr1	52993200	52996026	RRAS2P1,SCP2,TUBBP10	perfect	50	0.0327182	0.060009988953880815	0	0.25882	0.00312	0.035512499999999995	2	Brain_CerebellarHemisphere,Brain_Cerebellum	Brain_CerebellarHemisphere,Brain_Cerebellum,Brain_FrontalCortex_BA9	3.768,3.243,2.624	2	Brain_CerebellarHemisphere,Brain_Cerebellum	Brain_CerebellarHemisphere,Brain_Cerebellum	3.768,3.243
chr1	54048649	54048682	chr1	54048649	54048682	TMEM59	perfect	50	0.102404	0.023991216675088	0.04473	0.19245	0.09590499999999999	0.025377499999999997	1	Brain_CerebellarHemisphere	Brain_CerebellarHemisphere,Brain_Cerebellum,Ovary	3.753,1.928,1.695	1	Brain_CerebellarHemisphere	Brain_CerebellarHemisphere	3.753
chr1	54784729	54784876	chr1	54784550	54785644	TTC22	perfect	50	0.010405199999999998	0.020260963899144797	0	0.10092	0	0.015885	1	Testis	Testis,Brain_Putamen_basalganglia,Brain_Caudate_basalganglia	4.467,2.571,2.182	1	Testis	Testis	4.467
chr1	54841615	54841673	chr1	54841615	54841702	CIMAP2	perfect	50	0.02987860000000001	0.089857492731774	0	0.47861	0	0	1	Testis	Testis,Esophagus_Mucosa,SmallIntestine_TerminalIleum	4.994,2.545,1.986	1	Testis	Testis	4.994
chr1	55071436	55071490	chr1	55071267	55071490	USP24	perfect	50	0.049447399999999996	0.03047602020257493	0.0169	0.16756	0.044175	0.023404999999999995	2	Liver,WholeBlood	Liver,WholeBlood,Cells_EBV_transformedlymphocytes	3.876,3.463,2.03	2	Liver,WholeBlood	Liver,WholeBlood	3.876,3.463
chr1	56959528	56959591	chr1	56959528	56959657	C8B	perfect	50	0.0027218000000000016	0.019246032370335467	0	0.13609	0	0	1	Liver	Liver,Adipose_Subcutaneous,Adipose_Visceral_Omentum	6.93,-0.141,-0.141	1	Liver	Liver	6.93
chr1	57033385	57033433	chr1	57033385	57033433	DAB1	perfect	50	0.012809800000000001	0.05150523759734719	0	0.31579	0	0	2	Cells_Culturedfibroblasts,SmallIntestine_TerminalIleum	Cells_Culturedfibroblasts,SmallIntestine_TerminalIleum,Nerve_Tibial	5.883,3.168,0.888	2	Cells_Culturedfibroblasts,SmallIntestine_TerminalIleum	Cells_Culturedfibroblasts,SmallIntestine_TerminalIleum	5.883,3.168
chr1	57033522	57033573	chr1	57033522	57033573	DAB1	perfect	50	0.012809800000000001	0.05150523759734719	0	0.31579	0	0	2	Cells_Culturedfibroblasts,SmallIntestine_TerminalIleum	Cells_Culturedfibroblasts,SmallIntestine_TerminalIleum,Nerve_Tibial	5.883,3.168,0.888	2	Cells_Culturedfibroblasts,SmallIntestine_TerminalIleum	Cells_Culturedfibroblasts,SmallIntestine_TerminalIleum	5.883,3.168
chr1	59641279	59641351	chr1	59641279	59641351	FGGY	perfect	50	0.0465342	0.015987295094823877	0.01871	0.12287	0.045365	0.015059999999999997	1	Cells_EBV_transformedlymphocytes	Cells_EBV_transformedlymphocytes,Cells_Culturedfibroblasts,AdrenalGland	4.775,2.541,0.98	1	Cells_EBV_transformedlymphocytes	Cells_EBV_transformedlymphocytes	4.775
chr1	61991481	61991514	chr1	61991481	61991779	PATJ	perfect	50	0.062368	0.025185565674952528	0.01509	0.17287	0.058804999999999996	0.03217500000000001	1	Testis	Testis,Nerve_Tibial,Adipose_Subcutaneous	4.388,1.392,1.277	1	Testis	Testis	4.388
chr1	62100318	62100408	chr1	62100318	62100408	PATJ	perfect	50	0.0190566	0.02264111905091157	0	0.12749	0.01705	0.0205125	2	Muscle_Skeletal,Testis	Muscle_Skeletal,Testis,Heart_AtrialAppendage	4.789,3.504,1.081	1	Muscle_Skeletal	Muscle_Skeletal	4.789
chr1	62543285	62543321	chr1	62543285	62543321	DOCK7	perfect	50	0.48755	0.06154025707466883	0.29747	0.69231	0.484655	0.06302500000000011	1	WholeBlood	WholeBlood,SmallIntestine_TerminalIleum,Esophagus_Mucosa	3.327,1.145,1.098	1	WholeBlood	WholeBlood	3.327
chr1	64244129	64244130	chr1	64244129	64244344	UBE2U	perfect	50	0.041396	0.19790693541590273	0	1	0	0	2	Pancreas,Stomach	Pancreas,Stomach,Testis	4.844,4.844,0.144	2	Pancreas,Stomach	Pancreas,Stomach	4.844,4.844
chr1	65254534	65254649	chr1	65254461	65254649	DNAJC6	perfect	50	0.049365799999999994	0.0421120008631017	0	0.2	0.040870000000000004	0.05802000000000001	1	Cells_EBV_transformedlymphocytes	Cells_EBV_transformedlymphocytes,Cells_Culturedfibroblasts,Bladder	3.577,2.024,1.521	1	Cells_EBV_transformedlymphocytes	Cells_EBV_transformedlymphocytes	3.577
chr1	65630201	65630402	chr1	65630201	65630422	LEPR	perfect	50	0.0568048	0.046710575136161836	0	0.22222	0.04191	0.0228725	1	WholeBlood	WholeBlood,Cells_EBV_transformedlymphocytes,Liver	3.541,2.982,2.855	1	WholeBlood	WholeBlood	3.541
chr1	65992906	65993142	chr1	65992421	65993142	PDE4B	perfect	50	0.05586560000000001	0.09341898561921146	0	0.41059	0	0.0908125	1	Brain_Spinalcord_cervicalc_1	Brain_Spinalcord_cervicalc_1,Brain_Hippocampus,Brain_Substantianigra	3.797,2.055,1.794	1	Brain_Spinalcord_cervicalc_1	Brain_Spinalcord_cervicalc_1	3.797
chr1	66634079	66634163	chr1	66634079	66634163	SGIP1	perfect	50	0.019184200000000002	0.030280794148187365	0	0.12091	0.005465	0.023254999999999998	1	Artery_Tibial	Artery_Tibial,Artery_Aorta,Esophagus_Muscularis	3.359,2.955,2.49	1	Artery_Tibial	Artery_Tibial	3.359
chr1	69716217	69716218	chr1	69716141	69716218	LRRC7	perfect	50	0.106242	0.06772982799328521	0	0.34021	0.11596000000000001	0.07084750000000002	1	Heart_AtrialAppendage	Heart_AtrialAppendage,Muscle_Skeletal,Nerve_Tibial	3.454,1.486,1.296	1	Heart_AtrialAppendage	Heart_AtrialAppendage	3.454
chr1	70852841	70852859	chr1	70852352	70852859	PTGER3	perfect	50	0.1442026	0.13726065889706762	0	0.69072	0.15773	0.2344125	1	Testis	Testis,Uterus,Artery_Aorta	3.982,1.417,1.347	1	Testis	Testis	3.982
chr1	70953762	70953785	chr1	70953762	70953789	PTGER3	perfect	50	0.08694539999999999	0.11041618602157485	0	0.69072	0.096475	0.13652750000000002	1	Testis	Testis,Skin_SunExposed_Lowerleg,Skin_NotSunExposed_Suprapubic	5.468,1.146,0.921	1	Testis	Testis	5.468
chr1	70953785	70953789	chr1	70953762	70953789	PTGER3	perfect	50	0.1317794	0.13348981308546295	0	0.69072	0.15237	0.2202175	1	Testis	Testis,Artery_Aorta,Skin_SunExposed_Lowerleg	4.187,1.212,1.117	1	Testis	Testis	4.187
chr1	74239955	74239956	chr1	74239955	74240683	FPGT-TNNI3K	perfect	50	0.0620322	0.06222405802502793	0	0.29412	0.055335	0.08408750000000001	2	Cells_Culturedfibroblasts,Cells_EBV_transformedlymphocytes	Cells_EBV_transformedlymphocytes,Cells_Culturedfibroblasts,Testis	3.73,3.021,1.724	2	Cells_Culturedfibroblasts,Cells_EBV_transformedlymphocytes	Cells_EBV_transformedlymphocytes,Cells_Culturedfibroblasts	3.73,3.021
chr1	74634664	74634676	chr1	74634664	74634855	ERICH3	perfect	50	0.0683618	0.12492814958174306	0	0.63072	0.006545	0.044774999999999995	1	Testis	Testis,Cells_EBV_transformedlymphocytes,Nerve_Tibial	4.501,2.566,1.559	1	Testis	Testis	4.501
chr1	75130714	75130732	chr1	75129973	75131953	LHX8,LHX8-AS1	perfect	50	0.012455799999999994	0.0698317066484027	0	0.49007	0	0	1	Testis	Testis,MinorSalivaryGland,Brain_Caudate_basalganglia	6.84,0.737,0.406	1	Testis	Testis	6.84
chr1	77745420	77745462	chr1	77745420	77745638	USP33	perfect	50	0.2260052	0.049001545300081294	0.13211	0.3993	0.218045	0.04023750000000001	1	Muscle_Skeletal	Muscle_Skeletal,Cells_Culturedfibroblasts,Cells_EBV_transformedlymphocytes	3.537,2.866,2.629	1	Muscle_Skeletal	Muscle_Skeletal	3.537
chr1	77868247	77868439	chr1	77868247	77868636	MIGA1	perfect	50	0.0608632	0.08558355500626394	0.01306	0.49769	0.036254999999999996	0.031947500000000004	2	Testis,WholeBlood	Testis,WholeBlood,Cells_EBV_transformedlymphocytes	5.104,3.74,1.604	2	Testis,WholeBlood	Testis,WholeBlood	5.104,3.74
chr1	78497873	78497944	chr1	78497873	78497944	PTGFR	perfect	50	0.009067799999999999	0.023099052837724773	0	0.1259	0	0	1	Cells_Culturedfibroblasts	Cells_Culturedfibroblasts,Bladder,Uterus	5.058,2.382,2.173	1	Cells_Culturedfibroblasts	Cells_Culturedfibroblasts	5.058
chr1	84164412	84164422	chr1	84164302	84164422	PRKACB	perfect	50	0.3130348	0.1165059299049641	0	0.70473	0.319685	0.08553000000000005	1	Brain_CerebellarHemisphere	Brain_CerebellarHemisphere,Brain_Cerebellum,Pituitary	3.362,2.68,1.978	1	Brain_CerebellarHemisphere	Brain_CerebellarHemisphere	3.362
chr1	84173328	84173352	chr1	84173328	84173352	PRKACB	perfect	50	0.08863159999999999	0.11504492571200883	0.00511	0.43963	0.025140000000000003	0.1020225	1	Brain_CerebellarHemisphere	Brain_CerebellarHemisphere,Brain_FrontalCortex_BA9,Brain_Anteriorcingulatecortex_BA24	3.051,2.261,1.983	1	Brain_CerebellarHemisphere	Brain_CerebellarHemisphere	3.051
chr1	84175032	84175056	chr1	84175032	84175056	PRKACB	perfect	50	0.08901680000000001	0.11585706268167031	0.00511	0.44737	0.025140000000000003	0.1028825	1	Brain_CerebellarHemisphere	Brain_CerebellarHemisphere,Brain_FrontalCortex_BA9,Brain_Cerebellum	3.093,2.25,1.996	1	Brain_CerebellarHemisphere	Brain_CerebellarHemisphere	3.093
chr1	84204481	84204487	chr1	84204478	84205439	PRKACB	perfect	50	0.0769276	0.04318510143509199	0.01914	0.2391	0.074255	0.0515425	1	Testis	Testis,Brain_Spinalcord_cervicalc_1,Skin_SunExposed_Lowerleg	3.755,2.678,1.581	1	Testis	Testis	3.755
chr1	84298557	84298567	chr1	84298048	84298567	ENSG00000294213,SAMD13	perfect	50	0.0385762	0.08474135158786865	0	0.41026	0	0	1	Cells_Culturedfibroblasts	Cells_Culturedfibroblasts,Bladder,Breast_MammaryTissue	4.386,2.253,1.905	1	Cells_Culturedfibroblasts	Cells_Culturedfibroblasts	4.386
chr1	85257445	85257471	chr1	85257442	85257471	C1orf52	perfect	50	0.2159684	0.0685324493485698	0.10602	0.48836	0.19854	0.069805	1	Testis	Testis,Muscle_Skeletal,Cells_EBV_transformedlymphocytes	3.975,2.264,2.231	1	Testis	Testis	3.975
chr1	86368635	86368722	chr1	86368635	86368722	ODF2L	perfect	50	0.1251082	0.0304378457154234	0.07261	0.21755	0.12401	0.044170000000000015	1	Brain_CerebellarHemisphere	Brain_CerebellarHemisphere,Brain_Cerebellum,Brain_Caudate_basalganglia	3.037,1.97,1.433	1	Brain_CerebellarHemisphere	Brain_CerebellarHemisphere	3.037
chr1	86993081	86993127	chr1	86993008	86993127	ENSG00000267561	perfect	50	0.08	0.2740475156178698	0	1	0	0	4	AdrenalGland,Cells_EBV_transformedlymphocytes,Liver,Testis	AdrenalGland,Cells_EBV_transformedlymphocytes,Liver	3.357,3.357,3.357	4	AdrenalGland,Cells_EBV_transformedlymphocytes,Liver,Testis	AdrenalGland,Cells_EBV_transformedlymphocytes,Liver	3.357,3.357,3.357
chr1	87133613	87133718	chr1	87131954	87136669	ENSG00000267561,LINC01140	perfect	50	0.08	0.2740475156178698	0	1	0	0	4	AdrenalGland,Cells_EBV_transformedlymphocytes,Liver,Testis	AdrenalGland,Cells_EBV_transformedlymphocytes,Liver	3.357,3.357,3.357	4	AdrenalGland,Cells_EBV_transformedlymphocytes,Liver,Testis	AdrenalGland,Cells_EBV_transformedlymphocytes,Liver	3.357,3.357,3.357
chr1	87168135	87168173	chr1	87168135	87169204	ENSG00000267561,LINC01140	perfect	50	0.08	0.2740475156178698	0	1	0	0	4	AdrenalGland,Cells_EBV_transformedlymphocytes,Liver,Testis	AdrenalGland,Cells_EBV_transformedlymphocytes,Liver	3.357,3.357,3.357	4	AdrenalGland,Cells_EBV_transformedlymphocytes,Liver,Testis	AdrenalGland,Cells_EBV_transformedlymphocytes,Liver	3.357,3.357,3.357
chr1	89588312	89588366	chr1	89587902	89589542	LRRC8B,LRRC8C-DT	perfect	50	0.018600000000000002	0.09915735091669364	0	0.68457	0	0	1	Testis	Testis,Cells_Culturedfibroblasts,Cells_EBV_transformedlymphocytes	6.716,1.178,0.922	1	Testis	Testis	6.716
chr1	93613846	93613930	chr1	93613846	93614097	BCAR3	perfect	50	0.11559180000000001	0.10917606190283767	0	0.54592	0.080735	0.08638000000000001	1	Muscle_Skeletal	Muscle_Skeletal,Artery_Tibial,Liver	3.942,2.965,1.807	1	Muscle_Skeletal	Muscle_Skeletal	3.942
chr1	94472172	94472242	chr1	94472172	94472242	ABCD3	perfect	50	0.014260999999999996	0.06272569360122772	0	0.37058	0	0	2	Heart_LeftVentricle,Muscle_Skeletal	Muscle_Skeletal,Heart_LeftVentricle,Heart_AtrialAppendage	5.681,3.448,1.553	2	Heart_LeftVentricle,Muscle_Skeletal	Muscle_Skeletal,Heart_LeftVentricle	5.681,3.448
chr1	100351756	100351808	chr1	100351697	100351808	CDC14A	perfect	50	0.0090866	0.06425196477929683	0	0.45433	0	0	1	Testis	Testis,Adipose_Subcutaneous,Adipose_Visceral_Omentum	6.93,-0.141,-0.141	1	Testis	Testis	6.93
chr1	101846844	101846973	chr1	101846844	101846973	OLFM3	perfect	50	0.032580399999999995	0.05837797494792367	0	0.2475	0	0.05326	1	Brain_Hypothalamus	Brain_Hypothalamus,Esophagus_GastroesophagealJunction,Brain_FrontalCortex_BA9	3.682,2.868,1.955	1	Brain_Hypothalamus	Brain_Hypothalamus	3.682
chr1	108192495	108192621	chr1	108192495	108192818	SLC25A24	perfect	50	0.3508768	0.07187597913980805	0.19417	0.7732	0.35538000000000003	0.04138000000000003	1	Testis	Testis,Liver,Colon_Sigmoid	5.876,0.915,0.54	1	Testis	Testis	5.876
chr1	109113632	109113677	chr1	109113174	109113992	CFAP276,ELAPOR1	perfect	50	0.009953799999999997	0.03568553928185386	0	0.24093	0	0	1	Testis	Testis,Pituitary,Brain_FrontalCortex_BA9	6.473,1.419,0.91	1	Testis	Testis	6.473
chr1	109665010	109665028	chr1	109665010	109665496	GSTM4	perfect	50	0.2244092	0.05546783185572976	0.12893	0.39327	0.22956	0.06961250000000002	1	Brain_Cerebellum	Brain_Cerebellum,Brain_CerebellarHemisphere,Ovary	3.044,2.992,1.267	1	Brain_Cerebellum	Brain_Cerebellum	3.044
chr1	111204295	111204353	chr1	111204145	111204535	DENND2D	perfect	50	0.3075366	0.0734658096129188	0.13514	0.5641	0.29291	0.07364250000000006	1	Cells_Culturedfibroblasts	Cells_Culturedfibroblasts,Brain_Cerebellum,Testis	3.492,2.232,1.842	1	Cells_Culturedfibroblasts	Cells_Culturedfibroblasts	3.492
chr1	111563845	111563934	chr1	111563845	111563962	TMIGD3	perfect	50	0.021196599999999993	0.12089923717471739	0	0.84353	0	0	1	Testis	Testis,Artery_Tibial,WholeBlood	6.802,1.145,0.096	1	Testis	Testis	6.802
chr1	111563934	111563952	chr1	111563845	111563962	TMIGD3	perfect	50	0.018509199999999996	0.1023115455180192	0	0.70916	0	0	1	Testis	Testis,Artery_Tibial,WholeBlood	6.75,1.38,0.14	1	Testis	Testis	6.75
chr1	111764401	111764409	chr1	111764401	111764450	DDX20	perfect	50	0.0210374	0.03696112131714089	0	0.13389	0	0.02877	2	Muscle_Skeletal,Testis	Muscle_Skeletal,Testis,Artery_Tibial	3.053,3.036,2.589	2	Muscle_Skeletal,Testis	Muscle_Skeletal,Testis	3.053,3.036
chr1	112467537	112467591	chr1	112466540	112467591	WNT2B	perfect	50	0.319714	0.15019196909153246	0.11351	0.83333	0.29939	0.15628749999999994	1	WholeBlood	WholeBlood,Liver,Brain_CerebellarHemisphere	3.42,2.437,2	1	WholeBlood	WholeBlood	3.42
chr1	112491010	112491081	chr1	112491010	112491081	WNT2B	perfect	50	0.319714	0.15019196909153246	0.11351	0.83333	0.29939	0.15628749999999994	1	WholeBlood	WholeBlood,Liver,Brain_CerebellarHemisphere	3.42,2.437,2	1	WholeBlood	WholeBlood	3.42
chr1	114420379	114420451	chr1	114420379	114420451	TRIM33	perfect	50	0.018591599999999996	0.03795783081047618	0	0.24347	0.009389999999999999	0.0156325	1	Testis	Testis,Cells_EBV_transformedlymphocytes,Cells_Culturedfibroblasts	5.924,2.343,1.978	1	Testis	Testis	5.924
chr1	114741526	114741664	chr1	114741526	114741701	CSDE1	perfect	50	0.025041	0.07517127043611539	0	0.47252	0.003365	0.013989999999999999	1	Muscle_Skeletal	Muscle_Skeletal,Heart_LeftVentricle,Heart_AtrialAppendage	5.953,2.486,2.009	1	Muscle_Skeletal	Muscle_Skeletal	5.953
chr1	116410134	116410153	chr1	116409776	116410261	ATP1A1,ATP1A1-AS1	perfect	50	0.015182600000000003	0.04400369923271525	0	0.23952	0	0.0050774999999999995	2	Pancreas,WholeBlood	WholeBlood,Pancreas,Testis	5.098,3.802,1.169	2	Pancreas,WholeBlood	WholeBlood,Pancreas	5.098,3.802
chr1	117121798	117121864	chr1	117121798	117122587	TRIM45	perfect	50	0.003537599999999999	0.01699309206106759	0	0.118	0	0	1	Testis	Testis,Muscle_Skeletal,Pituitary	6.736,1.145,0.357	1	Testis	Testis	6.736
chr1	117173186	117173227	chr1	117173186	117173266	VTCN1	perfect	50	0.016488600000000006	0.11659200872272509	0	0.82443	0	0	1	Testis	Testis,Adipose_Subcutaneous,Adipose_Visceral_Omentum	6.93,-0.141,-0.141	1	Testis	Testis	6.93
chr1	119380692	119380723	chr1	119380441	119380723	HAO2	perfect	50	0.05181779999999998	0.19164623086631605	0	1	0	0	2	Skin_NotSunExposed_Suprapubic,Skin_SunExposed_Lowerleg	Skin_SunExposed_Lowerleg,Skin_NotSunExposed_Suprapubic,Liver	4.948,3.716,2.226	2	Skin_NotSunExposed_Suprapubic,Skin_SunExposed_Lowerleg	Skin_SunExposed_Lowerleg,Skin_NotSunExposed_Suprapubic	4.948,3.716
chr1	121185317	121185469	chr1	121185317	121185539	FAM72B,SRGAP2C	perfect	50	0.0075538	0.02451697819795872	0	0.12632	0	0	1	Skin_NotSunExposed_Suprapubic	Skin_NotSunExposed_Suprapubic,Skin_SunExposed_Lowerleg,Brain_Cerebellum	4.844,2.912,2.411	1	Skin_NotSunExposed_Suprapubic	Skin_NotSunExposed_Suprapubic	4.844
chr1	146147691	146147747	chr1	146145928	146147754	NOTCH2NLA	perfect	50	0.0511912	0.02962772719833189	0.013	0.19235	0.045564999999999994	0.020097499999999997	1	Cells_Culturedfibroblasts	Cells_Culturedfibroblasts,Cells_EBV_transformedlymphocytes,Pancreas	4.764,2.046,1.846	1	Cells_Culturedfibroblasts	Cells_Culturedfibroblasts	4.764
chr1	147631055	147631065	chr1	147629651	147631065	ACP6	perfect	50	0.1623836	0.08835818853198081	0.08087	0.44946	0.126635	0.10052499999999999	2	Brain_CerebellarHemisphere,Brain_Cerebellum	Brain_CerebellarHemisphere,Brain_Cerebellum,Brain_Hypothalamus	3.249,3.173,1.51	2	Brain_CerebellarHemisphere,Brain_Cerebellum	Brain_CerebellarHemisphere,Brain_Cerebellum	3.249,3.173
chr1	148952780	148953905	chr1	148951936	148953905	ENSG00000305889,PDE4DIP	perfect	50	0.1781476	0.0692125503412112	0.00403	0.40702	0.17826	0.0704725	1	Cells_EBV_transformedlymphocytes	Cells_EBV_transformedlymphocytes,Ovary,Pancreas	3.307,1.384,1.211	1	Cells_EBV_transformedlymphocytes	Cells_EBV_transformedlymphocytes	3.307
chr1	150694107	150694173	chr1	150694107	150694173	GOLPH3L	perfect	50	0.032736799999999996	0.04068071630818389	0	0.27807	0.031835	0.028512499999999996	1	Testis	Testis,Muscle_Skeletal,Bladder	6.031,1.244,0.778	1	Testis	Testis	6.031
chr1	151133959	151134055	chr1	151133959	151134055	SEMA6C	perfect	50	0.0353746	0.05002523874067193	0	0.36476	0.027155	0.0158	1	Muscle_Skeletal	Muscle_Skeletal,Brain_CerebellarHemisphere,Brain_Cerebellum	6.584,0.742,0.661	1	Muscle_Skeletal	Muscle_Skeletal	6.584
chr1	151293399	151293462	chr1	151293399	151293462	PI4KB	perfect	50	0.0390762	0.035141797306318404	0.01577	0.27169	0.033604999999999996	0.0134525	1	Testis	Testis,Skin_SunExposed_Lowerleg,Artery_Tibial	6.619,0.64,0.411	1	Testis	Testis	6.619
chr1	151669140	151669248	chr1	151669140	151669363	SNX27	perfect	50	0.0207806	0.02309541940714298	0	0.10961	0.01429	0.019865	2	Muscle_Skeletal,Testis	Testis,Muscle_Skeletal,WholeBlood	3.846,3.393,2.418	1	Testis	Testis	3.846
chr1	151714508	151714529	chr1	151714419	151714529	RIIAD1	perfect	50	0.10781919999999999	0.2647208491734303	0	1	0	0.036025	3	Pancreas,SmallIntestine_TerminalIleum,Stomach	Pancreas,SmallIntestine_TerminalIleum,Stomach	3.37,3.37,3.37	3	Pancreas,SmallIntestine_TerminalIleum,Stomach	Pancreas,SmallIntestine_TerminalIleum,Stomach	3.37,3.37,3.37
chr1	151719595	151719688	chr1	151719595	151719688	RIIAD1	perfect	50	0.10781919999999999	0.2647208491734303	0	1	0	0.036025	3	Pancreas,SmallIntestine_TerminalIleum,Stomach	Pancreas,SmallIntestine_TerminalIleum,Stomach	3.37,3.37,3.37	3	Pancreas,SmallIntestine_TerminalIleum,Stomach	Pancreas,SmallIntestine_TerminalIleum,Stomach	3.37,3.37,3.37
chr1	151766721	151766888	chr1	151763577	151767000	ENSG00000232937,ENSG00000268288,OAZ3	perfect	50	0.2107966	0.19627583518089836	0.0355	1	0.164495	0.09618750000000002	2	Ovary,WholeBlood	Ovary,WholeBlood,Testis	4.021,4.021,2.23	2	Ovary,WholeBlood	Ovary,WholeBlood	4.021,4.021
chr1	151825929	151825936	chr1	151825929	151826096	RORC	perfect	50	0.013798600000000003	0.0643041905198111	0	0.35833	0	0	2	Spleen,WholeBlood	Spleen,WholeBlood,SmallIntestine_TerminalIleum	5.358,4.229,0.499	2	Spleen,WholeBlood	Spleen,WholeBlood	5.358,4.229
chr1	153563414	153563536	chr1	153563414	153563536	S100A2	perfect	50	0.033152799999999996	0.04673999301563963	0	0.18684	0	0.0670725	1	Bladder	Bladder,MinorSalivaryGland,Skin_SunExposed_Lowerleg	3.288,2.165,1.715	1	Bladder	Bladder	3.288
chr1	154158971	154159048	chr1	154155307	154159048	TPM3	perfect	50	0.078627	0.12856195376596624	0	0.53072	0.01772	0.06162000000000001	2	Brain_CerebellarHemisphere,Brain_Cerebellum	Brain_CerebellarHemisphere,Brain_Cerebellum,Brain_FrontalCortex_BA9	3.517,3.033,2.271	2	Brain_CerebellarHemisphere,Brain_Cerebellum	Brain_CerebellarHemisphere,Brain_Cerebellum	3.517,3.033
chr1	154263102	154263149	chr1	154263102	154263505	UBAP2L	perfect	50	0.2211744	0.035349706644281144	0.15415	0.33554	0.21951500000000002	0.032275000000000026	1	Muscle_Skeletal	Muscle_Skeletal,Cells_Culturedfibroblasts,Cells_EBV_transformedlymphocytes	3.235,2.343,2.29	1	Muscle_Skeletal	Muscle_Skeletal	3.235
chr1	154737043	154737088	chr1	154737043	154737088	KCNN3	perfect	50	0.018594	0.04579854480354644	0	0.1681	0	0	2	Colon_Sigmoid,Uterus	Uterus,Colon_Sigmoid,Bladder	3.264,3.035,2.627	2	Colon_Sigmoid,Uterus	Uterus,Colon_Sigmoid	3.264,3.035
chr1	154859694	154859712	chr1	154859694	154859843	KCNN3	perfect	50	0.10499040000000003	0.2236174795836563	0	1	0	0.1061075	2	Testis,WholeBlood	WholeBlood,Testis,Cells_EBV_transformedlymphocytes	4.002,3.071,2.861	2	Testis,WholeBlood	WholeBlood,Testis	4.002,3.071
chr1	155048993	155049116	chr1	155048993	155049264	DCST1	perfect	50	0.030560799999999992	0.06909396319771609	0	0.27273	0	0	2	Esophagus_Mucosa,MinorSalivaryGland	MinorSalivaryGland,Esophagus_Mucosa,Colon_Transverse	3.505,3.333,2.452	2	Esophagus_Mucosa,MinorSalivaryGland	MinorSalivaryGland,Esophagus_Mucosa	3.505,3.333
chr1	155180434	155180499	chr1	155180434	155180621	TRIM46	perfect	50	0.024864800000000003	0.04115322266449457	0	0.22646	0.00792	0.034025	1	Testis	Testis,Cells_EBV_transformedlymphocytes,Adipose_Visceral_Omentum	4.899,2.199,1.999	1	Testis	Testis	4.899
chr1	155300880	155300887	chr1	155300880	155301001	PKLR	perfect	50	0.009809799999999997	0.04166489999743091	0	0.23611	0	0	2	Kidney_Cortex,SmallIntestine_TerminalIleum	SmallIntestine_TerminalIleum,Kidney_Cortex,Liver	5.431,3.532,2.103	2	Kidney_Cortex,SmallIntestine_TerminalIleum	SmallIntestine_TerminalIleum,Kidney_Cortex	5.431,3.532
chr1	155983106	155983200	chr1	155983106	155983200	ARHGEF2	perfect	50	0.059448	0.05659696483532865	0.00346	0.2986	0.046924999999999994	0.039137500000000006	1	Testis	Testis,Colon_Transverse,Nerve_Tibial	4.226,2.225,2.181	1	Testis	Testis	4.226
chr1	155984393	155984433	chr1	155984393	155984433	ARHGEF2	perfect	50	0.059448	0.05659696483532865	0.00346	0.2986	0.046924999999999994	0.039137500000000006	1	Testis	Testis,Colon_Transverse,Nerve_Tibial	4.226,2.225,2.181	1	Testis	Testis	4.226
chr1	155985331	155985374	chr1	155985331	155985449	ARHGEF2	perfect	50	0.059448	0.05659696483532865	0.00346	0.2986	0.046924999999999994	0.039137500000000006	1	Testis	Testis,Colon_Transverse,Nerve_Tibial	4.226,2.225,2.181	1	Testis	Testis	4.226
chr1	155985374	155985395	chr1	155985331	155985449	ARHGEF2	perfect	50	0.0596102	0.05696832788130468	0.00346	0.2986	0.046924999999999994	0.039137500000000006	1	Testis	Testis,Nerve_Tibial,Colon_Transverse	4.195,2.306,2.208	1	Testis	Testis	4.195
chr1	155985395	155985449	chr1	155985331	155985449	ARHGEF2	perfect	50	0.010136199999999998	0.032976777660304275	0	0.22558	0	0.0066925000000000005	1	Testis	Testis,Nerve_Tibial,Colon_Transverse	6.533,1.112,0.828	1	Testis	Testis	6.533
chr1	155989233	155989351	chr1	155989233	155989499	ARHGEF2	perfect	50	0.010136199999999998	0.032976777660304275	0	0.22558	0	0.0066925000000000005	1	Testis	Testis,Nerve_Tibial,Colon_Transverse	6.533,1.112,0.828	1	Testis	Testis	6.533
chr1	155990840	155990962	chr1	155990840	155991212	ARHGEF2	perfect	50	0.009973999999999997	0.03281219621433718	0	0.22558	0	0.0066925000000000005	1	Testis	Testis,Nerve_Tibial,Colon_Transverse	6.571,0.876,0.837	1	Testis	Testis	6.571
chr1	156601408	156601439	chr1	156600104	156602575	GPATCH4,NAXE	perfect	50	0.019672199999999997	0.022566831655763987	0	0.11192	0.019584999999999998	0.031835	1	Brain_CerebellarHemisphere	Brain_CerebellarHemisphere,Brain_Cerebellum,Cells_Culturedfibroblasts	4.088,1.841,1.541	1	Brain_CerebellarHemisphere	Brain_CerebellarHemisphere	4.088
chr1	156752037	156752103	chr1	156752037	156752448	HDGF	perfect	50	0.113259	0.06679610224024898	0.02569	0.3422	0.102055	0.0991725	1	Liver	Liver,WholeBlood,Kidney_Cortex	3.427,2.315,1.518	1	Liver	Liver	3.427
chr1	159800597	159800613	chr1	159800510	159800613	FCRL6	perfect	50	0.004279999999999997	0.021986170142865274	0	0.13619	0	0	2	Spleen,WholeBlood	WholeBlood,Spleen,Adipose_Subcutaneous	6,3.344,-0.195	1	WholeBlood	WholeBlood	6
chr1	159999468	159999494	chr1	159998650	159999494	KCNJ10	perfect	50	0.016279599999999998	0.04798567388081486	0	0.29655	0	0.01756	2	Skin_SunExposed_Lowerleg,Testis	Testis,Skin_SunExposed_Lowerleg,Brain_Spinalcord_cervicalc_1	5.841,3.134,0.709	2	Skin_SunExposed_Lowerleg,Testis	Testis,Skin_SunExposed_Lowerleg	5.841,3.134
chr1	160284130	160284140	chr1	160284130	160284231	PEX19	perfect	50	0.04682	0.056281547525247874	0	0.22848	0.031195	0.0741925	1	Muscle_Skeletal	Muscle_Skeletal,Brain_CerebellarHemisphere,Brain_Cerebellum	3.228,2.88,2.764	1	Muscle_Skeletal	Muscle_Skeletal	3.228
chr1	160623502	160623585	chr1	160623502	160623585	SLAMF1	perfect	50	0.006608400000000001	0.04172517682480477	0	0.29471	0	0	1	Cells_EBV_transformedlymphocytes	Cells_EBV_transformedlymphocytes,Spleen,SmallIntestine_TerminalIleum	6.905,0.281,0.258	1	Cells_EBV_transformedlymphocytes	Cells_EBV_transformedlymphocytes	6.905
chr1	161870971	161871061	chr1	161870971	161871061	ATF6	perfect	50	0.006687399999999997	0.021857357310806007	0	0.13521	0	0	1	Testis	Testis,Spleen,Thyroid	5.88,2.128,1.672	1	Testis	Testis	5.88
chr1	162378913	162379031	chr1	162378840	162379031	C1orf226	perfect	50	0.030526799999999996	0.09263458505728134	0	0.58724	0	0	1	Testis	Testis,Pituitary,Brain_Cerebellum	6.01,1.899,1.262	1	Testis	Testis	6.01
chr1	163172557	163172592	chr1	163172557	163172592	RGS5	perfect	50	0.039389	0.0505890908725006	0	0.19261	0.017495	0.0762375	1	Testis	Testis,Cells_Culturedfibroblasts,Cells_EBV_transformedlymphocytes	3.029,2.339,2.273	1	Testis	Testis	3.029
chr1	163217525	163217594	chr1	163217525	163217636	RGS5	perfect	50	0.039389	0.0505890908725006	0	0.19261	0.017495	0.0762375	1	Testis	Testis,Cells_Culturedfibroblasts,Cells_EBV_transformedlymphocytes	3.029,2.339,2.273	1	Testis	Testis	3.029
chr1	165754895	165754990	chr1	165754853	165754990	TMCO1	perfect	50	0.0336466	0.02610132107142222	0	0.13675	0.031994999999999996	0.030790000000000005	1	Cells_Culturedfibroblasts	Cells_Culturedfibroblasts,Bladder,Cells_EBV_transformedlymphocytes	3.95,2.484,1.719	1	Cells_Culturedfibroblasts	Cells_Culturedfibroblasts	3.95
chr1	168192207	168192225	chr1	168192207	168192395	TIPRL	perfect	50	0.0612408	0.07182644552598966	0	0.2814	0.039209999999999995	0.09439750000000001	1	Testis	Testis,Cells_Culturedfibroblasts,Cells_EBV_transformedlymphocytes	3.065,2.654,2.622	1	Testis	Testis	3.065
chr1	170730276	170730328	chr1	170730205	170730348	PRRX1	perfect	50	0.0675948	0.031248815307503244	0	0.17241	0.059219999999999995	0.031217500000000002	2	Cells_Culturedfibroblasts,Cells_EBV_transformedlymphocytes	Cells_EBV_transformedlymphocytes,Cells_Culturedfibroblasts,MinorSalivaryGland	3.354,3.087,1.657	2	Cells_Culturedfibroblasts,Cells_EBV_transformedlymphocytes	Cells_EBV_transformedlymphocytes,Cells_Culturedfibroblasts	3.354,3.087
chr1	172132888	172132894	chr1	172132888	172133392	DNM3	perfect	50	0.0647482	0.056753350191141735	0	0.25	0.064985	0.08259750000000002	2	Cells_Culturedfibroblasts,WholeBlood	WholeBlood,Cells_Culturedfibroblasts,Testis	3.264,3.054,1.918	2	Cells_Culturedfibroblasts,WholeBlood	WholeBlood,Cells_Culturedfibroblasts	3.264,3.054
chr1	173806438	173806576	chr1	173806438	173806576	CENPL	perfect	50	0.082343	0.063419682654198	0	0.31818	0.07638	0.07293749999999999	1	WholeBlood	WholeBlood,Spleen,Testis	3.719,2.088,1.336	1	WholeBlood	WholeBlood	3.719
chr1	176857613	176857650	chr1	176857301	176857650	ASTN1	perfect	50	0.007034599999999999	0.018892231338271705	0	0.12791	0	0.010445	1	Testis	Testis,AdrenalGland,Spleen	6.398,1.308,0.951	1	Testis	Testis	6.398
chr1	178341595	178341608	chr1	178341470	178341608	RASAL2	perfect	50	0.29398019999999997	0.21380891874918098	0.08539	1	0.19619	0.28176	1	WholeBlood	WholeBlood,Brain_Putamen_basalganglia,Brain_Caudate_basalganglia	3.302,2.101,1.816	1	WholeBlood	WholeBlood	3.302
chr1	178470692	178470723	chr1	178470692	178470723	RASAL2	perfect	50	0.039216	0.0470203713559238	0	0.24587	0.028315	0.02146	2	Esophagus_Mucosa,Testis	Testis,Esophagus_Mucosa,Brain_Cortex	4.395,4.241,1.18	2	Esophagus_Mucosa,Testis	Testis,Esophagus_Mucosa	4.395,4.241
chr1	179142932	179143044	chr1	179142932	179143076	ABL2	perfect	50	0.0182316	0.02459633557907289	0	0.10163	0.002605	0.0297775	1	Cells_Culturedfibroblasts	Cells_Culturedfibroblasts,Testis,Artery_Tibial	3.391,2.147,2.112	1	Cells_Culturedfibroblasts	Cells_Culturedfibroblasts	3.391
chr1	180073818	180073908	chr1	180073785	180073908	CEP350	perfect	50	0.012110000000000001	0.030994402391267946	0	0.15662	0	0	2	Cells_EBV_transformedlymphocytes,Muscle_Skeletal	Muscle_Skeletal,Cells_EBV_transformedlymphocytes,Cells_Culturedfibroblasts	4.662,3.329,1.917	2	Cells_EBV_transformedlymphocytes,Muscle_Skeletal	Muscle_Skeletal,Cells_EBV_transformedlymphocytes	4.662,3.329
chr1	181413146	181413580	chr1	181413132	181413580	CACNA1E	perfect	50	0.008896200000000002	0.04289455766297211	0	0.29268	0	0	1	Kidney_Cortex	Kidney_Cortex,Testis,Brain_Hippocampus	6.616,1.82,0.173	1	Kidney_Cortex	Kidney_Cortex	6.616
chr1	183304669	183304739	chr1	183304669	183304874	NMNAT2	perfect	50	0.007647199999999999	0.04783501966431826	0	0.336	0	0	1	Thyroid	Thyroid,Adipose_Visceral_Omentum,Adipose_Subcutaneous	6.864,0.809,-0.16	1	Thyroid	Thyroid	6.864
chr1	183502275	183502391	chr1	183502252	183502391	SMG7	perfect	50	0.0391206	0.015629525357411182	0.0076	0.10947	0.0382	0.012065000000000003	1	Testis	Testis,Brain_CerebellarHemisphere,Brain_Cerebellum	4.501,1.886,1.676	1	Testis	Testis	4.501
chr1	183742157	183742289	chr1	183742125	183742289	RGL1	perfect	50	0.0706454	0.0875112296749651	0	0.48886	0.04153	0.0556075	2	Brain_CerebellarHemisphere,Brain_Cerebellum	Brain_CerebellarHemisphere,Brain_Cerebellum,Testis	4.779,3.035,1.589	2	Brain_CerebellarHemisphere,Brain_Cerebellum	Brain_CerebellarHemisphere,Brain_Cerebellum	4.779,3.035
chr1	184093624	184093724	chr1	184093624	184095617	TSEN15	perfect	50	0.0523582	0.028613796849828677	0.00952	0.18151	0.04542	0.0278225	1	Testis	Testis,Pituitary,Liver	4.514,2.015,1.926	1	Testis	Testis	4.514
chr1	184095030	184095067	chr1	184093624	184095617	TSEN15	perfect	50	0.0627728	0.04956736644698602	0	0.25451	0.045795	0.0582175	1	Muscle_Skeletal	Muscle_Skeletal,Brain_FrontalCortex_BA9,Liver	3.868,1.834,1.625	1	Muscle_Skeletal	Muscle_Skeletal	3.868
chr1	184095804	184095824	chr1	184095689	184097485	TSEN15	perfect	50	0.0315912	0.024492973806329664	0	0.15271	0.026750000000000003	0.02767	1	Testis	Testis,Liver,Pituitary	4.945,1.603,1.598	1	Testis	Testis	4.945
chr1	193018814	193018820	chr1	193018404	193018820	UCHL5	perfect	50	0.0716884	0.020807283100895618	0.03166	0.15153	0.07156499999999999	0.019607499999999993	1	Cells_EBV_transformedlymphocytes	Cells_EBV_transformedlymphocytes,Testis,Thyroid	3.837,2.42,1.293	1	Cells_EBV_transformedlymphocytes	Cells_EBV_transformedlymphocytes	3.837
chr1	193027874	193027955	chr1	193027874	193027955	UCHL5	perfect	50	0.2310616	0.0456432728065133	0.13505	0.37379	0.231475	0.03963750000000002	1	Cells_EBV_transformedlymphocytes	Cells_EBV_transformedlymphocytes,Cells_Culturedfibroblasts,WholeBlood	3.127,2.309,2.291	1	Cells_EBV_transformedlymphocytes	Cells_EBV_transformedlymphocytes	3.127
chr1	193105516	193105638	chr1	193105516	193106114	GLRX2	perfect	50	0.008615799999999996	0.03626698414733237	0	0.25103	0	0.00294	1	Testis	Testis,Brain_Nucleusaccumbens_basalganglia,Brain_Caudate_basalganglia	6.684,1.323,0.523	1	Testis	Testis	6.684
chr1	196273467	196273488	chr1	196273467	196273488	KCNT2	perfect	50	0.006075600000000004	0.04138893340998685	0	0.29268	0	0	1	Testis	Testis,Artery_Coronary,Adipose_Subcutaneous	6.925,0.121,-0.147	1	Testis	Testis	6.925
chr1	196529394	196529477	chr1	196529394	196529486	KCNT2	perfect	50	0.0279528	0.041490666668196945	0	0.25087	0.019365	0.0465675	1	Testis	Testis,Pituitary,Breast_MammaryTissue	5.373,1.302,1.095	1	Testis	Testis	5.373
chr1	196948298	196948553	chr1	196947495	196948553	CFHR2	perfect	50	0.0021838	0.01544179788755182	0	0.10919	0	0	1	Liver	Liver,Adipose_Subcutaneous,Adipose_Visceral_Omentum	6.93,-0.141,-0.141	1	Liver	Liver	6.93
chr1	197413948	197414000	chr1	197413828	197414000	CRB1	perfect	50	0.005063199999999999	0.02541078305903754	0	0.17949	0	0	1	Ovary	Ovary,Brain_Putamen_basalganglia,Brain_Cerebellum	6.864,0.288,0.284	1	Ovary	Ovary	6.864
chr1	197918315	197918360	chr1	197918315	197918766	LHX9	perfect	50	0.012877000000000001	0.049268284050343274	0	0.27778	0	0	2	Brain_Amygdala,Brain_Hypothalamus	Brain_Amygdala,Brain_Hypothalamus,Ovary	5.377,3.429,1.696	2	Brain_Amygdala,Brain_Hypothalamus	Brain_Amygdala,Brain_Hypothalamus	5.377,3.429
chr1	198536678	198536696	chr1	198536678	198536724	ATP6V1G3	perfect	50	0.0037826000000000014	0.02674702110516237	0	0.18913	0	0	1	Kidney_Cortex	Kidney_Cortex,Adipose_Subcutaneous,Adipose_Visceral_Omentum	6.93,-0.141,-0.141	1	Kidney_Cortex	Kidney_Cortex	6.93
chr1	198536696	198536724	chr1	198536678	198536724	ATP6V1G3	perfect	50	0.003304800000000002	0.02336846490465301	0	0.16524	0	0	1	Kidney_Cortex	Kidney_Cortex,Adipose_Subcutaneous,Adipose_Visceral_Omentum	6.93,-0.141,-0.141	1	Kidney_Cortex	Kidney_Cortex	6.93
chr1	202445045	202445228	chr1	202445045	202445228	PPP1R12B	perfect	50	0.0846406	0.09137892016572016	0	0.46731	0.055865	0.078985	1	Cells_Culturedfibroblasts	Cells_Culturedfibroblasts,Cells_EBV_transformedlymphocytes,Pancreas	4.188,2.758,2.114	1	Cells_Culturedfibroblasts	Cells_Culturedfibroblasts	4.188
chr1	202928480	202928549	chr1	202928480	202928636	KLHL12	perfect	50	0.0025409999999999986	0.017967583309950175	0	0.12705	0	0	1	Testis	Testis,Adipose_Subcutaneous,Adipose_Visceral_Omentum	6.93,-0.141,-0.141	1	Testis	Testis	6.93
chr1	203733400	203733405	chr1	203733222	203733632	ATP2B4	perfect	50	0.0349932	0.028032710517157902	0	0.18272	0.02842	0.018375000000000002	1	Testis	Testis,Heart_LeftVentricle,Heart_AtrialAppendage	5.27,2.531,1.42	1	Testis	Testis	5.27
chr1	204243113	204243263	chr1	204243113	204243263	PLEKHA6	perfect	50	0.0876796	0.059186290503039675	0	0.3389	0.080455	0.0697825	1	Testis	Testis,Brain_Spinalcord_cervicalc_1,Heart_LeftVentricle	4.245,1.893,1.421	1	Testis	Testis	4.245
chr1	204251530	204251611	chr1	204251530	204251611	PLEKHA6	perfect	50	0.0876796	0.059186290503039675	0	0.3389	0.080455	0.0697825	1	Testis	Testis,Brain_Spinalcord_cervicalc_1,Heart_LeftVentricle	4.245,1.893,1.421	1	Testis	Testis	4.245
chr1	204255625	204255679	chr1	204255625	204255679	PLEKHA6	perfect	50	0.0876796	0.059186290503039675	0	0.3389	0.080455	0.0697825	1	Testis	Testis,Brain_Spinalcord_cervicalc_1,Heart_LeftVentricle	4.245,1.893,1.421	1	Testis	Testis	4.245
chr1	204256801	204256888	chr1	204256801	204256888	PLEKHA6	perfect	50	0.0876796	0.059186290503039675	0	0.3389	0.080455	0.0697825	1	Testis	Testis,Brain_Spinalcord_cervicalc_1,Heart_LeftVentricle	4.245,1.893,1.421	1	Testis	Testis	4.245
chr1	204276995	204277027	chr1	204276900	204278824	ENSG00000231691,PLEKHA6	perfect	50	0.0089006	0.019524802375335798	0	0.11361	0.004425	0.00575	1	Testis	Testis,Brain_Spinalcord_cervicalc_1,Spleen	5.363,2.989,2.24	1	Testis	Testis	5.363
chr1	204367798	204367856	chr1	204367798	204367856	PLEKHA6	perfect	50	0.016905399999999998	0.03344333606845698	0	0.17172	0	0.01841	1	Esophagus_Mucosa	Esophagus_Mucosa,Skin_NotSunExposed_Suprapubic,Skin_SunExposed_Lowerleg	4.629,2.732,2.314	1	Esophagus_Mucosa	Esophagus_Mucosa	4.629
chr1	204371529	204371606	chr1	204371529	204371606	PLEKHA6	perfect	50	0.016905399999999998	0.03344333606845698	0	0.17172	0	0.01841	1	Esophagus_Mucosa	Esophagus_Mucosa,Skin_NotSunExposed_Suprapubic,Skin_SunExposed_Lowerleg	4.629,2.732,2.314	1	Esophagus_Mucosa	Esophagus_Mucosa	4.629
chr1	204377582	204377665	chr1	204377257	204378214	PLEKHA6,PPP1R15B-AS1	perfect	50	0.016905399999999998	0.03344333606845698	0	0.17172	0	0.01841	1	Esophagus_Mucosa	Esophagus_Mucosa,Skin_NotSunExposed_Suprapubic,Skin_SunExposed_Lowerleg	4.629,2.732,2.314	1	Esophagus_Mucosa	Esophagus_Mucosa	4.629
chr1	204962107	204962158	chr1	204962107	204962158	NFASC	perfect	50	0.024718400000000005	0.04127127035325454	0	0.1497	0.00108	0.038114999999999996	1	Brain_Spinalcord_cervicalc_1	Brain_Spinalcord_cervicalc_1,Brain_Caudate_basalganglia,Brain_Amygdala	3.028,2.302,2.175	1	Brain_Spinalcord_cervicalc_1	Brain_Spinalcord_cervicalc_1	3.028
chr1	204984026	204984142	chr1	204984026	204984329	NFASC	perfect	50	0.0179918	0.03245881614713437	0	0.11854	0	0.014045	1	Brain_Spinalcord_cervicalc_1	Brain_Spinalcord_cervicalc_1,Brain_Caudate_basalganglia,Brain_Putamen_basalganglia	3.098,2.614,2.405	1	Brain_Spinalcord_cervicalc_1	Brain_Spinalcord_cervicalc_1	3.098
chr1	204985909	204986114	chr1	204985909	204986114	NFASC	perfect	50	0.0179918	0.03245881614713437	0	0.11854	0	0.014045	1	Brain_Spinalcord_cervicalc_1	Brain_Spinalcord_cervicalc_1,Brain_Caudate_basalganglia,Brain_Putamen_basalganglia	3.098,2.614,2.405	1	Brain_Spinalcord_cervicalc_1	Brain_Spinalcord_cervicalc_1	3.098
chr1	205256389	205256416	chr1	205256200	205256416	TMCC2	perfect	50	0.030958800000000012	0.13719375084893626	0	0.76674	0	0	2	Spleen,WholeBlood	Spleen,WholeBlood,Lung	5.363,4.22,0.397	2	Spleen,WholeBlood	Spleen,WholeBlood	5.363,4.22
chr1	206557573	206557693	chr1	206557164	206557693	RASSF5	perfect	50	0.2840466	0.1575924204332175	0	0.76252	0.273855	0.2092925	1	Cells_EBV_transformedlymphocytes	Cells_EBV_transformedlymphocytes,Muscle_Skeletal,Esophagus_Muscularis	3.036,2.554,1.35	1	Cells_EBV_transformedlymphocytes	Cells_EBV_transformedlymphocytes	3.036
chr1	206636951	206636968	chr1	206636874	206636968	DYRK3	perfect	50	0.4324482	0.1275357269142691	0.11366	0.85327	0.45614	0.15135000000000004	1	Testis	Testis,Adipose_Subcutaneous,Breast_MammaryTissue	3.3,1.329,1.102	1	Testis	Testis	3.3
chr1	207322235	207322289	chr1	207322235	207322289	CD55	perfect	50	0.008058999999999998	0.03188228733824421	0	0.20205	0	0	1	Testis	Testis,Esophagus_Mucosa,Cells_EBV_transformedlymphocytes	6.085,2.772,1.155	1	Testis	Testis	6.085
chr1	207889714	207889837	chr1	207889714	207890492	CD34	perfect	50	0.2070424	0.059123747484166024	0	0.48837	0.197205	0.029670000000000002	1	Cells_Culturedfibroblasts	Cells_Culturedfibroblasts,Spleen,Kidney_Cortex	4.758,1.762,1.422	1	Cells_Culturedfibroblasts	Cells_Culturedfibroblasts	4.758
chr1	210016003	210017099	chr1	210015180	210017099	SYT14	perfect	50	0.034247400000000004	0.06867614072839955	0	0.37885	0	0.053335	1	Testis	Testis,Brain_Cerebellum,Thyroid	5.018,2.341,2.335	1	Testis	Testis	5.018
chr1	210677344	210677380	chr1	210676822	210677380	KCNH1	perfect	50	0.0694204	0.1532126135900763	0	0.66667	0	0.024565000000000003	1	MinorSalivaryGland	MinorSalivaryGland,AdrenalGland,Skin_NotSunExposed_Suprapubic	3.898,2.81,2.81	1	MinorSalivaryGland	MinorSalivaryGland	3.898
chr1	210861000	210861143	chr1	210858124	210862285	IPO8P1,KCNH1	perfect	50	0.06589999999999999	0.23233001246906826	0	1	0	0	3	Brain_CerebellarHemisphere,Brain_Cerebellum,Brain_FrontalCortex_BA9	Brain_CerebellarHemisphere,Brain_Cerebellum,Brain_FrontalCortex_BA9	4.021,3.676,3.483	3	Brain_CerebellarHemisphere,Brain_Cerebellum,Brain_FrontalCortex_BA9	Brain_CerebellarHemisphere,Brain_Cerebellum,Brain_FrontalCortex_BA9	4.021,3.676,3.483
chr1	212302082	212302092	chr1	212301805	212302092	PPP2R5A	perfect	50	0.0034172	0.024163252926706704	0	0.17086	0	0	1	Testis	Testis,Adipose_Subcutaneous,Adipose_Visceral_Omentum	6.93,-0.141,-0.141	1	Testis	Testis	6.93
chr1	215005921	215005955	chr1	215005774	215005955	KCNK2	perfect	50	0.010831400000000003	0.03770396909816133	0	0.18418	0	0	2	Bladder,Cells_Culturedfibroblasts	Cells_Culturedfibroblasts,Bladder,AdrenalGland	4.598,3.88,2.329	2	Bladder,Cells_Culturedfibroblasts	Cells_Culturedfibroblasts,Bladder	4.598,3.88
chr1	220066072	220066117	chr1	220066072	220066117	BPNT1	perfect	50	0.0203824	0.01851585570503821	0	0.11771	0.016645	0.008965	2	Muscle_Skeletal,Testis	Testis,Muscle_Skeletal,Brain_Cerebellum	5.256,3.348,1.169	1	Testis	Testis	5.256
chr1	220808858	220808889	chr1	220808858	220808976	MTARC1	perfect	50	0.013605999999999997	0.02792563148574354	0	0.10552	0	0.0018050000000000002	3	Brain_Caudate_basalganglia,Brain_Nucleusaccumbens_basalganglia,Brain_Putamen_basalganglia	Brain_Putamen_basalganglia,Brain_Caudate_basalganglia,Brain_Nucleusaccumbens_basalganglia	3.291,3.128,3.094	2	Brain_Caudate_basalganglia,Brain_Putamen_basalganglia	Brain_Putamen_basalganglia,Brain_Caudate_basalganglia	3.291,3.128
chr1	222644475	222644586	chr1	222644302	222644586	MIA3	perfect	50	0.3610626	0.06461763302059022	0.22787	0.56936	0.36121499999999995	0.06858999999999998	1	Cells_EBV_transformedlymphocytes	Cells_EBV_transformedlymphocytes,WholeBlood,Muscle_Skeletal	3.224,2.54,1.703	1	Cells_EBV_transformedlymphocytes	Cells_EBV_transformedlymphocytes	3.224
chr1	223296726	223296890	chr1	223296726	223296890	SUSD4	perfect	50	0.021706	0.038845188654872735	0	0.23483	0.007865	0.0394825	1	Testis	Testis,Bladder,Skin_SunExposed_Lowerleg	5.486,1.334,1.193	1	Testis	Testis	5.486
chr1	224967679	224967712	chr1	224967679	224967924	DNAH14	perfect	50	0.1523826	0.12805108909975207	0	0.61111	0.175315	0.16555999999999998	1	Cells_EBV_transformedlymphocytes	Cells_EBV_transformedlymphocytes,Heart_LeftVentricle,Cells_Culturedfibroblasts	3.582,2.026,1.655	1	Cells_EBV_transformedlymphocytes	Cells_EBV_transformedlymphocytes	3.582
chr1	225504990	225505053	chr1	225504990	225505053	ENAH	perfect	50	0.006124200000000002	0.025630226184037045	0	0.13179	0	0	2	Muscle_Skeletal,Pancreas	Muscle_Skeletal,Pancreas,MinorSalivaryGland	4.903,4.226,2.101	2	Muscle_Skeletal,Pancreas	Muscle_Skeletal,Pancreas	4.903,4.226
chr1	225531045	225531057	chr1	225531045	225531057	ENAH	perfect	50	0.091834	0.038355995673188203	0	0.26433	0.08493	0.025224999999999997	1	Testis	Testis,Brain_Cerebellum,Brain_CerebellarHemisphere	4.497,2.05,1.732	1	Testis	Testis	4.497
chr1	226917526	226917660	chr1	226917526	226918055	ENSG00000288674,PSEN2	perfect	50	0.048819	0.02168381360482929	0.01849	0.14329	0.0463	0.013434999999999996	2	Brain_CerebellarHemisphere,Brain_Cerebellum	Brain_CerebellarHemisphere,Brain_Cerebellum,Nerve_Tibial	4.357,4.296,1.145	2	Brain_CerebellarHemisphere,Brain_Cerebellum	Brain_CerebellarHemisphere,Brain_Cerebellum	4.357,4.296
chr1	227059372	227059389	chr1	227059212	227059411	CDC42BPA	perfect	50	0.0853264	0.028035030256259537	0	0.18424	0.082535	0.017424999999999982	1	Muscle_Skeletal	Muscle_Skeletal,Cells_EBV_transformedlymphocytes,Cells_Culturedfibroblasts	3.528,2.901,1.772	1	Muscle_Skeletal	Muscle_Skeletal	3.528
chr1	227059389	227059411	chr1	227059212	227059411	CDC42BPA	perfect	50	0.0852742	0.027998268903484672	0	0.18424	0.082535	0.017424999999999982	1	Muscle_Skeletal	Muscle_Skeletal,Cells_EBV_transformedlymphocytes,Cells_Culturedfibroblasts	3.535,2.907,1.776	1	Muscle_Skeletal	Muscle_Skeletal	3.535
chr1	227677178	227677180	chr1	227677178	227677443	ZNF678	perfect	50	0.1534922	0.07097288761698989	0	0.375	0.15742499999999998	0.079515	1	WholeBlood	WholeBlood,Cells_EBV_transformedlymphocytes,Brain_FrontalCortex_BA9	3.121,2.23,1.947	1	WholeBlood	WholeBlood	3.121
chr1	231462437	231462467	chr1	231462437	231462674	ENSG00000287856	perfect	50	0.09154420000000002	0.2794280092901881	0	1	0	0	3	Brain_FrontalCortex_BA9,Brain_Spinalcord_cervicalc_1,Testis	Brain_FrontalCortex_BA9,Brain_Spinalcord_cervicalc_1,Testis	3.251,3.251,3.251	3	Brain_FrontalCortex_BA9,Brain_Spinalcord_cervicalc_1,Testis	Brain_FrontalCortex_BA9,Brain_Spinalcord_cervicalc_1,Testis	3.251,3.251,3.251
chr1	231722538	231722598	chr1	231722538	231724074	DISC1	perfect	50	0.0027354000000000007	0.017315856507011965	0	0.12222	0	0	1	Testis	Testis,WholeBlood,Nerve_Tibial	6.9,0.456,0.068	1	Testis	Testis	6.9
chr1	231866522	231866575	chr1	231866522	231866712	DISC1	perfect	50	0.0037683999999999973	0.025156204278751707	0	0.17778	0	0	1	Testis	Testis,WholeBlood,Adipose_Subcutaneous	6.917,0.273,-0.15	1	Testis	Testis	6.917
chr1	232462192	232462234	chr1	232462192	232462417	SIPA1L2	perfect	50	0.0963136	0.08296468926191752	0	0.5	0.093245	0.04933999999999998	1	Cells_EBV_transformedlymphocytes	Cells_EBV_transformedlymphocytes,WholeBlood,Testis	4.866,2.865,1.753	1	Cells_EBV_transformedlymphocytes	Cells_EBV_transformedlymphocytes	4.866
chr1	237743599	237743623	chr1	237743599	237743623	RYR2	perfect	50	0.1259268	0.07971322022943834	0	0.5	0.14181	0.09405749999999999	1	WholeBlood	WholeBlood,Artery_Tibial,Adipose_Subcutaneous	4.693,0.852,0.813	1	WholeBlood	WholeBlood	4.693
chr1	237769586	237769619	chr1	237769586	237769619	RYR2	perfect	50	0.12592319999999999	0.0797161063908822	0	0.5	0.14181	0.09408	1	WholeBlood	WholeBlood,Artery_Tibial,Adipose_Subcutaneous	4.693,0.852,0.813	1	WholeBlood	WholeBlood	4.693
chr1	240180168	240180180	chr1	240180168	240180180	FMN2	perfect	50	0.0123234	0.028574280401245124	0	0.13876	0	0.007245	2	Brain_CerebellarHemisphere,Brain_Cerebellum	Brain_CerebellarHemisphere,Brain_Cerebellum,Brain_FrontalCortex_BA9	4.425,3.537,1.83	2	Brain_CerebellarHemisphere,Brain_Cerebellum	Brain_CerebellarHemisphere,Brain_Cerebellum	4.425,3.537
chr1	240245562	240245565	chr1	240245259	240245565	FMN2	perfect	50	0.0022836000000000015	0.01614749045517599	0	0.11418	0	0	1	Cells_Culturedfibroblasts	Cells_Culturedfibroblasts,Adipose_Subcutaneous,Adipose_Visceral_Omentum	6.93,-0.141,-0.141	1	Cells_Culturedfibroblasts	Cells_Culturedfibroblasts	6.93
chr1	240768260	240768278	chr1	240767635	240768680	ENSG00000226919,RGS7	perfect	50	0.05075540000000001	0.15469000866393723	0	1	0	0.024462499999999998	1	Spleen	Spleen,Stomach,Testis	6.136,1.981,1.472	1	Spleen	Spleen	6.136
chr1	242449353	242449356	chr1	242449353	242449482	PLD5	perfect	50	0.13062440000000003	0.19900463340067928	0	0.78378	0	0.293015	1	Pituitary	Pituitary,Brain_Substantianigra,Brain_Hypothalamus	3.282,1.874,1.84	1	Pituitary	Pituitary	3.282
chr1	243293398	243293494	chr1	243293398	243293494	SDCCAG8	perfect	50	0.0827686	0.025784584384425338	0.02647	0.17237	0.08445	0.0378525	1	Muscle_Skeletal	Muscle_Skeletal,Pancreas,Thyroid	3.475,1.586,1.415	1	Muscle_Skeletal	Muscle_Skeletal	3.475
chr1	243612989	243613034	chr1	243610505	243613034	AKT3	perfect	50	0.0448224	0.021115260712072103	0.01232	0.13161	0.043415	0.0183025	1	Brain_Spinalcord_cervicalc_1	Brain_Spinalcord_cervicalc_1,Brain_Substantianigra,Brain_Putamen_basalganglia	4.11,2.904,1.475	1	Brain_Spinalcord_cervicalc_1	Brain_Spinalcord_cervicalc_1	4.11
chr1	244836484	244836520	chr1	244836484	244836520	COX20	perfect	50	0.09250660000000001	0.07034051332436163	0.01895	0.4163	0.076725	0.0666075	1	Testis	Testis,Cells_Culturedfibroblasts,Heart_LeftVentricle	4.603,2.284,2.228	1	Testis	Testis	4.603
chr1	245121919	245121945	chr1	245121919	245127164	EFCAB2,ENSG00000223353	perfect	50	0.060614	0.04173383250445859	0	0.20896	0.060495	0.04358	2	Cells_Culturedfibroblasts,Cells_EBV_transformedlymphocytes	Cells_EBV_transformedlymphocytes,Cells_Culturedfibroblasts,Testis	3.555,3.124,1.461	2	Cells_Culturedfibroblasts,Cells_EBV_transformedlymphocytes	Cells_EBV_transformedlymphocytes,Cells_Culturedfibroblasts	3.555,3.124
chr1	246931128	246931226	chr1	246931128	246931424	AHCTF1	perfect	50	0.008502000000000001	0.021058938865062715	0	0.13903	0	0.013995	1	Testis	Testis,Muscle_Skeletal,Cells_EBV_transformedlymphocytes	6.198,1.217,0.929	1	Testis	Testis	6.198
chr1	246945799	246945827	chr1	246945546	246945827	ZNF670-ZNF695,ZNF695	perfect	50	0.005533400000000002	0.024103465379611343	0	0.1352	0	0	2	Cells_Culturedfibroblasts,Testis	Testis,Cells_Culturedfibroblasts,Cells_EBV_transformedlymphocytes	5.38,3.919,1.491	1	Testis	Testis	5.38
chr1	246967694	246967792	chr1	246967661	246969678	ZNF670-ZNF695,ZNF695	perfect	50	0.005533400000000002	0.024103465379611343	0	0.1352	0	0	2	Cells_Culturedfibroblasts,Testis	Testis,Cells_Culturedfibroblasts,Cells_EBV_transformedlymphocytes	5.38,3.919,1.491	1	Testis	Testis	5.38
chr10	311536	311566	chr10	311536	311566	DIP2C	perfect	50	0.0237682	0.020006693338143876	0	0.1283	0.02044	0.013697499999999998	1	Muscle_Skeletal	Muscle_Skeletal,Cells_Culturedfibroblasts,Artery_Tibial	5.225,2.956,1.449	1	Muscle_Skeletal	Muscle_Skeletal	5.225
chr10	324896	325019	chr10	324638	325019	DIP2C	perfect	50	0.010780799999999998	0.02033969737097524	0	0.13871	0.00664	0.0164475	1	Testis	Testis,Cells_Culturedfibroblasts,Vagina	6.29,0.839,0.719	1	Testis	Testis	6.29
chr10	484780	484948	chr10	484780	484948	DIP2C	perfect	50	0.0237682	0.020006693338143876	0	0.1283	0.02044	0.013697499999999998	1	Muscle_Skeletal	Muscle_Skeletal,Cells_Culturedfibroblasts,Artery_Tibial	5.225,2.956,1.449	1	Muscle_Skeletal	Muscle_Skeletal	5.225
chr10	870012	873144	chr10	870008	873205	LARP4B	perfect	50	0.009982200000000002	0.03668967904087536	0	0.18508	0.00116	8.274999999999999e-4	2	Heart_LeftVentricle,Muscle_Skeletal	Muscle_Skeletal,Heart_LeftVentricle,Heart_AtrialAppendage	4.772,4.469,1.889	2	Heart_LeftVentricle,Muscle_Skeletal	Muscle_Skeletal,Heart_LeftVentricle	4.772,4.469
chr10	1074469	1074508	chr10	1074382	1074508	WDR37	perfect	50	0.009540399999999996	0.06746081535232139	0	0.47702	0	0	1	Testis	Testis,Adipose_Subcutaneous,Adipose_Visceral_Omentum	6.93,-0.141,-0.141	1	Testis	Testis	6.93
chr10	3125096	3125249	chr10	3125096	3125249	PFKP	perfect	50	0.010239999999999997	0.052941868350954484	0	0.37655	0.0021650000000000003	0.0043774999999999994	1	Testis	Testis,SmallIntestine_TerminalIleum,Colon_Transverse	6.919,0.027,0.026	1	Testis	Testis	6.919
chr10	5161758	5161767	chr10	5161711	5161767	AKR1C8	perfect	50	0.008194799999999999	0.044583364072263536	0	0.29655	0	0	1	Testis	Testis,Liver,Adipose_Subcutaneous	6.468,2.355,-0.184	1	Testis	Testis	6.468
chr10	6228195	6228218	chr10	6228195	6228295	PFKFB3	perfect	50	0.037433	0.0875854690503825	0	0.60802	0.015875	0.011497499999999999	1	Muscle_Skeletal	Muscle_Skeletal,Brain_CerebellarHemisphere,Brain_FrontalCortex_BA9	6.515,1.121,0.867	1	Muscle_Skeletal	Muscle_Skeletal	6.515
chr10	11532177	11532232	chr10	11532177	11532275	USP6NL	perfect	50	0.47152479999999997	0.08623376113891396	0.197	0.76501	0.459635	0.08219249999999989	1	Nerve_Tibial	Nerve_Tibial,Liver,Brain_Spinalcord_cervicalc_1	3.403,2.135,1.756	1	Nerve_Tibial	Nerve_Tibial	3.403
chr10	13301985	13302007	chr10	13301985	13302968	ENSG00000306852,PHYH	perfect	50	0.016474799999999998	0.016110451448595443	0.0042	0.10192	0.01238	0.005594999999999999	1	Testis	Testis,Brain_CerebellarHemisphere,Brain_Cerebellum	5.304,2.486,2.347	1	Testis	Testis	5.304
chr10	13591867	13591888	chr10	13591459	13592323	PRPF18,RPL6P24	perfect	50	0.0636722	0.04704080418452187	0.01981	0.28529	0.048505	0.022452500000000007	1	Muscle_Skeletal	Muscle_Skeletal,Brain_CerebellarHemisphere,Brain_Cerebellum	4.711,2.685,1.953	1	Muscle_Skeletal	Muscle_Skeletal	4.711
chr10	13597644	13597671	chr10	13597644	13597671	PRPF18	perfect	50	0.0432752	0.054230239408338536	0	0.28529	0.022685	0.028732500000000005	1	Muscle_Skeletal	Muscle_Skeletal,Brain_CerebellarHemisphere,Brain_Cerebellum	4.463,2.705,2.07	1	Muscle_Skeletal	Muscle_Skeletal	4.463
chr10	17122524	17122585	chr10	17121881	17122585	CUBN	perfect	50	0.0044098	0.02235305179274141	0	0.1342	0	0	2	Kidney_Cortex,SmallIntestine_TerminalIleum	Kidney_Cortex,SmallIntestine_TerminalIleum,Adipose_Subcutaneous	5.806,3.663,-0.197	1	Kidney_Cortex	Kidney_Cortex	5.806
chr10	17615747	17615964	chr10	17615476	17615964	HACD1	perfect	50	0.0534732	0.03447271482059457	0.01577	0.23684	0.04768	0.034912499999999985	1	WholeBlood	WholeBlood,Muscle_Skeletal,Pancreas	5.319,1.668,1.242	1	WholeBlood	WholeBlood	5.319
chr10	18261269	18261317	chr10	18260399	18261504	CACNB2,CACNB2-AS2	perfect	50	0.015460000000000002	0.030179297877985206	0	0.12607	0	0.0154625	1	Brain_FrontalCortex_BA9	Brain_FrontalCortex_BA9,Brain_Cortex,Brain_Putamen_basalganglia	3.665,2.905,2.432	1	Brain_FrontalCortex_BA9	Brain_FrontalCortex_BA9	3.665
chr10	18367052	18367085	chr10	18366905	18367085	CACNB2	perfect	50	0.011389799999999999	0.03323863098497138	0	0.14702	0	0	2	Artery_Coronary,Artery_Tibial	Artery_Tibial,Artery_Coronary,Artery_Aorta	4.08,3.88,2.47	2	Artery_Coronary,Artery_Tibial	Artery_Tibial,Artery_Coronary	4.08,3.88
chr10	20961671	20961779	chr10	20960088	20961779	NEBL	perfect	50	0.0121124	0.020583173290187235	0	0.13605	0.00918	0.015057500000000001	1	Cells_Culturedfibroblasts	Cells_Culturedfibroblasts,Bladder,MinorSalivaryGland	6.021,2.129,0.557	1	Cells_Culturedfibroblasts	Cells_Culturedfibroblasts	6.021
chr10	21020116	21020201	chr10	21020116	21020201	NEBL	perfect	50	0.0121124	0.020583173290187235	0	0.13605	0.00918	0.015057500000000001	1	Cells_Culturedfibroblasts	Cells_Culturedfibroblasts,Bladder,MinorSalivaryGland	6.021,2.129,0.557	1	Cells_Culturedfibroblasts	Cells_Culturedfibroblasts	6.021
chr10	21172382	21172477	chr10	21171546	21172477	NEBL	perfect	50	0.0121124	0.020583173290187235	0	0.13605	0.00918	0.015057500000000001	1	Cells_Culturedfibroblasts	Cells_Culturedfibroblasts,Bladder,MinorSalivaryGland	6.021,2.129,0.557	1	Cells_Culturedfibroblasts	Cells_Culturedfibroblasts	6.021
chr10	21173764	21173833	chr10	21173598	21174373	NEBL,NEBL-AS1	perfect	50	0.0121124	0.020583173290187235	0	0.13605	0.00918	0.015057500000000001	1	Cells_Culturedfibroblasts	Cells_Culturedfibroblasts,Bladder,MinorSalivaryGland	6.021,2.129,0.557	1	Cells_Culturedfibroblasts	Cells_Culturedfibroblasts	6.021
chr10	21556642	21556677	chr10	21556642	21557182	MLLT10	perfect	50	0.194739	0.13892344734215523	0.0356	0.66667	0.16183999999999998	0.16952250000000002	1	WholeBlood	WholeBlood,Brain_Amygdala,Brain_Anteriorcingulatecortex_BA24	3.397,1.883,1.84	1	WholeBlood	WholeBlood	3.397
chr10	21556677	21556939	chr10	21556642	21557182	MLLT10	perfect	50	0.1936462	0.13891196984744678	0.0356	0.66667	0.16183999999999998	0.17063250000000002	1	WholeBlood	WholeBlood,Brain_Amygdala,Brain_Anteriorcingulatecortex_BA24	3.405,1.891,1.848	1	WholeBlood	WholeBlood	3.405
chr10	22569012	22569054	chr10	22569012	22569054	PIP4K2A	perfect	50	0.004337600000000001	0.024912976502298588	0	0.17634	0	0	1	Testis	Testis,Cells_EBV_transformedlymphocytes,WholeBlood	6.904,0.337,0.093	1	Testis	Testis	6.904
chr10	23014099	23014118	chr10	23014099	23014489	ARMC3	perfect	50	0.10770479999999998	0.19607189854994417	0	1	0	0.2347225	1	MinorSalivaryGland	MinorSalivaryGland,Kidney_Cortex,Brain_Spinalcord_cervicalc_1	4.551,2.001,1.717	1	MinorSalivaryGland	MinorSalivaryGland	4.551
chr10	23193331	23193353	chr10	23193331	23193423	PTF1A	perfect	50	0.015150000000000004	0.08113142296198643	0	0.53222	0	0	1	Testis	Testis,Pancreas,Adipose_Subcutaneous	6.373,2.59,-0.187	1	Testis	Testis	6.373
chr10	23193353	23193360	chr10	23193331	23193423	PTF1A	perfect	50	0.0155648	0.0822726699541698	0	0.53222	0	0	1	Testis	Testis,Pancreas,Adipose_Subcutaneous	6.28,2.801,-0.189	1	Testis	Testis	6.28
chr10	23193360	23193423	chr10	23193331	23193423	PTF1A	perfect	50	0.021424399999999993	0.10781368504176876	0	0.63246	0	0	2	Pancreas,Testis	Testis,Pancreas,Adipose_Subcutaneous	5.668,3.871,-0.199	2	Pancreas,Testis	Testis,Pancreas	5.668,3.871
chr10	24908505	24908685	chr10	24908300	24908812	PRTFDC1,RN7SKP241	perfect	50	0.1741062	0.04680190044501725	0	0.32639	0.16777	0.04331750000000001	2	Cells_EBV_transformedlymphocytes,Testis	Cells_EBV_transformedlymphocytes,Testis,Heart_LeftVentricle	3.254,3.232,1.164	2	Cells_EBV_transformedlymphocytes,Testis	Cells_EBV_transformedlymphocytes,Testis	3.254,3.232
chr10	25061111	25061148	chr10	25061111	25061369	ENKUR	perfect	50	0.060870999999999995	0.21743554852941066	0	1	0	0	2	Colon_Transverse,SmallIntestine_TerminalIleum	Colon_Transverse,SmallIntestine_TerminalIleum,Artery_Aorta	4.319,4.319,2.02	2	Colon_Transverse,SmallIntestine_TerminalIleum	Colon_Transverse,SmallIntestine_TerminalIleum	4.319,4.319
chr10	26204084	26204190	chr10	26204084	26204502	MYO3A	perfect	50	0.005938199999999998	0.03735456837291164	0	0.2626	0	0	1	Testis	Testis,Artery_Tibial,Adipose_Subcutaneous	6.871,0.76,-0.159	1	Testis	Testis	6.871
chr10	26763879	26763960	chr10	26763879	26763960	ABI1	perfect	50	0.09794139999999998	0.15338439165743833	0	0.60461	0	0.2225475	1	Muscle_Skeletal	Muscle_Skeletal,Brain_Caudate_basalganglia,Brain_Putamen_basalganglia	3.303,1.881,1.838	1	Muscle_Skeletal	Muscle_Skeletal	3.303
chr10	27182645	27182715	chr10	27181681	27182715	ACBD5	perfect	50	0.047754200000000004	0.026661661237799564	0.01081	0.13228	0.048725	0.038485000000000005	1	Cells_EBV_transformedlymphocytes	Cells_EBV_transformedlymphocytes,WholeBlood,Uterus	3.17,2.376,1.625	1	Cells_EBV_transformedlymphocytes	Cells_EBV_transformedlymphocytes	3.17
chr10	27223206	27223239	chr10	27223206	27223239	ACBD5	perfect	50	0.1103856	0.07206208332898992	0.02691	0.40433	0.095395	0.05794999999999999	1	Cells_EBV_transformedlymphocytes	Cells_EBV_transformedlymphocytes,Brain_CerebellarHemisphere,Brain_Cerebellum	4.079,2.555,1.778	1	Cells_EBV_transformedlymphocytes	Cells_EBV_transformedlymphocytes	4.079
chr10	27718562	27718596	chr10	27718562	27718596	MKX	perfect	50	0.014347599999999999	0.04152635123850485	0	0.20588	0	0	2	Cells_Culturedfibroblasts,Testis	Testis,Cells_Culturedfibroblasts,Bladder	4.612,4.162,1.899	2	Cells_Culturedfibroblasts,Testis	Testis,Cells_Culturedfibroblasts	4.612,4.162
chr10	32345532	32345562	chr10	32345111	32345623	EPC1	perfect	50	0.046647	0.049103910823510434	0.01246	0.34417	0.03797	0.0217	1	Testis	Testis,Muscle_Skeletal,Cells_EBV_transformedlymphocytes	6.059,2.454,0.907	1	Testis	Testis	6.059
chr10	32345605	32345623	chr10	32345111	32345623	EPC1	perfect	50	0.0512812	0.03403652585691089	0.01185	0.23956	0.046064999999999995	0.024969999999999992	1	Testis	Testis,Muscle_Skeletal,Skin_NotSunExposed_Suprapubic	5.532,2.186,1.125	1	Testis	Testis	5.532
chr10	32574428	32574435	chr10	32574428	32574564	CCDC7	perfect	50	0.0951824	0.061356257387923045	0.04255	0.48229	0.08527000000000001	0.03673749999999999	1	Testis	Testis,Ovary,Cells_EBV_transformedlymphocytes	6.309,1.038,0.986	1	Testis	Testis	6.309
chr10	33194715	33194780	chr10	33194366	33194780	NRP1	perfect	50	0.079442	0.04791608651526934	0	0.28329	0.07283999999999999	0.04248249999999999	1	Heart_LeftVentricle	Heart_LeftVentricle,Heart_AtrialAppendage,Brain_Hippocampus	4.254,2.352,1.222	1	Heart_LeftVentricle	Heart_LeftVentricle	4.254
chr10	34312354	34312382	chr10	34312255	34312382	PARD3	perfect	50	0.190828	0.1060865399336883	0.05678	0.54545	0.19405	0.156725	1	Cells_EBV_transformedlymphocytes	Cells_EBV_transformedlymphocytes,Cells_Culturedfibroblasts,Esophagus_Mucosa	3.343,2.607,1.826	1	Cells_EBV_transformedlymphocytes	Cells_EBV_transformedlymphocytes	3.343
chr10	35074191	35074226	chr10	35074078	35074330	CUL2	perfect	50	0.004971999999999997	0.035157349160595146	0	0.2486	0	0	1	Testis	Testis,Adipose_Subcutaneous,Adipose_Visceral_Omentum	6.93,-0.141,-0.141	1	Testis	Testis	6.93
chr10	35167725	35167803	chr10	35167515	35167803	CREM	perfect	50	0.0021621999999999982	0.01528906282281553	0	0.10811	0	0	1	Testis	Testis,Adipose_Subcutaneous,Adipose_Visceral_Omentum	6.93,-0.141,-0.141	1	Testis	Testis	6.93
chr10	35175702	35175705	chr10	35175586	35175705	CREM	perfect	50	0.0024828000000000025	0.0175560471632996	0	0.12414	0	0	1	Testis	Testis,Adipose_Subcutaneous,Adipose_Visceral_Omentum	6.93,-0.141,-0.141	1	Testis	Testis	6.93
chr10	35195189	35195214	chr10	35195126	35195214	CREM	perfect	50	0.1577028	0.08515154509940688	6.2e-4	0.4779	0.159285	0.1014175	1	WholeBlood	WholeBlood,Adipose_Visceral_Omentum,Lung	3.76,2.2,1.809	1	WholeBlood	WholeBlood	3.76
chr10	35201450	35201479	chr10	35201450	35201486	CREM	perfect	50	0.07448460000000001	0.054946293080663074	0	0.25691	0.07450499999999999	0.06807250000000001	1	WholeBlood	WholeBlood,Adipose_Visceral_Omentum,Lung	3.32,2.281,1.817	1	WholeBlood	WholeBlood	3.32
chr10	35201479	35201486	chr10	35201450	35201486	CREM	perfect	50	0.0816202	0.05933720949430828	0	0.27624	0.08148	0.07065749999999998	1	WholeBlood	WholeBlood,Adipose_Visceral_Omentum,Lung	3.28,2.278,1.786	1	WholeBlood	WholeBlood	3.28
chr10	37177665	37177756	chr10	37177665	37177756	ANKRD30A	perfect	50	0.059999999999999984	0.23989793748209534	0	1	0	0	3	Adipose_Subcutaneous,Breast_MammaryTissue,Testis	Adipose_Subcutaneous,Breast_MammaryTissue,Testis	3.918,3.918,3.918	3	Adipose_Subcutaneous,Breast_MammaryTissue,Testis	Adipose_Subcutaneous,Breast_MammaryTissue,Testis	3.918,3.918,3.918
chr10	37181321	37181350	chr10	37181321	37181350	ANKRD30A	perfect	50	0.059999999999999984	0.23989793748209534	0	1	0	0	3	Adipose_Subcutaneous,Breast_MammaryTissue,Testis	Adipose_Subcutaneous,Breast_MammaryTissue,Testis	3.918,3.918,3.918	3	Adipose_Subcutaneous,Breast_MammaryTissue,Testis	Adipose_Subcutaneous,Breast_MammaryTissue,Testis	3.918,3.918,3.918
chr10	37181443	37181516	chr10	37181443	37181516	ANKRD30A	perfect	50	0.059999999999999984	0.23989793748209534	0	1	0	0	3	Adipose_Subcutaneous,Breast_MammaryTissue,Testis	Adipose_Subcutaneous,Breast_MammaryTissue,Testis	3.918,3.918,3.918	3	Adipose_Subcutaneous,Breast_MammaryTissue,Testis	Adipose_Subcutaneous,Breast_MammaryTissue,Testis	3.918,3.918,3.918
chr10	37185512	37185541	chr10	37185512	37185541	ANKRD30A	perfect	50	0.059999999999999984	0.23989793748209534	0	1	0	0	3	Adipose_Subcutaneous,Breast_MammaryTissue,Testis	Adipose_Subcutaneous,Breast_MammaryTissue,Testis	3.918,3.918,3.918	3	Adipose_Subcutaneous,Breast_MammaryTissue,Testis	Adipose_Subcutaneous,Breast_MammaryTissue,Testis	3.918,3.918,3.918
chr10	37185639	37185712	chr10	37185639	37185712	ANKRD30A	perfect	50	0.059999999999999984	0.23989793748209534	0	1	0	0	3	Adipose_Subcutaneous,Breast_MammaryTissue,Testis	Adipose_Subcutaneous,Breast_MammaryTissue,Testis	3.918,3.918,3.918	3	Adipose_Subcutaneous,Breast_MammaryTissue,Testis	Adipose_Subcutaneous,Breast_MammaryTissue,Testis	3.918,3.918,3.918
chr10	37187957	37188019	chr10	37187957	37188019	ANKRD30A	perfect	50	0.059999999999999984	0.23989793748209534	0	1	0	0	3	Adipose_Subcutaneous,Breast_MammaryTissue,Testis	Adipose_Subcutaneous,Breast_MammaryTissue,Testis	3.918,3.918,3.918	3	Adipose_Subcutaneous,Breast_MammaryTissue,Testis	Adipose_Subcutaneous,Breast_MammaryTissue,Testis	3.918,3.918,3.918
chr10	38064087	38064114	chr10	38064087	38065088	ZNF33A	perfect	50	0.057024	0.02842651629326796	0.0237	0.17761	0.05121	0.030369999999999994	1	WholeBlood	WholeBlood,AdrenalGland,Adipose_Visceral_Omentum	4.242,2.017,1.796	1	WholeBlood	WholeBlood	4.242
chr10	42574643	42574678	chr10	42574184	42574678	ZNF33B	perfect	50	0.0439314	0.028271370750680785	0	0.14716	0.0344	0.0367725	1	Testis	Testis,Brain_Nucleusaccumbens_basalganglia,Brain_Cerebellum	3.651,2.043,1.395	1	Testis	Testis	3.651
chr10	43202657	43202682	chr10	43202657	43202682	RASGEF1A	perfect	50	0.025981200000000003	0.05554345706760076	0	0.24696	0	0.0249975	2	Cells_EBV_transformedlymphocytes,Testis	Testis,Cells_EBV_transformedlymphocytes,WholeBlood	3.978,3.055,2.564	2	Cells_EBV_transformedlymphocytes,Testis	Testis,Cells_EBV_transformedlymphocytes	3.978,3.055
chr10	47461919	47461961	chr10	47460161	47461961	ANXA8	perfect	50	0.0081948	0.05654638147682351	0	0.4	0	0	1	Colon_Sigmoid	Colon_Sigmoid,Skin_SunExposed_Lowerleg,Skin_NotSunExposed_Suprapubic	6.929,-0.072,-0.078	1	Colon_Sigmoid	Colon_Sigmoid	6.929
chr10	48155675	48155703	chr10	48155311	48155703	FRMPD2	perfect	50	0.004637599999999999	0.03279278408430735	0	0.23188	0	0	1	Cells_EBV_transformedlymphocytes	Cells_EBV_transformedlymphocytes,Adipose_Subcutaneous,Adipose_Visceral_Omentum	6.93,-0.141,-0.141	1	Cells_EBV_transformedlymphocytes	Cells_EBV_transformedlymphocytes	6.93
chr10	48156092	48156374	chr10	48156092	48156374	FRMPD2	perfect	50	0.004637599999999999	0.03279278408430735	0	0.23188	0	0	1	Cells_EBV_transformedlymphocytes	Cells_EBV_transformedlymphocytes,Adipose_Subcutaneous,Adipose_Visceral_Omentum	6.93,-0.141,-0.141	1	Cells_EBV_transformedlymphocytes	Cells_EBV_transformedlymphocytes	6.93
chr10	48493438	48493490	chr10	48493438	48493649	ARHGAP22	perfect	50	0.007307400000000002	0.028301343287511126	0	0.17847	0	0	1	Testis	Testis,Ovary,Skin_NotSunExposed_Suprapubic	6.048,2.314,1.681	1	Testis	Testis	6.048
chr10	49103744	49103860	chr10	49102171	49103860	VSTM4	perfect	50	0.0337206	0.030660983810114145	0	0.22222	0.027475	0.01245	1	Cells_EBV_transformedlymphocytes	Cells_EBV_transformedlymphocytes,Liver,Thyroid	6.148,1.783,0.997	1	Cells_EBV_transformedlymphocytes	Cells_EBV_transformedlymphocytes	6.148
chr10	49517098	49517121	chr10	49514113	49517121	ERCC6	perfect	50	0.2216092	0.046751390412151254	0.12	0.38622	0.221305	0.04485	1	Cells_Culturedfibroblasts	Cells_Culturedfibroblasts,Heart_LeftVentricle,AdrenalGland	3.521,2.13,1.753	1	Cells_Culturedfibroblasts	Cells_Culturedfibroblasts	3.521
chr10	49708360	49708614	chr10	49708360	49710261	C10orf53	perfect	50	0.005466	0.02727197380282623	0	0.15385	0	0	2	Brain_Hypothalamus,Testis	Brain_Hypothalamus,Testis,Adipose_Subcutaneous	5.441,4.18,-0.2	2	Brain_Hypothalamus,Testis	Brain_Hypothalamus,Testis	5.441,4.18
chr10	52128455	52128541	chr10	52128345	52128541	PRKG1	perfect	50	0.4741204	0.1684838086565845	0.11086	1	0.459665	0.19140249999999998	2	Cells_EBV_transformedlymphocytes,WholeBlood	Cells_EBV_transformedlymphocytes,WholeBlood,Brain_Nucleusaccumbens_basalganglia	3.121,3.121,1.191	2	Cells_EBV_transformedlymphocytes,WholeBlood	Cells_EBV_transformedlymphocytes,WholeBlood	3.121,3.121
chr10	53825135	53825141	chr10	53825135	53825141	PCDH15	perfect	50	0.0328926	0.06911341902279473	0	0.4	0	0.048975000000000005	1	Colon_Sigmoid	Colon_Sigmoid,Pituitary,Spleen	5.312,2.325,1.936	1	Colon_Sigmoid	Colon_Sigmoid	5.312
chr10	60051474	60051561	chr10	60051474	60051604	ANK3	perfect	50	0.0115244	0.046729198980805936	0	0.32236	0.0013700000000000001	0.0048825000000000006	1	Muscle_Skeletal	Muscle_Skeletal,Heart_LeftVentricle,Heart_AtrialAppendage	6.652,1.379,0.935	1	Muscle_Skeletal	Muscle_Skeletal	6.652
chr10	60053676	60053727	chr10	60053676	60053727	ANK3	perfect	50	0.0091966	0.037942668438106474	0	0.26619	0	0.005795	1	Muscle_Skeletal	Muscle_Skeletal,Heart_LeftVentricle,Heart_AtrialAppendage	6.773,0.942,0.652	1	Muscle_Skeletal	Muscle_Skeletal	6.773
chr10	60140351	60140367	chr10	60140351	60141016	ANK3,ENSG00000282121	perfect	50	0.0308962	0.03516119265523818	0	0.15794	0.016535	0.0534875	1	Uterus	Uterus,Testis,Kidney_Cortex	3.613,2.271,1.629	1	Uterus	Uterus	3.613
chr10	61412903	61412998	chr10	61412892	61412998	TMEM26	perfect	50	0.004473200000000003	0.019349975419485525	0	0.11211	0	0	2	Breast_MammaryTissue,Testis	Testis,Breast_MammaryTissue,Spleen	5.563,3.514,1.789	1	Testis	Testis	5.563
chr10	62184324	62184387	chr10	62183034	62184387	RTKN2	perfect	50	0.016522799999999997	0.031728701230840164	0	0.14953	0	0.0280225	1	Lung	Lung,WholeBlood,Spleen	4.192,2.981,2.001	1	Lung	Lung	4.192
chr10	62215028	62215091	chr10	62215028	62215091	RTKN2	perfect	50	0.016522799999999997	0.031728701230840164	0	0.14953	0	0.0280225	1	Lung	Lung,WholeBlood,Spleen	4.192,2.981,2.001	1	Lung	Lung	4.192
chr10	68039416	68039472	chr10	68039398	68039967	HERC4	perfect	50	0.024798999999999998	0.017787846601955332	0	0.12053	0.02052	0.008899999999999998	1	Testis	Testis,Liver,Brain_Amygdala	5.382,1.696,1.652	1	Testis	Testis	5.382
chr10	68070495	68070599	chr10	68067688	68070599	HERC4	perfect	50	0.1028394	0.04060797777304759	0.03554	0.26784	0.09626499999999999	0.030405000000000015	2	Brain_CerebellarHemisphere,Brain_Cerebellum	Brain_CerebellarHemisphere,Brain_Cerebellum,WholeBlood	4.063,3.031,2.228	2	Brain_CerebellarHemisphere,Brain_Cerebellum	Brain_CerebellarHemisphere,Brain_Cerebellum	4.063,3.031
chr10	68135458	68135512	chr10	68135458	68135512	MYPN	perfect	50	0.030677199999999995	0.145565164929593	0	1	0	0	1	Brain_Hippocampus	Brain_Hippocampus,Testis,Heart_LeftVentricle	6.659,1.417,0.697	1	Brain_Hippocampus	Brain_Hippocampus	6.659
chr10	69288743	69288770	chr10	69288670	69288770	HK1	perfect	50	0.0204068	0.09373558086534305	0	0.66947	0.00603	0.004125	1	Testis	Testis,Brain_Hippocampus,Brain_Amygdala	6.924,-0.041,-0.066	1	Testis	Testis	6.924
chr10	69295632	69295680	chr10	69295632	69295680	HK1	perfect	50	0.0204068	0.09373558086534305	0	0.66947	0.00603	0.004125	1	Testis	Testis,Brain_Hippocampus,Brain_Amygdala	6.924,-0.041,-0.066	1	Testis	Testis	6.924
chr10	69953947	69954025	chr10	69953947	69954025	COL13A1	perfect	50	0.010728399999999999	0.039557434573551625	0	0.20272	0	0	2	Brain_CerebellarHemisphere,Brain_Cerebellum	Brain_CerebellarHemisphere,Brain_Cerebellum,Artery_Tibial	4.853,4.678,0.533	2	Brain_CerebellarHemisphere,Brain_Cerebellum	Brain_CerebellarHemisphere,Brain_Cerebellum	4.853,4.678
chr10	70447923	70447951	chr10	70447923	70447951	NODAL	perfect	50	0.0430716	0.10023512444696202	0	0.5368	0	0	1	Testis	Testis,Brain_Caudate_basalganglia,Brain_FrontalCortex_BA9	4.926,1.965,1.965	1	Testis	Testis	4.926
chr10	71635237	71635297	chr10	71635237	71635297	CDH23	perfect	50	0.037482	0.02275417288484619	0	0.14151	0.03461	0.01681	1	Skin_SunExposed_Lowerleg	Skin_SunExposed_Lowerleg,Skin_NotSunExposed_Suprapubic,MinorSalivaryGland	4.572,2.681,1.339	1	Skin_SunExposed_Lowerleg	Skin_SunExposed_Lowerleg	4.572
chr10	71647618	71647693	chr10	71647618	71647908	CDH23	perfect	50	0.039386	0.04314850857024766	0	0.23992	0.031195	0.0621675	1	Liver	Liver,Brain_Nucleusaccumbens_basalganglia,Brain_Anteriorcingulatecortex_BA24	4.648,1.545,1.37	1	Liver	Liver	4.648
chr10	72524734	72524746	chr10	72524734	72524746	MICU1	perfect	50	0.0268152	0.0385224328623291	0	0.28084	0.023045000000000003	0.0159425	1	Muscle_Skeletal	Muscle_Skeletal,Cells_EBV_transformedlymphocytes,Brain_FrontalCortex_BA9	6.594,0.626,0.434	1	Muscle_Skeletal	Muscle_Skeletal	6.594
chr10	73043886	73043957	chr10	73043886	73043957	P4HA1	perfect	50	0.4660444	0.07941959628531517	0.33882	0.7409	0.451055	0.08345499999999995	1	WholeBlood	WholeBlood,Cells_EBV_transformedlymphocytes,Cells_Culturedfibroblasts	3.461,2.835,2.315	1	WholeBlood	WholeBlood	3.461
chr10	73448663	73448690	chr10	73448663	73448690	PPP3CB	perfect	50	0.0042774	0.017253787730849835	0	0.10818	0	0	1	Muscle_Skeletal	Muscle_Skeletal,Brain_CerebellarHemisphere,Brain_Cerebellum	6.022,2.801,1.436	1	Muscle_Skeletal	Muscle_Skeletal	6.022
chr10	76319209	76319212	chr10	76318333	76319212	LRMDA	perfect	50	0.016173799999999995	0.06339497233944004	0	0.35345	9.15e-4	0.003565	2	Brain_CerebellarHemisphere,Brain_Cerebellum	Brain_Cerebellum,Brain_CerebellarHemisphere,Artery_Tibial	5.32,4.236,0.556	2	Brain_CerebellarHemisphere,Brain_Cerebellum	Brain_Cerebellum,Brain_CerebellarHemisphere	5.32,4.236
chr10	76877868	76877890	chr10	76869600	76877893	KCNMA1	perfect	50	0.0840732	0.12931380338020015	0	0.48019	0.022144999999999998	0.0694025	1	Brain_FrontalCortex_BA9	Brain_FrontalCortex_BA9,Brain_Cortex,Brain_Anteriorcingulatecortex_BA24	3.063,2.496,2.249	1	Brain_FrontalCortex_BA9	Brain_FrontalCortex_BA9	3.063
chr10	76877890	76877893	chr10	76869600	76877893	KCNMA1	perfect	50	0.0840594	0.12927069785578804	0	0.4795	0.022144999999999998	0.0694025	1	Brain_FrontalCortex_BA9	Brain_FrontalCortex_BA9,Brain_Cortex,Brain_Anteriorcingulatecortex_BA24	3.059,2.497,2.25	1	Brain_FrontalCortex_BA9	Brain_FrontalCortex_BA9	3.059
chr10	80540896	80540933	chr10	80540818	80540933	SH2D4B	perfect	50	0.05223519999999998	0.20569049920257385	0	1	0	0	2	Adipose_Subcutaneous,Breast_MammaryTissue	Adipose_Subcutaneous,Breast_MammaryTissue,Lung	4.608,4.608,1.748	2	Adipose_Subcutaneous,Breast_MammaryTissue	Adipose_Subcutaneous,Breast_MammaryTissue	4.608,4.608
chr10	82984782	82984854	chr10	82984782	82984854	NRG3	perfect	50	0.077832	0.09756732108066275	0	0.43243	0	0.14358	1	Testis	Testis,MinorSalivaryGland,Artery_Tibial	3.634,1.929,1.86	1	Testis	Testis	3.634
chr10	84219078	84219092	chr10	84219078	84219621	CDHR1	perfect	50	0.0825494	0.06818898649506744	0	0.36735	0.09353	0.1114975	1	Testis	Testis,Pituitary,Esophagus_Mucosa	4.177,1.482,1.276	1	Testis	Testis	4.177
chr10	84219343	84219350	chr10	84219078	84219621	CDHR1	perfect	50	0.013359	0.0310239926409828	0	0.18367	0	0.013225	1	Testis	Testis,Brain_Putamen_basalganglia,Brain_Caudate_basalganglia	5.49,2.382,1.948	1	Testis	Testis	5.49
chr10	84254696	84254702	chr10	84254696	84254737	RGR	perfect	50	0.0208976	0.042921497661071735	0	0.16418	0	0	1	Brain_Hippocampus	Brain_Hippocampus,Brain_Hypothalamus,Brain_Substantianigra	3.338,2.69,2.552	1	Brain_Hippocampus	Brain_Hippocampus	3.338
chr10	84255136	84255151	chr10	84255136	84255540	RGR	perfect	50	0.009333400000000006	0.06599710431526522	0	0.46667	0	0	1	Testis	Testis,Adipose_Subcutaneous,Adipose_Visceral_Omentum	6.93,-0.141,-0.141	1	Testis	Testis	6.93
chr10	84452233	84452305	chr10	84452216	84452305	CCSER2	perfect	50	0.006144000000000001	0.023956404537562533	0	0.14158	0	0	2	Brain_Spinalcord_cervicalc_1,Testis	Testis,Brain_Spinalcord_cervicalc_1,Brain_Substantianigra	5.653,3.565,0.963	1	Testis	Testis	5.653
chr10	87235116	87235152	chr10	87235116	87236908	NUTM2A,NUTM2A-AS1	perfect	50	0.1177798	0.05636053281457565	0.03658	0.31667	0.111985	0.06215999999999998	1	Brain_Cerebellum	Brain_Cerebellum,Ovary,Vagina	3.529,2.093,1.797	1	Brain_Cerebellum	Brain_Cerebellum	3.529
chr10	88973181	88973310	chr10	88969795	88975153	FAS,STAMBPL1	perfect	50	0.013747200000000001	0.024885465804893637	0	0.15259	0.0077	0.0060675	2	Artery_Tibial,Testis	Testis,Artery_Tibial,Artery_Aorta	5.579,3.031,1.994	1	Testis	Testis	5.579
chr10	92478644	92478789	chr10	92478644	92478789	IDE	perfect	50	0.054752	0.061615243740688795	0	0.33796	0.04157	0.054522499999999995	1	Testis	Testis,Muscle_Skeletal,Cells_Culturedfibroblasts	4.596,2.752,1.869	1	Testis	Testis	4.596
chr10	93604073	93604085	chr10	93604073	93604480	FFAR4	perfect	50	0.023503999999999997	0.08124244512442938	0	0.42776	0	0	2	Liver,Testis	Testis,Liver,Brain_Nucleusaccumbens_basalganglia	4.976,3.814,1.949	2	Liver,Testis	Testis,Liver	4.976,3.814
chr10	95322745	95322805	chr10	95322745	95322805	SORBS1	perfect	50	0.013038000000000001	0.035952127580311855	0	0.19826	0.004255	0.003544999999999999	2	Heart_AtrialAppendage,Muscle_Skeletal	Muscle_Skeletal,Heart_AtrialAppendage,Heart_LeftVentricle	5.152,3.309,2.903	2	Heart_AtrialAppendage,Muscle_Skeletal	Muscle_Skeletal,Heart_AtrialAppendage	5.152,3.309
chr10	95913425	95913437	chr10	95913381	95913437	CC2D2B,ENSG00000270099	perfect	50	0.003300799999999998	0.018602668213271487	0	0.12658	0	0	1	Testis	Testis,Cells_EBV_transformedlymphocytes,Adipose_Subcutaneous	6.627,1.89,-0.177	1	Testis	Testis	6.627
chr10	96632887	96633059	chr10	96632887	96633241	PIK3AP1	perfect	50	0.004055999999999997	0.028680251044926365	0	0.2028	0	0	1	Testis	Testis,Adipose_Subcutaneous,Adipose_Visceral_Omentum	6.93,-0.141,-0.141	1	Testis	Testis	6.93
chr10	97602100	97602109	chr10	97602100	97602240	HOGA1	perfect	50	0.0238844	0.05579500753615132	0	0.36036	0	0.040235	1	Testis	Testis,Liver,Kidney_Cortex	6.031,1.32,1.01	1	Testis	Testis	6.031
chr10	99929607	99930763	chr10	99929607	99930996	DNMBP,DNMBP-AS1	perfect	50	0.0488152	0.06180568688714523	0.00833	0.26316	0.025	0.018547499999999998	1	Pancreas	Pancreas,Stomach,MinorSalivaryGland	3.468,2.916,2.244	1	Pancreas	Pancreas	3.468
chr10	102619065	102619068	chr10	102619065	102619462	SUFU	perfect	50	0.036608800000000004	0.04596857474228166	0.01194	0.31588	0.024960000000000003	0.023950000000000003	1	Testis	Testis,Cells_EBV_transformedlymphocytes,Heart_AtrialAppendage	6.075,2.383,0.903	1	Testis	Testis	6.075
chr10	102776390	102776417	chr10	102776248	102776417	WBP1L	perfect	50	0.1682688	0.10464173266368033	0	0.52756	0.15295999999999998	0.12429500000000003	1	Muscle_Skeletal	Muscle_Skeletal,Heart_LeftVentricle,Heart_AtrialAppendage	3.434,2.596,2.176	1	Muscle_Skeletal	Muscle_Skeletal	3.434
chr10	102927344	102927379	chr10	102927344	102927618	CNNM2	perfect	50	0.06565180000000001	0.08173553499162618	0	0.43913	0.03234	0.084655	1	Testis	Testis,Cells_EBV_transformedlymphocytes,WholeBlood	4.569,2.148,2.02	1	Testis	Testis	4.569
chr10	104382125	104382170	chr10	104382125	104382360	CFAP58	perfect	50	0.010644799999999994	0.06360872778132874	0	0.44259	0	0	1	Testis	Testis,Pituitary,Adipose_Subcutaneous	6.791,1.242,-0.167	1	Testis	Testis	6.791
chr10	110907679	110907836	chr10	110906478	110908182	BBIP1,ENSG00000278601	perfect	50	0.043294	0.042525243019617784	0	0.32309	0.039735	0.019552499999999993	1	Testis	Testis,Cells_EBV_transformedlymphocytes,Adipose_Visceral_Omentum	6.58,0.638,0.443	1	Testis	Testis	6.58
chr10	113709411	113709446	chr10	113709260	113709446	CASP7	perfect	50	0.036326399999999995	0.08258356071919662	0	0.38037	0	0	1	Brain_Cerebellum	Brain_Cerebellum,Brain_CerebellarHemisphere,Brain_Hippocampus	4.166,2.615,2.296	1	Brain_Cerebellum	Brain_Cerebellum	4.166
chr10	113765380	113765390	chr10	113764818	113765390	PLEKHS1	perfect	50	0.008541399999999998	0.0241051317264814	0	0.10642	0	0	2	Breast_MammaryTissue,MinorSalivaryGland	Breast_MammaryTissue,MinorSalivaryGland,Pancreas	4.06,3.322,2.585	1	Breast_MammaryTissue	Breast_MammaryTissue	4.06
chr10	113777409	113777637	chr10	113777409	113777730	PLEKHS1	perfect	50	0.019453399999999996	0.046933174621378596	0	0.17098	0	0	1	Testis	Testis,SmallIntestine_TerminalIleum,MinorSalivaryGland	3.229,2.763,2.707	1	Testis	Testis	3.229
chr10	114899489	114899511	chr10	114899489	114899832	FHIP2A	perfect	50	0.006363800000000001	0.04499886134114951	0	0.31819	0	0	1	Testis	Testis,Adipose_Subcutaneous,Adipose_Visceral_Omentum	6.93,-0.141,-0.141	1	Testis	Testis	6.93
chr10	116833293	116833373	chr10	116828763	116835022	HSPA12A	perfect	50	0.028302600000000004	0.05419257998799377	0	0.32795	0.00933	0.035605	1	Testis	Testis,Cells_EBV_transformedlymphocytes,Heart_LeftVentricle	5.529,2.815,1.052	1	Testis	Testis	5.529
chr10	116834934	116835022	chr10	116828763	116835022	HSPA12A	perfect	50	0.0955912	0.09279882607543907	0	0.40426	0.06089	0.11641500000000002	1	Cells_EBV_transformedlymphocytes	Cells_EBV_transformedlymphocytes,Testis,Pancreas	3.326,2.824,1.73	1	Cells_EBV_transformedlymphocytes	Cells_EBV_transformedlymphocytes	3.326
chr10	116900539	116900540	chr10	116900311	116900540	SHTN1	perfect	50	0.027360599999999995	0.030664522637932026	0	0.16486	0.0173	0.03254	1	Cells_Culturedfibroblasts	Cells_Culturedfibroblasts,Brain_Spinalcord_cervicalc_1,Brain_Substantianigra	4.484,1.611,1.586	1	Cells_Culturedfibroblasts	Cells_Culturedfibroblasts	4.484
chr10	116911498	116911569	chr10	116911498	116911788	ENO4	perfect	50	0.16376359999999998	0.2645546225128149	0	1	0	0.2831075	3	MinorSalivaryGland,Skin_NotSunExposed_Suprapubic,Skin_SunExposed_Lowerleg	MinorSalivaryGland,Skin_NotSunExposed_Suprapubic,Skin_SunExposed_Lowerleg	3.161,3.161,3.161	3	MinorSalivaryGland,Skin_NotSunExposed_Suprapubic,Skin_SunExposed_Lowerleg	MinorSalivaryGland,Skin_NotSunExposed_Suprapubic,Skin_SunExposed_Lowerleg	3.161,3.161,3.161
chr10	117132211	117132302	chr10	117128520	117132302	VAX1	perfect	50	0.03492840000000001	0.0670401349896356	0	0.27273	0	0	1	Testis	Testis,Brain_Caudate_basalganglia,Brain_Nucleusaccumbens_basalganglia	3.547,2.1,2.066	1	Testis	Testis	3.547
chr10	117132439	117132477	chr10	117132439	117132477	VAX1	perfect	50	0.03492840000000001	0.0670401349896356	0	0.27273	0	0	1	Testis	Testis,Brain_Caudate_basalganglia,Brain_Nucleusaccumbens_basalganglia	3.547,2.1,2.066	1	Testis	Testis	3.547
chr10	119104763	119104798	chr10	119104763	119105643	DENND10	perfect	50	0.0479628	0.01932613426087555	0.02448	0.10697	0.04002	0.019989999999999994	1	WholeBlood	WholeBlood,Pancreas,Spleen	3.053,2.709,2.442	1	WholeBlood	WholeBlood	3.053
chr10	121898840	121898969	chr10	121898840	121898969	ATE1	perfect	50	0.2511672	0.11349828401184157	0.09171	0.67893	0.249385	0.13017	1	Cells_Culturedfibroblasts	Cells_Culturedfibroblasts,Cells_EBV_transformedlymphocytes,Muscle_Skeletal	3.769,2.347,2.026	1	Cells_Culturedfibroblasts	Cells_Culturedfibroblasts	3.769
chr10	122213341	122213377	chr10	122213341	122213377	TACC2	perfect	50	0.055851399999999995	0.07442622691700851	0	0.28828	0.018595	0.08884999999999998	1	Brain_CerebellarHemisphere	Brain_CerebellarHemisphere,Brain_Cerebellum,Brain_FrontalCortex_BA9	3.123,2.851,2.14	1	Brain_CerebellarHemisphere	Brain_CerebellarHemisphere	3.123
chr10	122245064	122245073	chr10	122245064	122245073	TACC2	perfect	50	0.4508456	0.12686434049979914	0.28715	1	0.41178000000000003	0.10846500000000003	2	Cells_EBV_transformedlymphocytes,WholeBlood	WholeBlood,Cells_EBV_transformedlymphocytes,Brain_Putamen_basalganglia	4.329,3.015,1.433	2	Cells_EBV_transformedlymphocytes,WholeBlood	WholeBlood,Cells_EBV_transformedlymphocytes	4.329,3.015
chr10	122428316	122428377	chr10	122428235	122428420	PLEKHA1	perfect	50	0.06398620000000001	0.07414099559705446	0	0.5179	0.044109999999999996	0.047189999999999996	1	Testis	Testis,Nerve_Tibial,Ovary	6.122,1.145,0.986	1	Testis	Testis	6.122
chr10	122987333	122987500	chr10	122987333	122987504	PSTK	perfect	50	0.021920999999999996	0.05024282758234639	0	0.31361	0.004465	0.0146325	1	Testis	Testis,Muscle_Skeletal,Brain_Spinalcord_cervicalc_1	5.806,2.04,1.362	1	Testis	Testis	5.806
chr10	124498327	124498339	chr10	124498327	124498514	LHPP	perfect	50	0.0551132	0.07727684912028429	0	0.39687	0.031805	0.0437725	1	Cells_EBV_transformedlymphocytes	Cells_EBV_transformedlymphocytes,Cells_Culturedfibroblasts,Heart_LeftVentricle	4.422,2.906,2.497	1	Cells_EBV_transformedlymphocytes	Cells_EBV_transformedlymphocytes	4.422
chr10	125005546	125005808	chr10	125005546	125006013	CTBP2	perfect	50	0.073324	0.05387254936895231	0	0.24421	0.054535	0.0569075	1	Brain_FrontalCortex_BA9	Brain_FrontalCortex_BA9,Brain_Cortex,Brain_Hypothalamus	3.172,2.883,2.138	1	Brain_FrontalCortex_BA9	Brain_FrontalCortex_BA9	3.172
chr10	125576751	125576874	chr10	125576521	125576874	TEX36	perfect	50	0.008707600000000003	0.06157203007859981	0	0.43538	0	0	1	Testis	Testis,Adipose_Subcutaneous,Adipose_Visceral_Omentum	6.93,-0.141,-0.141	1	Testis	Testis	6.93
chr10	125621612	125621645	chr10	125621612	125621645	TEX36	perfect	50	0.0036946	0.026124767137718188	0	0.18473	0	0	1	Testis	Testis,Adipose_Subcutaneous,Adipose_Visceral_Omentum	6.93,-0.141,-0.141	1	Testis	Testis	6.93
chr10	125758754	125758780	chr10	125757508	125758780	MMP21	perfect	50	0.7855034	0.06898291091573451	0.66667	1	0.7787200000000001	0.08213499999999996	1	WholeBlood	WholeBlood,Cells_EBV_transformedlymphocytes,Cells_Culturedfibroblasts	3.109,2.647,1.881	1	WholeBlood	WholeBlood	3.109
chr10	125853124	125853240	chr10	125853124	125853695	BCCIP	perfect	50	0.181851	0.049042176402832406	0.11998	0.44248	0.17312	0.0349575	1	Testis	Testis,Muscle_Skeletal,Cells_EBV_transformedlymphocytes	5.314,1.434,1.301	1	Testis	Testis	5.314
chr10	125989429	125989447	chr10	125989429	125989447	FANK1	perfect	50	0.011157199999999997	0.020956702015034204	0	0.13493	0	0.020750000000000005	1	Testis	Testis,Skin_NotSunExposed_Suprapubic,Pituitary	5.906,0.907,0.834	1	Testis	Testis	5.906
chr10	126521298	126521320	chr10	126521298	126521466	C10orf90	perfect	50	0.013745199999999992	0.0971932412876533	0	0.68726	0	0	1	Testis	Testis,Adipose_Subcutaneous,Adipose_Visceral_Omentum	6.93,-0.141,-0.141	1	Testis	Testis	6.93
chr10	132324236	132324373	chr10	132324036	132324373	STK32C	perfect	50	0.2392746	0.1113349635240339	0.05828	0.63694	0.23341	0.15290249999999997	1	Liver	Liver,Muscle_Skeletal,Adipose_Subcutaneous	3.572,1.949,1.32	1	Liver	Liver	3.572
chr10	132832767	132832802	chr10	132832615	132832802	CFAP46	perfect	50	0.0368622	0.06299747627889712	0	0.28437	0	0.0614925	1	Muscle_Skeletal	Muscle_Skeletal,Stomach,Brain_Substantianigra	3.929,2.425,2.229	1	Muscle_Skeletal	Muscle_Skeletal	3.929
chr10	133161152	133161185	chr10	133161152	133163658	ENSG00000294569,KNDC1	perfect	50	0.028785400000000003	0.027655260282002526	0	0.16667	0.025160000000000002	0.019337499999999997	1	Heart_AtrialAppendage	Heart_AtrialAppendage,Skin_SunExposed_Lowerleg,Testis	4.986,1.688,1.533	1	Heart_AtrialAppendage	Heart_AtrialAppendage	4.986
chr10	133178834	133178891	chr10	133178834	133180840	KNDC1	perfect	50	0.0193292	0.02933706152529213	0	0.1202	0	0.031517500000000004	1	Liver	Liver,Ovary,AdrenalGland	3.438,2.677,2.549	1	Liver	Liver	3.438
chr10	133554292	133554328	chr10	133553900	133554328	SYCE1	perfect	50	0.0397748	0.06452954812000027	0	0.29182	0	0.08335000000000001	1	Testis	Testis,Brain_CerebellarHemisphere,Liver	3.906,2.16,1.811	1	Testis	Testis	3.906
chr10	133568076	133568448	chr10	133567797	133568483	SYCE1	perfect	50	0.1680748	0.25561071262594387	0	1	0.074145	0.14322000000000001	3	Cells_EBV_transformedlymphocytes,MinorSalivaryGland,Skin_SunExposed_Lowerleg	Cells_EBV_transformedlymphocytes,MinorSalivaryGland,Skin_SunExposed_Lowerleg	3.255,3.255,3.255	3	Cells_EBV_transformedlymphocytes,MinorSalivaryGland,Skin_SunExposed_Lowerleg	Cells_EBV_transformedlymphocytes,MinorSalivaryGland,Skin_SunExposed_Lowerleg	3.255,3.255,3.255
chr11	1013795	1013898	chr11	1013795	1013898	MUC6	perfect	50	0.015510200000000009	0.06089496462176257	0	0.28781	0	0	2	Pancreas,Stomach	Stomach,Pancreas,Kidney_Cortex	4.472,4.14,2.978	2	Pancreas,Stomach	Stomach,Pancreas	4.472,4.14
chr11	1746577	1746799	chr11	1744358	1746799	ENSG00000250644	perfect	50	0.0360436	0.0222319841082112	0.00434	0.1087	0.037155	0.028625	1	Cells_EBV_transformedlymphocytes	Cells_EBV_transformedlymphocytes,WholeBlood,Spleen	3.268,2.347,1.714	1	Cells_EBV_transformedlymphocytes	Cells_EBV_transformedlymphocytes	3.268
chr11	1936213	1936254	chr11	1936213	1936254	TNNT3	perfect	50	0.006828000000000001	0.03238068635745066	0	0.18743	0	0	2	MinorSalivaryGland,Muscle_Skeletal	Muscle_Skeletal,MinorSalivaryGland,Heart_LeftVentricle	5.577,3.988,-0.014	2	MinorSalivaryGland,Muscle_Skeletal	Muscle_Skeletal,MinorSalivaryGland	5.577,3.988
chr11	3373576	3373591	chr11	3373576	3373675	ZNF195	perfect	50	0.0683294	0.052793161253545495	0	0.2329	0.06042	0.09685749999999999	1	Cells_EBV_transformedlymphocytes	Cells_EBV_transformedlymphocytes,Skin_SunExposed_Lowerleg,Bladder	3.117,1.394,1.352	1	Cells_EBV_transformedlymphocytes	Cells_EBV_transformedlymphocytes	3.117
chr11	3822908	3822946	chr11	3822908	3822993	PGAP2	perfect	50	0.059136	0.030445423435440433	0.02501	0.2169	0.050589999999999996	0.024732499999999998	1	Testis	Testis,Muscle_Skeletal,Cells_EBV_transformedlymphocytes	5.182,2.353,1.272	1	Testis	Testis	5.182
chr11	3822946	3822993	chr11	3822908	3822993	PGAP2	perfect	50	0.0594772	0.032289316173291366	0.02501	0.23396	0.050589999999999996	0.024732499999999998	1	Testis	Testis,Muscle_Skeletal,Cells_EBV_transformedlymphocytes	5.404,2.208,1.188	1	Testis	Testis	5.404
chr11	6404744	6404805	chr11	6404744	6404933	APBB1	perfect	50	0.021373999999999997	0.04249511453312812	0	0.15289	0	0.0194125	1	Brain_Anteriorcingulatecortex_BA24	Brain_Anteriorcingulatecortex_BA24,Brain_FrontalCortex_BA9,Brain_Cortex	3.095,2.908,2.692	1	Brain_Anteriorcingulatecortex_BA24	Brain_Anteriorcingulatecortex_BA24	3.095
chr11	7605958	7606015	chr11	7605737	7606015	PPFIBP2	perfect	50	0.0364298	0.0873638328822491	0	0.35822	0	0.009385000000000001	1	Stomach	Stomach,Colon_Transverse,Pancreas	3.683,2.711,2.554	1	Stomach	Stomach	3.683
chr11	7617111	7617294	chr11	7617111	7617294	PPFIBP2	perfect	50	0.0067150000000000005	0.03317686126609008	0	0.2233	0	0	1	Muscle_Skeletal	Muscle_Skeletal,Heart_LeftVentricle,Heart_AtrialAppendage	6.528,1.533,1.451	1	Muscle_Skeletal	Muscle_Skeletal	6.528
chr11	7641032	7641065	chr11	7641032	7641083	PPFIBP2	perfect	50	0.0768928	0.05942511439258177	0	0.28932	0.07236999999999999	0.094915	1	Muscle_Skeletal	Muscle_Skeletal,Heart_LeftVentricle,Artery_Tibial	3.575,1.715,1.678	1	Muscle_Skeletal	Muscle_Skeletal	3.575
chr11	7655432	7655498	chr11	7655413	7655498	PPFIBP2	perfect	50	0.0187468	0.031428086453401026	0	0.22039	0.01194	0.013815	1	Muscle_Skeletal	Muscle_Skeletal,Brain_CerebellarHemisphere,Brain_Cerebellum	6.416,1.479,1.068	1	Muscle_Skeletal	Muscle_Skeletal	6.416
chr11	7656726	7656795	chr11	7656726	7657127	PPFIBP2	perfect	50	0.0187468	0.031428086453401026	0	0.22039	0.01194	0.013815	1	Muscle_Skeletal	Muscle_Skeletal,Brain_CerebellarHemisphere,Brain_Cerebellum	6.416,1.479,1.068	1	Muscle_Skeletal	Muscle_Skeletal	6.416
chr11	7674225	7674339	chr11	7673593	7674536	CYB5R2	perfect	50	0.058500199999999995	0.038374980236118024	0	0.19074	0.059484999999999996	0.049095	1	Lung	Lung,Skin_NotSunExposed_Suprapubic,Prostate	3.446,2.113,1.788	1	Lung	Lung	3.446
chr11	9024408	9024413	chr11	9024206	9024413	SCUBE2	perfect	50	0.0316112	0.02908722243072882	0	0.12347	0.04329	0.05119	1	Pituitary	Pituitary,Esophagus_Mucosa,Stomach	3.158,1.473,1.311	1	Pituitary	Pituitary	3.158
chr11	9593224	9593289	chr11	9593224	9593457	WEE1	perfect	50	0.013648200000000001	0.05332503592007746	0	0.37414	0	0.0092625	1	Testis	Testis,Muscle_Skeletal,Heart_AtrialAppendage	6.76,0.677,0.644	1	Testis	Testis	6.76
chr11	10451021	10451043	chr11	10450078	10451043	AMPD3	perfect	50	0.095116	0.07037740175333998	0	0.3215	0.09231500000000001	0.09074500000000002	1	Brain_Cerebellum	Brain_Cerebellum,Brain_Cortex,Brain_CerebellarHemisphere	3.217,2.055,2.021	1	Brain_Cerebellum	Brain_Cerebellum	3.217
chr11	12280944	12281099	chr11	12280932	12281099	MICAL2	perfect	50	0.008175799999999995	0.027833743072547244	0	0.13415	0	5.525e-4	2	Skin_NotSunExposed_Suprapubic,Skin_SunExposed_Lowerleg	Skin_SunExposed_Lowerleg,Skin_NotSunExposed_Suprapubic,Testis	4.526,4.227,2.121	2	Skin_NotSunExposed_Suprapubic,Skin_SunExposed_Lowerleg	Skin_SunExposed_Lowerleg,Skin_NotSunExposed_Suprapubic	4.526,4.227
chr11	12287089	12287164	chr11	12286899	12287314	MICAL2	perfect	50	0.008175799999999995	0.027833743072547244	0	0.13415	0	5.525e-4	2	Skin_NotSunExposed_Suprapubic,Skin_SunExposed_Lowerleg	Skin_SunExposed_Lowerleg,Skin_NotSunExposed_Suprapubic,Testis	4.526,4.227,2.121	2	Skin_NotSunExposed_Suprapubic,Skin_SunExposed_Lowerleg	Skin_SunExposed_Lowerleg,Skin_NotSunExposed_Suprapubic	4.526,4.227
chr11	12292142	12292255	chr11	12292142	12292297	MICAL2	perfect	50	0.006655399999999997	0.023474163322987376	0	0.1171	0	5.525e-4	2	Skin_NotSunExposed_Suprapubic,Skin_SunExposed_Lowerleg	Skin_SunExposed_Lowerleg,Skin_NotSunExposed_Suprapubic,Testis	4.705,4.339,2	2	Skin_NotSunExposed_Suprapubic,Skin_SunExposed_Lowerleg	Skin_SunExposed_Lowerleg,Skin_NotSunExposed_Suprapubic	4.705,4.339
chr11	12453003	12453031	chr11	12452734	12453031	PARVA	perfect	50	0.1320934	0.0831412927837612	0	0.42703	0.12536	0.10052750000000002	1	Cells_Culturedfibroblasts	Cells_Culturedfibroblasts,Brain_Cerebellum,AdrenalGland	3.547,1.45,1.408	1	Cells_Culturedfibroblasts	Cells_Culturedfibroblasts	3.547
chr11	16753883	16754035	chr11	16753883	16754040	C11orf58	perfect	50	0.0746814	0.04900441121376895	0	0.22241	0.0731	0.058375	1	Cells_Culturedfibroblasts	Cells_Culturedfibroblasts,Cells_EBV_transformedlymphocytes,Bladder	3.015,2.945,1.448	1	Cells_Culturedfibroblasts	Cells_Culturedfibroblasts	3.015
chr11	18000766	18000804	chr11	18000766	18000804	SERGEF	perfect	50	0.0479826	0.028772820140130977	0	0.13833	0.05024	0.04218000000000001	1	WholeBlood	WholeBlood,Heart_LeftVentricle,Heart_AtrialAppendage	3.14,1.945,1.765	1	WholeBlood	WholeBlood	3.14
chr11	18239950	18239969	chr11	18239222	18239969	SAA2	perfect	50	0.08590539999999999	0.15436921377023602	0	1	0.050065	0.0748275	1	Brain_Hypothalamus	Brain_Hypothalamus,Brain_CerebellarHemisphere,Brain_Cortex	5.921,1.468,1.437	1	Brain_Hypothalamus	Brain_Hypothalamus	5.921
chr11	18280508	18280642	chr11	18280508	18280642	HPS5	perfect	50	0.0769644	0.0333740055365103	0.02949	0.20281	0.069825	0.03235999999999999	2	Brain_CerebellarHemisphere,Brain_Cerebellum	Brain_CerebellarHemisphere,Brain_Cerebellum,Pancreas	3.771,3.755,1.201	2	Brain_CerebellarHemisphere,Brain_Cerebellum	Brain_CerebellarHemisphere,Brain_Cerebellum	3.771,3.755
chr11	27674059	27674284	chr11	27674059	27674847	BDNF	perfect	50	0.08132459999999998	0.24760815702506028	0	1	0	0	3	Esophagus_Mucosa,Skin_NotSunExposed_Suprapubic,Skin_SunExposed_Lowerleg	Esophagus_Mucosa,Skin_SunExposed_Lowerleg,Skin_NotSunExposed_Suprapubic	3.71,3.71,3.153	3	Esophagus_Mucosa,Skin_NotSunExposed_Suprapubic,Skin_SunExposed_Lowerleg	Esophagus_Mucosa,Skin_SunExposed_Lowerleg,Skin_NotSunExposed_Suprapubic	3.71,3.71,3.153
chr11	27721411	27721414	chr11	27721411	27722058	BDNF,ENSG00000309152	perfect	50	0.024219799999999996	0.06371097081351063	0	0.34409	0	0	1	Brain_Hypothalamus	Brain_Hypothalamus,Pituitary,Brain_Anteriorcingulatecortex_BA24	5.021,2.971,2.058	1	Brain_Hypothalamus	Brain_Hypothalamus	5.021
chr11	28134545	28134596	chr11	28134545	28134645	METTL15	perfect	50	0.029652399999999995	0.04726984829029766	0	0.18016	0	0.042	1	Brain_FrontalCortex_BA9	Brain_FrontalCortex_BA9,Brain_Anteriorcingulatecortex_BA24,Brain_Cortex	3.184,2.486,2.455	1	Brain_FrontalCortex_BA9	Brain_FrontalCortex_BA9	3.184
chr11	28328094	28328135	chr11	28327580	28328165	METTL15	perfect	50	0.2417588	0.09156868597720423	0.09326	0.57349000000000006	0.223625	0.10936750000000003	1	Liver	Liver,Pancreas,WholeBlood	3.623,2.153,2.04	1	Liver	Liver	3.623
chr11	30388891	30388956	chr11	30384492	30388956	MPPED2	perfect	50	0.0291616	0.02250425840518516	0	0.10036	0.02525	0.015085000000000001	1	Brain_Cerebellum	Brain_Cerebellum,Muscle_Skeletal,Heart_LeftVentricle	3.164,2.857,2.744	1	Brain_Cerebellum	Brain_Cerebellum	3.164
chr11	31263065	31263073	chr11	31262623	31263073	DCDC1	perfect	50	0.13846060000000002	0.28378168550885174	0	1	0	0.1294325	4	Artery_Coronary,Cells_Culturedfibroblasts,Skin_NotSunExposed_Suprapubic,Vagina	Artery_Coronary,Cells_Culturedfibroblasts,Skin_NotSunExposed_Suprapubic	3.036,3.036,3.036	4	Artery_Coronary,Cells_Culturedfibroblasts,Skin_NotSunExposed_Suprapubic,Vagina	Artery_Coronary,Cells_Culturedfibroblasts,Skin_NotSunExposed_Suprapubic	3.036,3.036,3.036
chr11	31687660	31687702	chr11	31687660	31687702	ELP4	perfect	50	0.0095106	0.02781282206215731	0	0.17406	0	0	1	Liver	Liver,Prostate,Pituitary	5.916,1.777,1.436	1	Liver	Liver	5.916
chr11	31706995	31707010	chr11	31706995	31707405	ELP4	perfect	50	0.013267600000000001	0.02939291915008216	0	0.18386	0	0.016065000000000003	1	Cells_Culturedfibroblasts	Cells_Culturedfibroblasts,Cells_EBV_transformedlymphocytes,Artery_Tibial	5.804,1.701,1.013	1	Cells_Culturedfibroblasts	Cells_Culturedfibroblasts	5.804
chr11	31714630	31714837	chr11	31714630	31715092	ELP4	perfect	50	0.006770199999999999	0.022353721279939613	0	0.12825	0	0	2	Cells_EBV_transformedlymphocytes,Testis	Cells_EBV_transformedlymphocytes,Testis,Skin_NotSunExposed_Suprapubic	5.434,3.217,1.385	1	Cells_EBV_transformedlymphocytes	Cells_EBV_transformedlymphocytes	5.434
chr11	31816538	31816639	chr11	31816265	31816639	ENSG00000285283,PAUPAR	perfect	50	0.03999999999999999	0.1979486637221575	0	1	0	0	2	Brain_CerebellarHemisphere,Brain_Cerebellum	Brain_CerebellarHemisphere,Brain_Cerebellum,Adipose_Subcutaneous	4.85,4.85,-0.202	2	Brain_CerebellarHemisphere,Brain_Cerebellum	Brain_CerebellarHemisphere,Brain_Cerebellum	4.85,4.85
chr11	32430529	32430539	chr11	32430529	32430813	WT1	perfect	50	0.047084999999999995	0.0980387785469586	0	0.49187	0	0	1	Testis	Testis,Spleen,Brain_Putamen_basalganglia	4.537,1.983,1.92	1	Testis	Testis	4.537
chr11	32602078	32602114	chr11	32602078	32602114	EIF3M	perfect	50	0.0205186	0.024111349602057807	0	0.11585	0.016715	0.0285425	2	Cells_EBV_transformedlymphocytes,WholeBlood	WholeBlood,Cells_EBV_transformedlymphocytes,Cells_Culturedfibroblasts	3.954,3.182,2.127	1	WholeBlood	WholeBlood	3.954
chr11	33016539	33016585	chr11	33016163	33016585	DEPDC7	perfect	50	0.005224999999999998	0.03606368755693297	0	0.25506	0	0	1	Testis	Testis,Liver,Adipose_Subcutaneous	6.928,0.027,-0.145	1	Testis	Testis	6.928
chr11	45896879	45896950	chr11	45896549	45896950	MAPK8IP1	perfect	50	0.022390399999999998	0.047984816389336826	0	0.27147	0	0.029185	2	Kidney_Cortex,Pituitary	Pituitary,Kidney_Cortex,Brain_Hypothalamus	5.191,3.419,0.875	2	Kidney_Cortex,Pituitary	Pituitary,Kidney_Cortex	5.191,3.419
chr11	46366256	46366984	chr11	46366243	46366984	DGKZ	perfect	50	0.0490742	0.05216747145413861	0.00513	0.27192	0.032924999999999996	0.029637499999999997	1	Muscle_Skeletal	Muscle_Skeletal,Pituitary,Heart_AtrialAppendage	4.272,2.811,2.713	1	Muscle_Skeletal	Muscle_Skeletal	4.272
chr11	46760351	46760375	chr11	46760351	46760375	CKAP5	perfect	50	0.0170806	0.03964166275729695	0	0.2175	0.010579999999999999	0.003057500000000001	2	Brain_CerebellarHemisphere,Brain_Cerebellum	Brain_CerebellarHemisphere,Brain_Cerebellum,Brain_Hypothalamus	5.056,4.577,0.1	2	Brain_CerebellarHemisphere,Brain_Cerebellum	Brain_CerebellarHemisphere,Brain_Cerebellum	5.056,4.577
chr11	47172709	47172751	chr11	47172709	47172751	ARFGAP2	perfect	50	0.0341468	0.03976555952385051	0	0.19202	0.019825000000000002	0.05312	1	Muscle_Skeletal	Muscle_Skeletal,Pancreas,Esophagus_Mucosa	3.97,2.207,1.651	1	Muscle_Skeletal	Muscle_Skeletal	3.97
chr11	48131510	48131512	chr11	48131510	48132720	PTPRJ	perfect	50	0.0286104	0.032394665469134616	0.00637	0.22591	0.019155	0.0210625	1	Testis	Testis,WholeBlood,Artery_Aorta	6.09,1.238,1.175	1	Testis	Testis	6.09
chr11	57311237	57311363	chr11	57311237	57311469	TNKS1BP1	perfect	50	0.025092200000000002	0.017999823501402244	0	0.10932	0.023309999999999997	0.020899999999999995	1	Muscle_Skeletal	Muscle_Skeletal,Cells_Culturedfibroblasts,AdrenalGland	4.679,1.945,1.11	1	Muscle_Skeletal	Muscle_Skeletal	4.679
chr11	61357202	61357238	chr11	61357202	61357371	CYB561A3	perfect	50	0.054279600000000004	0.018246308875820245	0.02882	0.11374	0.0477	0.015765	1	Brain_Spinalcord_cervicalc_1	Brain_Spinalcord_cervicalc_1,Muscle_Skeletal,Brain_Putamen_basalganglia	3.259,2.934,2.15	1	Brain_Spinalcord_cervicalc_1	Brain_Spinalcord_cervicalc_1	3.259
chr11	61920040	61920192	chr11	61920040	61920269	RAB3IL1	perfect	50	0.0622518	0.05013298652095449	0	0.312	0.0502	0.04109749999999999	1	WholeBlood	WholeBlood,Kidney_Cortex,Brain_FrontalCortex_BA9	4.982,1.975,1.852	1	WholeBlood	WholeBlood	4.982
chr11	62433883	62433891	chr11	62433541	62433891	AHNAK	perfect	50	0.0415812	0.03313668979810008	0.00891	0.19354	0.03179	0.021702500000000007	2	Liver,Skin_SunExposed_Lowerleg	Skin_SunExposed_Lowerleg,Liver,Skin_NotSunExposed_Suprapubic	4.586,3.26,2.319	2	Liver,Skin_SunExposed_Lowerleg	Skin_SunExposed_Lowerleg,Liver	4.586,3.26
chr11	62491731	62491810	chr11	62491731	62491831	AHNAK	perfect	50	0.0351126	0.02883765033381725	0.00711	0.17478	0.02642	0.0158125	1	Skin_SunExposed_Lowerleg	Skin_SunExposed_Lowerleg,Liver,Skin_NotSunExposed_Suprapubic	4.843,2.886,2.359	1	Skin_SunExposed_Lowerleg	Skin_SunExposed_Lowerleg	4.843
chr11	62491810	62491831	chr11	62491731	62491831	AHNAK	perfect	50	0.0353966	0.02899402884409555	0.00711	0.17652	0.026619999999999998	0.0158125	1	Skin_SunExposed_Lowerleg	Skin_SunExposed_Lowerleg,Liver,Skin_NotSunExposed_Suprapubic	4.867,2.86,2.384	1	Skin_SunExposed_Lowerleg	Skin_SunExposed_Lowerleg	4.867
chr11	62634309	62634375	chr11	62634309	62634375	GANAB	perfect	50	0.1090256	0.04566507271382784	0.04124	0.33933	0.10725	0.03837250000000002	1	Muscle_Skeletal	Muscle_Skeletal,Heart_LeftVentricle,Heart_AtrialAppendage	5.043,2.163,1.514	1	Muscle_Skeletal	Muscle_Skeletal	5.043
chr11	62774594	62774665	chr11	62774398	62774665	TAF6L,TMEM223	perfect	50	0.059260999999999994	0.03885081425616904	0	0.18104	0.042969999999999994	0.04304999999999999	1	Brain_Cerebellum	Brain_Cerebellum,Brain_CerebellarHemisphere,Brain_Nucleusaccumbens_basalganglia	3.135,2.983,1.756	1	Brain_Cerebellum	Brain_Cerebellum	3.135
chr11	62856269	62856381	chr11	62855969	62856518	SLC3A2,SNHG1	perfect	50	0.0248208	0.046611460001040224	0	0.22279	0.00598	0.022807499999999998	1	Brain_CerebellarHemisphere	Brain_CerebellarHemisphere,Cells_EBV_transformedlymphocytes,Brain_Cerebellum	4.247,2.92,2.889	1	Brain_CerebellarHemisphere	Brain_CerebellarHemisphere	4.247
chr11	62871576	62871669	chr11	62871576	62871669	SLC3A2	perfect	50	0.018193	0.03414445574560042	0	0.1453	0.00488	0.01611	2	Brain_CerebellarHemisphere,Cells_EBV_transformedlymphocytes	Brain_CerebellarHemisphere,Cells_EBV_transformedlymphocytes,Brain_Cerebellum	3.723,3.424,2.436	2	Brain_CerebellarHemisphere,Cells_EBV_transformedlymphocytes	Brain_CerebellarHemisphere,Cells_EBV_transformedlymphocytes	3.723,3.424
chr11	64348980	64349052	chr11	64348830	64349052	CCDC88B	perfect	50	0.0921098	0.04709089311368917	0.00699	0.36198	0.090755	0.031615000000000004	1	Testis	Testis,Esophagus_Mucosa,Brain_CerebellarHemisphere	5.731,1.048,0.825	1	Testis	Testis	5.731
chr11	65066328	65066364	chr11	65066299	65066679	CDCA5	perfect	50	0.002124199999999998	0.014811111946847231	0	0.10475	0	0	1	Testis	Testis,Cells_EBV_transformedlymphocytes,Adipose_Subcutaneous	6.929,-0.045,-0.143	1	Testis	Testis	6.929
chr11	65066364	65066473	chr11	65066299	65066679	CDCA5	perfect	50	0.0054728	0.03848840456394045	0	0.27218	0	0	1	Testis	Testis,Cells_EBV_transformedlymphocytes,Adipose_Subcutaneous	6.93,-0.104,-0.142	1	Testis	Testis	6.93
chr11	65066473	65066551	chr11	65066299	65066679	CDCA5	perfect	50	0.002124199999999998	0.014811111946847231	0	0.10475	0	0	1	Testis	Testis,Cells_EBV_transformedlymphocytes,Adipose_Subcutaneous	6.929,-0.045,-0.143	1	Testis	Testis	6.929
chr11	65066551	65066679	chr11	65066299	65066679	CDCA5	perfect	50	0.0054728	0.03848840456394045	0	0.27218	0	0	1	Testis	Testis,Cells_EBV_transformedlymphocytes,Adipose_Subcutaneous	6.93,-0.104,-0.142	1	Testis	Testis	6.93
chr11	65066812	65066879	chr11	65066812	65066879	CDCA5	perfect	50	0.0054728	0.03848840456394045	0	0.27218	0	0	1	Testis	Testis,Cells_EBV_transformedlymphocytes,Adipose_Subcutaneous	6.93,-0.104,-0.142	1	Testis	Testis	6.93
chr11	65067654	65067753	chr11	65067654	65067753	CDCA5	perfect	50	0.0054728	0.03848840456394045	0	0.27218	0	0	1	Testis	Testis,Cells_EBV_transformedlymphocytes,Adipose_Subcutaneous	6.93,-0.104,-0.142	1	Testis	Testis	6.93
chr11	65068026	65068118	chr11	65068026	65068118	CDCA5	perfect	50	0.0054728	0.03848840456394045	0	0.27218	0	0	1	Testis	Testis,Cells_EBV_transformedlymphocytes,Adipose_Subcutaneous	6.93,-0.104,-0.142	1	Testis	Testis	6.93
chr11	65068487	65068601	chr11	65068487	65068601	CDCA5	perfect	50	0.0054728	0.03848840456394045	0	0.27218	0	0	1	Testis	Testis,Cells_EBV_transformedlymphocytes,Adipose_Subcutaneous	6.93,-0.104,-0.142	1	Testis	Testis	6.93
chr11	65580927	65580963	chr11	65580927	65580963	EHBP1L1	perfect	50	0.0095808	0.015493099957262082	0	0.10184	0.0051400000000000005	0.003172499999999999	1	Muscle_Skeletal	Muscle_Skeletal,Brain_Cerebellum,Brain_CerebellarHemisphere	5.955,1.694,1.663	1	Muscle_Skeletal	Muscle_Skeletal	5.955
chr11	66529311	66529488	chr11	66529311	66529488	ZDHHC24	perfect	50	0.0446968	0.01542144828159926	0.02032	0.10603	0.039205000000000004	0.016842500000000003	1	Testis	Testis,Cells_EBV_transformedlymphocytes,Brain_Nucleusaccumbens_basalganglia	3.977,2.277,1.716	1	Testis	Testis	3.977
chr11	66546510	66546786	chr11	66546394	66546786	ACTN3	perfect	50	0.008104399999999996	0.057306761974482555	0	0.40522	0	0	1	Testis	Testis,Adipose_Subcutaneous,Adipose_Visceral_Omentum	6.93,-0.141,-0.141	1	Testis	Testis	6.93
chr11	67240207	67240369	chr11	67240046	67240369	KDM2A	perfect	50	0.0445426	0.02448468691043528	0.01012	0.12701	0.049034999999999995	0.035574999999999996	1	Cells_EBV_transformedlymphocytes	Cells_EBV_transformedlymphocytes,Cells_Culturedfibroblasts,MinorSalivaryGland	3.368,2.024,1.5	1	Cells_EBV_transformedlymphocytes	Cells_EBV_transformedlymphocytes	3.368
chr11	68024207	68024225	chr11	68024207	68024615	ALDH3B1	perfect	50	0.0494912	0.04056625941114419	0	0.21212	0.034519999999999995	0.028917500000000002	2	Brain_CerebellarHemisphere,Cells_EBV_transformedlymphocytes	Cells_EBV_transformedlymphocytes,Brain_CerebellarHemisphere,Brain_Cerebellum	4.009,3.376,2.777	2	Brain_CerebellarHemisphere,Cells_EBV_transformedlymphocytes	Cells_EBV_transformedlymphocytes,Brain_CerebellarHemisphere	4.009,3.376
chr11	68609610	68609628	chr11	68609472	68609628	PPP6R3	perfect	50	0.044851400000000013	0.10428406327479783	0	0.4489	0	0.014707499999999998	2	Brain_CerebellarHemisphere,Brain_Cerebellum	Brain_CerebellarHemisphere,Brain_Cerebellum,Brain_FrontalCortex_BA9	3.874,3.241,2.42	2	Brain_CerebellarHemisphere,Brain_Cerebellum	Brain_CerebellarHemisphere,Brain_Cerebellum	3.874,3.241
chr11	70349922	70350039	chr11	70349922	70350039	PPFIA1	perfect	50	0.0452028	0.025233581612200667	0.00355	0.14076	0.042855	0.030015	1	Muscle_Skeletal	Muscle_Skeletal,Heart_LeftVentricle,Bladder	3.787,1.6,1.52	1	Muscle_Skeletal	Muscle_Skeletal	3.787
chr11	70477189	70477232	chr11	70477151	70477232	SHANK2	perfect	50	0.0135816	0.04610526670344634	0	0.25472	0	0	2	Adipose_Subcutaneous,Testis	Testis,Adipose_Subcutaneous,Cells_Culturedfibroblasts	5.23,3.772,1.747	2	Adipose_Subcutaneous,Testis	Testis,Adipose_Subcutaneous	5.23,3.772
chr11	72372924	72373014	chr11	72372924	72373014	CLPB	perfect	50	0.032294199999999995	0.04292521589405253	0	0.27436	0.028874999999999998	0.049577500000000004	1	Testis	Testis,Uterus,Cells_EBV_transformedlymphocytes	5.639,1.193,1.132	1	Testis	Testis	5.639
chr11	72900256	72900328	chr11	72900256	72900328	FCHSD2	perfect	50	0.039706599999999995	0.08039943348389107	0	0.37334	0	0.043585	2	Brain_CerebellarHemisphere,Brain_Cerebellum	Brain_CerebellarHemisphere,Brain_Cerebellum,Brain_Hypothalamus	4.15,3.951,1.731	2	Brain_CerebellarHemisphere,Brain_Cerebellum	Brain_CerebellarHemisphere,Brain_Cerebellum	4.15,3.951
chr11	73889050	73889245	chr11	73888793	73889245	PAAF1	perfect	50	0.014620600000000001	0.028552578811300217	0	0.15306	0.0024749999999999998	0.01689	2	Heart_LeftVentricle,Muscle_Skeletal	Muscle_Skeletal,Heart_LeftVentricle,Heart_AtrialAppendage	4.849,3.256,1.756	2	Heart_LeftVentricle,Muscle_Skeletal	Muscle_Skeletal,Heart_LeftVentricle	4.849,3.256
chr11	74034600	74034608	chr11	74034431	74034608	C2CD3	perfect	50	0.005051199999999998	0.026125804402419257	0	0.18447	0	0	1	Testis	Testis,Skin_NotSunExposed_Suprapubic,Skin_SunExposed_Lowerleg	6.867,0.371,0.24	1	Testis	Testis	6.867
chr11	74129755	74129792	chr11	74128053	74129972	C2CD3	perfect	50	0.06851360000000001	0.03469720395486809	0.02055	0.19118	0.06363	0.041217500000000004	1	Liver	Liver,AdrenalGland,Esophagus_Mucosa	3.535,2.42,1.98	1	Liver	Liver	3.535
chr11	74668776	74668853	chr11	74668776	74669117	POLD3	perfect	50	0.1063946	0.038859098963894084	0.05204	0.22754	0.102635	0.04634500000000001	1	Muscle_Skeletal	Muscle_Skeletal,Brain_Putamen_basalganglia,Brain_Amygdala	3.118,1.84,1.826	1	Muscle_Skeletal	Muscle_Skeletal	3.118
chr11	76408476	76408622	chr11	76408476	76408622	GVQW3	perfect	50	0.002255600000000002	0.015949500556443764	0	0.11278	0	0	1	Testis	Testis,Adipose_Subcutaneous,Adipose_Visceral_Omentum	6.93,-0.141,-0.141	1	Testis	Testis	6.93
chr11	76410861	76410896	chr11	76410861	76414619	GVQW3	perfect	50	0.002835200000000001	0.019845419277145906	0	0.14035	0	0	1	Testis	Testis,Brain_CerebellarHemisphere,Adipose_Subcutaneous	6.929,-0.072,-0.143	1	Testis	Testis	6.929
chr11	77325327	77325376	chr11	77325327	77325376	PAK1	perfect	50	0.0456866	0.032105492861464545	0.00622	0.14636	0.04301	0.041787500000000005	1	Cells_EBV_transformedlymphocytes	Cells_EBV_transformedlymphocytes,Cells_Culturedfibroblasts,Esophagus_Mucosa	3.136,2.415,2.396	1	Cells_EBV_transformedlymphocytes	Cells_EBV_transformedlymphocytes	3.136
chr11	82957413	82957436	chr11	82957413	82958277	DDIAS,RPL7AP54	perfect	50	0.0043120000000000025	0.021064364239547474	0	0.14083	0	0	1	Testis	Testis,Cells_Culturedfibroblasts,Cells_EBV_transformedlymphocytes	6.481,1.79,1.35	1	Testis	Testis	6.481
chr11	82992314	82992383	chr11	82992314	82992383	RAB30	perfect	50	0.038986200000000006	0.06719305017178305	0	0.34117	0	0.06311249999999999	2	Cells_Culturedfibroblasts,Cells_EBV_transformedlymphocytes	Cells_EBV_transformedlymphocytes,Cells_Culturedfibroblasts,Spleen	4.497,3.201,1.225	2	Cells_Culturedfibroblasts,Cells_EBV_transformedlymphocytes	Cells_EBV_transformedlymphocytes,Cells_Culturedfibroblasts	4.497,3.201
chr11	83212978	83213082	chr11	83212652	83215200	ANKRD42,ENSG00000254551,RPL32P24	perfect	50	0.178678	0.07327702468672412	0.01571	0.51429	0.17623	0.06017249999999999	1	WholeBlood	WholeBlood,Brain_Amygdala,Brain_Putamen_basalganglia	4.58,1.493,1.392	1	WholeBlood	WholeBlood	4.58
chr11	83255844	83255848	chr11	83255844	83256099	ANKRD42	perfect	50	0.263455	0.076730528295125	0	0.53317	0.270695	0.057532500000000014	1	Testis	Testis,Kidney_Cortex,Brain_Cortex	3.515,1.604,1.254	1	Testis	Testis	3.515
chr11	83255848	83255890	chr11	83255844	83256099	ANKRD42	perfect	50	0.2699068	0.09494974153794442	0	0.70816	0.270695	0.057532500000000014	1	Testis	Testis,Kidney_Cortex,Heart_AtrialAppendage	4.616,1.874,0.958	1	Testis	Testis	4.616
chr11	83255890	83255931	chr11	83255844	83256099	ANKRD42	perfect	50	0.263455	0.076730528295125	0	0.53317	0.270695	0.057532500000000014	1	Testis	Testis,Kidney_Cortex,Brain_Cortex	3.515,1.604,1.254	1	Testis	Testis	3.515
chr11	83486230	83486251	chr11	83486154	83486251	DLG2	perfect	50	0.02477579999999999	0.06076326454968242	0	0.29167	0	0	1	Esophagus_Mucosa	Esophagus_Mucosa,Skin_NotSunExposed_Suprapubic,Skin_SunExposed_Lowerleg	4.392,2.386,2.193	1	Esophagus_Mucosa	Esophagus_Mucosa	4.392
chr11	83724855	83724892	chr11	83724855	83724956	DLG2	perfect	50	0.02477579999999999	0.06076326454968242	0	0.29167	0	0	1	Esophagus_Mucosa	Esophagus_Mucosa,Skin_NotSunExposed_Suprapubic,Skin_SunExposed_Lowerleg	4.392,2.386,2.193	1	Esophagus_Mucosa	Esophagus_Mucosa	4.392
chr11	84316824	84317145	chr11	84316824	84317361	DLG2	perfect	50	0.1839876	0.11767082031372995	0	0.61388	0.159375	0.1295775	1	AdrenalGland	AdrenalGland,Brain_Spinalcord_cervicalc_1,Brain_Substantianigra	3.653,2.878,1.83	1	AdrenalGland	AdrenalGland	3.653
chr11	85469717	85469722	chr11	85469337	85469722	DLG2	perfect	50	0.2219216	0.24539148618333378	0.0051	1	0.17712499999999998	0.29188000000000003	3	Cells_Culturedfibroblasts,Cells_EBV_transformedlymphocytes,WholeBlood	WholeBlood,Cells_EBV_transformedlymphocytes,Cells_Culturedfibroblasts	3.171,3.08,3.03	3	Cells_Culturedfibroblasts,Cells_EBV_transformedlymphocytes,WholeBlood	WholeBlood,Cells_EBV_transformedlymphocytes,Cells_Culturedfibroblasts	3.171,3.08,3.03
chr11	85960687	85960777	chr11	85960674	85960777	PICALM	perfect	50	0.0410688	0.042347718086126446	0.00869	0.17597	0.01725	0.05463	1	Muscle_Skeletal	Muscle_Skeletal,Brain_CerebellarHemisphere,Heart_LeftVentricle	3.186,2.128,1.898	1	Muscle_Skeletal	Muscle_Skeletal	3.186
chr11	86270082	86270157	chr11	86270082	86270157	EED	perfect	50	0.064531	0.04175814666942615	0.01577	0.21783	0.052715	0.0337875	1	Cells_EBV_transformedlymphocytes	Cells_EBV_transformedlymphocytes,Cells_Culturedfibroblasts,WholeBlood	3.671,2.968,2.422	1	Cells_EBV_transformedlymphocytes	Cells_EBV_transformedlymphocytes	3.671
chr11	88326379	88326399	chr11	88320810	88326443	CTSC	perfect	50	0.0320754	0.030539420774882187	0	0.15302	0.02942	0.0287475	2	Cells_Culturedfibroblasts,Cells_EBV_transformedlymphocytes	Cells_Culturedfibroblasts,Cells_EBV_transformedlymphocytes,Uterus	3.96,3.818,1.08	2	Cells_Culturedfibroblasts,Cells_EBV_transformedlymphocytes	Cells_Culturedfibroblasts,Cells_EBV_transformedlymphocytes	3.96,3.818
chr11	89488984	89488993	chr11	89488905	89488993	NOX4	perfect	50	0.0408044	0.059040215528338394	0	0.3	0	0.07597	1	Cells_Culturedfibroblasts	Cells_Culturedfibroblasts,Ovary,Skin_SunExposed_Lowerleg	4.39,2.192,1.289	1	Cells_Culturedfibroblasts	Cells_Culturedfibroblasts	4.39
chr11	92984806	92984978	chr11	92984806	92985066	MTNR1B	perfect	50	0.024142799999999996	0.12999570165641203	0	0.85714	0	0	1	Brain_Nucleusaccumbens_basalganglia	Brain_Nucleusaccumbens_basalganglia,Testis,Adipose_Subcutaneous	6.408,2.507,-0.186	1	Brain_Nucleusaccumbens_basalganglia	Brain_Nucleusaccumbens_basalganglia	6.408
chr11	93352302	93352432	chr11	93352302	93352511	DEUP1	perfect	50	0.004588400000000001	0.03244488754796354	0	0.22942	0	0	1	Testis	Testis,Adipose_Subcutaneous,Adipose_Visceral_Omentum	6.93,-0.141,-0.141	1	Testis	Testis	6.93
chr11	105965946	105966061	chr11	105965946	105966061	GRIA4	perfect	50	0.0170942	0.03656866122844555	0	0.16171	0	0.010815	2	Brain_CerebellarHemisphere,Brain_Cerebellum	Brain_CerebellarHemisphere,Brain_Cerebellum,Brain_FrontalCortex_BA9	3.955,3.065,2.092	2	Brain_CerebellarHemisphere,Brain_Cerebellum	Brain_CerebellarHemisphere,Brain_Cerebellum	3.955,3.065
chr11	106058012	106058052	chr11	106057425	106058052	KBTBD3	perfect	50	0.0668824	0.021810050066846873	0.03677	0.17647	0.065415	0.02049999999999999	1	WholeBlood	WholeBlood,Ovary,Brain_Cerebellum	5.025,1.681,1.668	1	WholeBlood	WholeBlood	5.025
chr11	106936649	106936712	chr11	106936649	106936712	GUCY1A2	perfect	50	0.03328939999999999	0.08224183823806172	0	0.50467	0	0.026252499999999998	1	Testis	Testis,Cells_Culturedfibroblasts,Liver	5.732,1.622,1.622	1	Testis	Testis	5.732
chr11	108335219	108335292	chr11	108335219	108335292	C11orf65	perfect	50	0.0024165999999999984	0.017087942474154107	0	0.12083	0	0	1	Testis	Testis,Adipose_Subcutaneous,Adipose_Visceral_Omentum	6.93,-0.141,-0.141	1	Testis	Testis	6.93
chr11	110131082	110131106	chr11	110131003	110131106	ZC3H12C	perfect	50	0.005926599999999998	0.02835735254402502	0	0.16228	0	0	2	Cells_Culturedfibroblasts,Testis	Testis,Cells_Culturedfibroblasts,Pituitary	5.514,4.06,0.249	2	Cells_Culturedfibroblasts,Testis	Testis,Cells_Culturedfibroblasts	5.514,4.06
chr11	110711657	110711693	chr11	110711657	110712050	ARHGAP20	perfect	50	0.014405199999999998	0.024241323147022476	0	0.10753	0	0.0340775	1	Cells_Culturedfibroblasts	Cells_Culturedfibroblasts,Esophagus_Muscularis,Brain_FrontalCortex_BA9	3.842,1.641,1.542	1	Cells_Culturedfibroblasts	Cells_Culturedfibroblasts	3.842
chr11	111737447	111737569	chr11	111737447	111737569	PPP2R1B	perfect	50	0.1367512	0.13142815549064618	0	0.81613	0.12161	0.12815	1	Testis	Testis,Heart_LeftVentricle,Adipose_Visceral_Omentum	5.169,1.627,1.283	1	Testis	Testis	5.169
chr11	111881450	111881522	chr11	111880758	111881615	CFAP68,FDXACB1	perfect	50	0.043337	0.017541265894560558	0	0.12976	0.042005	0.011480000000000004	1	Testis	Testis,Brain_Spinalcord_cervicalc_1,Prostate	4.927,1.809,0.927	1	Testis	Testis	4.927
chr11	111881522	111881615	chr11	111880758	111881615	CFAP68,FDXACB1	perfect	50	0.0453386	0.027090385071204183	0	0.21432	0.042005	0.011480000000000004	1	Testis	Testis,Brain_Spinalcord_cervicalc_1,Prostate	6.238,1.097,0.526	1	Testis	Testis	6.238
chr11	113236300	113236315	chr11	113236300	113236315	NCAM1	perfect	50	0.0180194	0.055712747539572664	0	0.32081	0	0.010945	1	Muscle_Skeletal	Muscle_Skeletal,Heart_LeftVentricle,Heart_AtrialAppendage	5.435,2.9,2.712	1	Muscle_Skeletal	Muscle_Skeletal	5.435
chr11	113240785	113240833	chr11	113240506	113240833	NCAM1	perfect	50	0.014434599999999999	0.053718997369721626	0	0.30282	0	0.0043525000000000005	2	Heart_LeftVentricle,Muscle_Skeletal	Muscle_Skeletal,Heart_LeftVentricle,Heart_AtrialAppendage	5.368,3.05,2.837	2	Heart_LeftVentricle,Muscle_Skeletal	Muscle_Skeletal,Heart_LeftVentricle	5.368,3.05
chr11	113242804	113242846	chr11	113242804	113242846	NCAM1	perfect	50	0.012722999999999998	0.04926098933647358	0	0.30282	0	0.0043525000000000005	1	Muscle_Skeletal	Muscle_Skeletal,Heart_LeftVentricle,Heart_AtrialAppendage	5.889,2.721,2.082	1	Muscle_Skeletal	Muscle_Skeletal	5.889
chr11	113272932	113273748	chr11	113272932	113274032	NCAM1,NCAM1-AS1	perfect	50	0.0335504	0.04765040282760108	0	0.27279	0.016475	0.0404725	1	Testis	Testis,Brain_CerebellarHemisphere,Brain_Cerebellum	5.021,2.298,1.723	1	Testis	Testis	5.021
chr11	113368186	113368340	chr11	113368186	113369117	ENSG00000270179,TTC12	perfect	50	0.013314399999999999	0.02726932882435158	0	0.13793	0	3.9749999999999996e-4	1	WholeBlood	WholeBlood,Brain_Nucleusaccumbens_basalganglia,Brain_Hypothalamus	4.57,2.06,1.502	1	WholeBlood	WholeBlood	4.57
chr11	114391567	114391665	chr11	114391442	114391665	C11orf71	perfect	50	0.012785199999999997	0.09040501618826247	0	0.63926	0	0	1	Testis	Testis,Adipose_Subcutaneous,Adipose_Visceral_Omentum	6.93,-0.141,-0.141	1	Testis	Testis	6.93
chr11	114528795	114528832	chr11	114528795	114530020	NXPE1	perfect	50	0.018586599999999995	0.12460263980906565	0	0.88141	0	0	1	Testis	Testis,SmallIntestine_TerminalIleum,Colon_Transverse	6.925,0.057,0.029	1	Testis	Testis	6.925
chr11	117354931	117356617	chr11	117354931	117356617	CEP164	perfect	50	0.0050812	0.019652726729855255	0	0.1407	0.002035	0.0011274999999999996	1	Testis	Testis,Cells_EBV_transformedlymphocytes,Brain_Spinalcord_cervicalc_1	6.901,0.305,0.141	1	Testis	Testis	6.901
chr11	118212904	118212917	chr11	118212904	118213359	JAML	perfect	50	0.011031199999999996	0.05416857608674344	0	0.29724	0	0	2	Brain_CerebellarHemisphere,Brain_Cerebellum	Brain_CerebellarHemisphere,Brain_Cerebellum,Spleen	5.284,4.374,-0.132	2	Brain_CerebellarHemisphere,Brain_Cerebellum	Brain_CerebellarHemisphere,Brain_Cerebellum	5.284,4.374
chr11	119674594	119674647	chr11	119674381	119674647	NECTIN1	perfect	50	0.0256432	0.03851810888400415	0	0.1837	0.01192	0.0350875	1	Cells_Culturedfibroblasts	Cells_Culturedfibroblasts,WholeBlood,Cells_EBV_transformedlymphocytes	4.103,2.891,2.865	1	Cells_Culturedfibroblasts	Cells_Culturedfibroblasts	4.103
chr11	122905171	122905228	chr11	122905171	122905892	JHY	perfect	50	0.0889414	0.06416842134570556	0	0.33333	0.07995	0.0543125	1	Cells_EBV_transformedlymphocytes	Cells_EBV_transformedlymphocytes,Cells_Culturedfibroblasts,Esophagus_Mucosa	3.809,2.859,2.257	1	Cells_EBV_transformedlymphocytes	Cells_EBV_transformedlymphocytes	3.809
chr11	123435433	123435467	chr11	123435433	123435719	GRAMD1B	perfect	50	0.0576436	0.0673691569276539	0	0.26339	0.030215	0.10016749999999999	1	AdrenalGland	AdrenalGland,WholeBlood,Artery_Aorta	3.054,2.361,1.953	1	AdrenalGland	AdrenalGland	3.054
chr11	123526148	123526171	chr11	123525635	123526171	GRAMD1B	perfect	50	0.0708078	0.10445840248713015	0	0.39322	0	0.147015	1	Brain_CerebellarHemisphere	Brain_CerebellarHemisphere,Brain_Cerebellum,Brain_FrontalCortex_BA9	3.087,2.945,1.774	1	Brain_CerebellarHemisphere	Brain_CerebellarHemisphere	3.087
chr11	126330339	126330436	chr11	126330193	126330436	DCPS	perfect	50	0.2923136	0.10887996835609608	0.15306	0.85291	0.28822499999999995	0.08820750000000002	1	Liver	Liver,Kidney_Cortex,Prostate	5.149,2.873,0.795	1	Liver	Liver	5.149
chr11	128842381	128842417	chr11	128842381	128842534	KCNJ1	perfect	50	0.020194199999999992	0.08442703847025043	0	0.5	0	0	1	Spleen	Spleen,SmallIntestine_TerminalIleum,Lung	5.683,2.722,2.581	1	Spleen	Spleen	5.683
chr11	128935039	128935044	chr11	128934730	128935044	TP53AIP1	perfect	50	0.0669152	0.09294276909749465	0	0.4	0	0.13919749999999997	1	Pituitary	Pituitary,Kidney_Cortex,Esophagus_Mucosa	3.584,1.795,1.563	1	Pituitary	Pituitary	3.584
chr11	129929409	129929421	chr11	129929409	129929421	PRDM10	perfect	50	0.1305048	0.12659775416713864	0	0.66142	0.115515	0.069055	2	Brain_CerebellarHemisphere,Brain_Cerebellum	Brain_CerebellarHemisphere,Brain_Cerebellum,Brain_FrontalCortex_BA9	4.194,4,1.503	2	Brain_CerebellarHemisphere,Brain_Cerebellum	Brain_CerebellarHemisphere,Brain_Cerebellum	4.194,4
chr11	130137255	130137291	chr11	130137255	130137291	APLP2	perfect	50	0.24093579999999998	0.17370751169933757	0.06685	0.81377	0.162395	0.117195	1	Brain_CerebellarHemisphere	Brain_CerebellarHemisphere,Brain_Cerebellum,Brain_FrontalCortex_BA9	3.298,2.942,2.427	1	Brain_CerebellarHemisphere	Brain_CerebellarHemisphere	3.298
chr11	130905831	130905848	chr11	130905654	130905848	SNX19	perfect	50	0.0275938	0.041234044527822505	0	0.21606	0.015005000000000001	0.03038	2	Cells_Culturedfibroblasts,Cells_EBV_transformedlymphocytes	Cells_Culturedfibroblasts,Cells_EBV_transformedlymphocytes,Muscle_Skeletal	4.571,3.591,1.825	2	Cells_Culturedfibroblasts,Cells_EBV_transformedlymphocytes	Cells_Culturedfibroblasts,Cells_EBV_transformedlymphocytes	4.571,3.591
chr11	131660993	131661048	chr11	131658309	131663635	ENSG00000300914,NTM,NTM-AS1	perfect	50	0.014293199999999995	0.029348717625915344	0	0.11625	0	0.004007500000000001	1	Brain_Spinalcord_cervicalc_1	Brain_Spinalcord_cervicalc_1,Brain_Substantianigra,Brain_Putamen_basalganglia	3.474,2.768,2.355	1	Brain_Spinalcord_cervicalc_1	Brain_Spinalcord_cervicalc_1	3.474
chr11	132435158	132435185	chr11	132435158	132435185	OPCML	perfect	50	0.005097	0.019758461401100418	0	0.10119	0	0	2	Brain_CerebellarHemisphere,Brain_Cerebellum	Brain_CerebellarHemisphere,Brain_Cerebellum,Brain_FrontalCortex_BA9	4.863,4.285,1.697	1	Brain_CerebellarHemisphere	Brain_CerebellarHemisphere	4.863
chr11	134223435	134223482	chr11	134221425	134223482	NCAPD3	perfect	50	0.0470388	0.02461189397549942	0.01365	0.12162	0.041010000000000005	0.028487499999999995	1	WholeBlood	WholeBlood,Testis,Brain_Spinalcord_cervicalc_1	3.03,2.962,2.076	1	WholeBlood	WholeBlood	3.03
chr11	134305114	134305177	chr11	134305114	134305308	GLB1L3	perfect	50	0.22659739999999998	0.2551142773131689	0	1	0.16969	0.34343999999999997	2	Cells_EBV_transformedlymphocytes,WholeBlood	Cells_EBV_transformedlymphocytes,WholeBlood,Breast_MammaryTissue	3.032,3.032,1.725	2	Cells_EBV_transformedlymphocytes,WholeBlood	Cells_EBV_transformedlymphocytes,WholeBlood	3.032,3.032
chr12	171246	171318	chr12	171246	171466	IQSEC3	perfect	50	0.008163199999999999	0.019499859595517567	0	0.13084	0	0.0113725	1	Bladder	Bladder,Brain_CerebellarHemisphere,Brain_Cerebellum	6.291,1.248,0.995	1	Bladder	Bladder	6.291
chr12	2633628	2633712	chr12	2633628	2633712	CACNA1C	perfect	50	0.07895780000000001	0.06049232470423374	0	0.27203	0.06981000000000001	0.0848325	1	Brain_Hypothalamus	Brain_Hypothalamus,Brain_Amygdala,Brain_Substantianigra	3.192,1.923,1.715	1	Brain_Hypothalamus	Brain_Hypothalamus	3.192
chr12	2861298	2861412	chr12	2861298	2861412	FOXM1	perfect	50	0.0080566	0.02251577429904896	0	0.10603	0	0	2	Cells_Culturedfibroblasts,Esophagus_Mucosa	Cells_Culturedfibroblasts,Esophagus_Mucosa,Cells_EBV_transformedlymphocytes	4.351,3.083,2.917	1	Cells_Culturedfibroblasts	Cells_Culturedfibroblasts	4.351
chr12	4428397	4428403	chr12	4428154	4428403	FGF6	perfect	50	0.006039799999999998	0.042707835370105085	0	0.30199	0	0	1	Muscle_Skeletal	Muscle_Skeletal,Adipose_Subcutaneous,Adipose_Visceral_Omentum	6.93,-0.141,-0.141	1	Muscle_Skeletal	Muscle_Skeletal	6.93
chr12	4545781	4545832	chr12	4545781	4545832	RAD51AP1	perfect	50	0.023115599999999993	0.05730609153644727	0	0.23636	0	0	1	Spleen	Spleen,Esophagus_Mucosa,Testis	3.721,2.856,2.674	1	Spleen	Spleen	3.721
chr12	4768441	4768456	chr12	4768441	4768476	GALNT8	perfect	50	0.0066278000000000005	0.046865623243481994	0	0.33139	0	0	1	Testis	Testis,Adipose_Subcutaneous,Adipose_Visceral_Omentum	6.93,-0.141,-0.141	1	Testis	Testis	6.93
chr12	5732865	5732877	chr12	5732865	5733180	ANO2	perfect	50	0.024062200000000002	0.14143156199276843	0	1	0	0	1	Liver	Liver,Adipose_Visceral_Omentum,Lung	6.9,0.262,0.148	1	Liver	Liver	6.9
chr12	5739907	5739938	chr12	5739907	5739968	ANO2	perfect	50	0.0066846	0.047267259895195965	0	0.33423	0	0	1	Testis	Testis,Adipose_Subcutaneous,Adipose_Visceral_Omentum	6.93,-0.141,-0.141	1	Testis	Testis	6.93
chr12	5851956	5851959	chr12	5851956	5851959	ANO2	perfect	50	0.019999999999999993	0.14142135623730945	0	1	0	0	1	Liver	Liver,Adipose_Subcutaneous,Adipose_Visceral_Omentum	6.93,-0.141,-0.141	1	Liver	Liver	6.93
chr12	6536604	6536607	chr12	6536604	6536607	GAPDH	perfect	50	0.1176208	0.057574297973158474	0.04284	0.31482	0.10644500000000001	0.06882000000000002	1	Liver	Liver,Testis,Pancreas	3.425,2.278,2.236	1	Liver	Liver	3.425
chr12	7127673	7127712	chr12	7127498	7127712	RBP5	perfect	50	0.0399452	0.04128041969213956	0	0.18819	0.042304999999999995	0.06717000000000001	1	Liver	Liver,Kidney_Cortex,Colon_Transverse	3.591,2.252,1.197	1	Liver	Liver	3.591
chr12	7156178	7156929	chr12	7155867	7156929	CLSTN3	perfect	50	0.106122	0.06387610137234906	0.03417	0.309	0.081295	0.06154499999999998	1	Skin_NotSunExposed_Suprapubic	Skin_NotSunExposed_Suprapubic,Brain_Substantianigra,Brain_Hippocampus	3.176,2.581,2.509	1	Skin_NotSunExposed_Suprapubic	Skin_NotSunExposed_Suprapubic	3.176
chr12	7502716	7502726	chr12	7502716	7502737	CD163	perfect	50	0.07416160000000001	0.11084071058919807	0	0.5	0.04214	0.089755	2	Brain_CerebellarHemisphere,Brain_Cerebellum	Brain_Cerebellum,Brain_CerebellarHemisphere,Cells_Culturedfibroblasts	3.842,3.432,2.291	2	Brain_CerebellarHemisphere,Brain_Cerebellum	Brain_Cerebellum,Brain_CerebellarHemisphere	3.842,3.432
chr12	7766125	7766170	chr12	7766081	7766170	NANOGNB	perfect	50	0.01999999999999999	0.14142135623730948	0	1	0	0	1	Testis	Testis,Adipose_Subcutaneous,Adipose_Visceral_Omentum	6.93,-0.141,-0.141	1	Testis	Testis	6.93
chr12	7863368	7863455	chr12	7863016	7863668	ENSG00000295410,SLC2A14	perfect	50	0.03024200000000001	0.09661323279458368	0	0.38073	0	0	3	AdrenalGland,Pancreas,WholeBlood	AdrenalGland,Pancreas,WholeBlood	3.628,3.585,3.568	3	AdrenalGland,Pancreas,WholeBlood	AdrenalGland,Pancreas,WholeBlood	3.628,3.585,3.568
chr12	9898906	9898976	chr12	9898672	9898976	CLEC2A	perfect	50	0.026768799999999992	0.1325040395324164	0	0.68382	0	0	2	Skin_NotSunExposed_Suprapubic,Skin_SunExposed_Lowerleg	Skin_NotSunExposed_Suprapubic,Skin_SunExposed_Lowerleg,Adipose_Subcutaneous	4.959,4.738,-0.202	2	Skin_NotSunExposed_Suprapubic,Skin_SunExposed_Lowerleg	Skin_NotSunExposed_Suprapubic,Skin_SunExposed_Lowerleg	4.959,4.738
chr12	9951346	9951356	chr12	9950901	9952079	CLEC12A,CLEC12A-AS1	perfect	50	0.3796962	0.20341071290883786	0	1	0.40469	0.14883749999999996	1	Brain_Hippocampus	Brain_Hippocampus,Cells_EBV_transformedlymphocytes,Brain_Hypothalamus	3.05,1.82,1.083	1	Brain_Hippocampus	Brain_Hippocampus	3.05
chr12	9986136	9986158	chr12	9985641	9986158	CLEC1B	perfect	50	0.06487720000000001	0.18731324133588403	0	0.75	0	0	3	Adipose_Subcutaneous,Nerve_Tibial,SmallIntestine_TerminalIleum	Adipose_Subcutaneous,SmallIntestine_TerminalIleum,Nerve_Tibial	3.658,3.658,3.213	3	Adipose_Subcutaneous,Nerve_Tibial,SmallIntestine_TerminalIleum	Adipose_Subcutaneous,SmallIntestine_TerminalIleum,Nerve_Tibial	3.658,3.658,3.213
chr12	10437701	10437711	chr12	10437701	10437752	KLRC2	perfect	50	0.018875600000000003	0.11735584380047911	0	0.82353	0	0	1	Testis	Testis,Spleen,Adipose_Subcutaneous	6.857,0.864,-0.161	1	Testis	Testis	6.857
chr12	10522602	10522692	chr12	10522602	10523135	EIF2S3B	perfect	50	0.4623406	0.1369563144174679	0	1	0.464815	0.09899749999999996	1	Brain_Amygdala	Brain_Amygdala,Brain_Cerebellum,Brain_Anteriorcingulatecortex_BA24	3.926,1.349,1.005	1	Brain_Amygdala	Brain_Amygdala	3.926
chr12	11353109	11353390	chr12	11353073	11354002	PRB1	perfect	50	0.029288999999999992	0.11736841394880113	0	0.52381	0	0	3	Brain_Caudate_basalganglia,Brain_Nucleusaccumbens_basalganglia,Brain_Putamen_basalganglia	Brain_Caudate_basalganglia,Brain_Putamen_basalganglia,Brain_Nucleusaccumbens_basalganglia	4.213,3.958,3.557	3	Brain_Caudate_basalganglia,Brain_Nucleusaccumbens_basalganglia,Brain_Putamen_basalganglia	Brain_Caudate_basalganglia,Brain_Putamen_basalganglia,Brain_Nucleusaccumbens_basalganglia	4.213,3.958,3.557
chr12	11353789	11354002	chr12	11353073	11354002	PRB1	perfect	50	0.029288999999999992	0.11736841394880113	0	0.52381	0	0	3	Brain_Caudate_basalganglia,Brain_Nucleusaccumbens_basalganglia,Brain_Putamen_basalganglia	Brain_Caudate_basalganglia,Brain_Putamen_basalganglia,Brain_Nucleusaccumbens_basalganglia	4.213,3.958,3.557	3	Brain_Caudate_basalganglia,Brain_Nucleusaccumbens_basalganglia,Brain_Putamen_basalganglia	Brain_Caudate_basalganglia,Brain_Putamen_basalganglia,Brain_Nucleusaccumbens_basalganglia	4.213,3.958,3.557
chr12	11354518	11354554	chr12	11354518	11354554	PRB1	perfect	50	0.029288999999999992	0.11736841394880113	0	0.52381	0	0	3	Brain_Caudate_basalganglia,Brain_Nucleusaccumbens_basalganglia,Brain_Putamen_basalganglia	Brain_Caudate_basalganglia,Brain_Putamen_basalganglia,Brain_Nucleusaccumbens_basalganglia	4.213,3.958,3.557	3	Brain_Caudate_basalganglia,Brain_Nucleusaccumbens_basalganglia,Brain_Putamen_basalganglia	Brain_Caudate_basalganglia,Brain_Putamen_basalganglia,Brain_Nucleusaccumbens_basalganglia	4.213,3.958,3.557
chr12	11355489	11355553	chr12	11355489	11355591	PRB1	perfect	50	0.029288999999999992	0.11736841394880113	0	0.52381	0	0	3	Brain_Caudate_basalganglia,Brain_Nucleusaccumbens_basalganglia,Brain_Putamen_basalganglia	Brain_Caudate_basalganglia,Brain_Putamen_basalganglia,Brain_Nucleusaccumbens_basalganglia	4.213,3.958,3.557	3	Brain_Caudate_basalganglia,Brain_Nucleusaccumbens_basalganglia,Brain_Putamen_basalganglia	Brain_Caudate_basalganglia,Brain_Putamen_basalganglia,Brain_Nucleusaccumbens_basalganglia	4.213,3.958,3.557
chr12	12726000	12726096	chr12	12725916	12726096	APOLD1	perfect	50	0.0313808	0.08553376879004324	0	0.38415	0	0.018197500000000002	3	Cells_Culturedfibroblasts,Cells_EBV_transformedlymphocytes,WholeBlood	Cells_EBV_transformedlymphocytes,Cells_Culturedfibroblasts,WholeBlood	4.124,3.612,3.53	3	Cells_Culturedfibroblasts,Cells_EBV_transformedlymphocytes,WholeBlood	Cells_EBV_transformedlymphocytes,Cells_Culturedfibroblasts,WholeBlood	4.124,3.612,3.53
chr12	14385383	14385400	chr12	14385063	14385400	ATF7IP	perfect	50	0.021271400000000003	0.04345835679764043	0	0.22564	0.00649	0.012655	2	Cells_EBV_transformedlymphocytes,Testis	Cells_EBV_transformedlymphocytes,Testis,Cells_Culturedfibroblasts	4.703,3.157,2.146	2	Cells_EBV_transformedlymphocytes,Testis	Cells_EBV_transformedlymphocytes,Testis	4.703,3.157
chr12	16604864	16604889	chr12	16604864	16605383	LMO3	perfect	50	0.0179916	0.019858727517447966	0	0.12179	0.016184999999999998	0.026825	1	Cells_Culturedfibroblasts	Cells_Culturedfibroblasts,Adipose_Subcutaneous,AdrenalGland	5.227,1.564,1.321	1	Cells_Culturedfibroblasts	Cells_Culturedfibroblasts	5.227
chr12	18314525	18314573	chr12	18314525	18314638	PIK3C2G	perfect	50	0.011208399999999997	0.03312316948257561	0	0.14832	0	0	1	Stomach	Stomach,Skin_NotSunExposed_Suprapubic,Esophagus_Mucosa	4.139,2.828,2.638	1	Stomach	Stomach	4.139
chr12	19200324	19200325	chr12	19200324	19202003	PLEKHA5	perfect	50	0.051143	0.03394813031730638	0	0.1559	0.046355	0.044645	2	Kidney_Cortex,Liver	Liver,Kidney_Cortex,Brain_Amygdala	3.086,3.061,2.137	2	Kidney_Cortex,Liver	Liver,Kidney_Cortex	3.086,3.061
chr12	19552852	19552970	chr12	19552852	19553272	AEBP2	perfect	50	0.06717000000000001	0.04723989696544779	0.02024	0.28571	0.05543	0.04247	1	WholeBlood	WholeBlood,Liver,Kidney_Cortex	4.626,2.831,1.707	1	WholeBlood	WholeBlood	4.626
chr12	21021460	21021582	chr12	21021460	21021582	SLCO1B3-SLCO1B7,SLCO1B7	perfect	50	0.019999999999999993	0.14142135623730945	0	1	0	0	1	Liver	Liver,Adipose_Subcutaneous,Adipose_Visceral_Omentum	6.93,-0.141,-0.141	1	Liver	Liver	6.93
chr12	21022849	21022996	chr12	21022849	21022996	SLCO1B3-SLCO1B7,SLCO1B7	perfect	50	0.019999999999999993	0.14142135623730945	0	1	0	0	1	Liver	Liver,Adipose_Subcutaneous,Adipose_Visceral_Omentum	6.93,-0.141,-0.141	1	Liver	Liver	6.93
chr12	21023188	21023287	chr12	21023188	21023287	SLCO1B3-SLCO1B7,SLCO1B7	perfect	50	0.019999999999999993	0.14142135623730945	0	1	0	0	1	Liver	Liver,Adipose_Subcutaneous,Adipose_Visceral_Omentum	6.93,-0.141,-0.141	1	Liver	Liver	6.93
chr12	21043333	21043576	chr12	21043333	21043576	SLCO1B3-SLCO1B7,SLCO1B7	perfect	50	0.019999999999999993	0.14142135623730945	0	1	0	0	1	Liver	Liver,Adipose_Subcutaneous,Adipose_Visceral_Omentum	6.93,-0.141,-0.141	1	Liver	Liver	6.93
chr12	21047052	21047217	chr12	21047052	21047217	ENSG00000257062,SLCO1B3-SLCO1B7,SLCO1B7	perfect	50	0.019999999999999993	0.14142135623730945	0	1	0	0	1	Liver	Liver,Adipose_Subcutaneous,Adipose_Visceral_Omentum	6.93,-0.141,-0.141	1	Liver	Liver	6.93
chr12	21048711	21048907	chr12	21048711	21048907	SLCO1B3-SLCO1B7,SLCO1B7	perfect	50	0.019999999999999993	0.14142135623730945	0	1	0	0	1	Liver	Liver,Adipose_Subcutaneous,Adipose_Visceral_Omentum	6.93,-0.141,-0.141	1	Liver	Liver	6.93
chr12	21052095	21052261	chr12	21052095	21052261	SLCO1B3-SLCO1B7,SLCO1B7	perfect	50	0.019999999999999993	0.14142135623730945	0	1	0	0	1	Liver	Liver,Adipose_Subcutaneous,Adipose_Visceral_Omentum	6.93,-0.141,-0.141	1	Liver	Liver	6.93
chr12	21054451	21054636	chr12	21054451	21054636	ENSG00000257062,ENSG00000290524,SLCO1B3-SLCO1B7,SLCO1B7	perfect	50	0.019999999999999993	0.14142135623730945	0	1	0	0	1	Liver	Liver,Adipose_Subcutaneous,Adipose_Visceral_Omentum	6.93,-0.141,-0.141	1	Liver	Liver	6.93
chr12	21067318	21067383	chr12	21067318	21067383	ENSG00000257062,ENSG00000290524,SLCO1B3-SLCO1B7,SLCO1B7	perfect	50	0.03999999999999999	0.19794866372215744	0	1	0	0	2	Liver,Testis	Liver,Testis,Adipose_Subcutaneous	4.85,4.85,-0.202	2	Liver,Testis	Liver,Testis	4.85,4.85
chr12	21076451	21076569	chr12	21076451	21076569	ENSG00000257062,ENSG00000290524,SLCO1B3-SLCO1B7,SLCO1B7	perfect	50	0.03999999999999999	0.19794866372215744	0	1	0	0	2	Liver,Testis	Liver,Testis,Adipose_Subcutaneous	4.85,4.85,-0.202	2	Liver,Testis	Liver,Testis	4.85,4.85
chr12	21089907	21090103	chr12	21089907	21090245	ENSG00000257062,ENSG00000290524,SLCO1B3-SLCO1B7,SLCO1B7	perfect	50	0.03999999999999999	0.19794866372215744	0	1	0	0	2	Liver,Testis	Liver,Testis,Adipose_Subcutaneous	4.85,4.85,-0.202	2	Liver,Testis	Liver,Testis	4.85,4.85
chr12	21376322	21376364	chr12	21376322	21376364	IAPP	perfect	50	0.010321800000000004	0.05142911657211073	0	0.28767	0	0	2	Liver,Testis	Liver,Testis,Adipose_Subcutaneous	5.393,4.241,-0.201	2	Liver,Testis	Liver,Testis	5.393,4.241
chr12	21507943	21507952	chr12	21507943	21508109	GOLT1B	perfect	50	0.0042856	0.029579408182182493	0	0.2092	0	0	1	Cells_Culturedfibroblasts	Cells_Culturedfibroblasts,Cells_EBV_transformedlymphocytes,Adipose_Subcutaneous	6.928,0.027,-0.145	1	Cells_Culturedfibroblasts	Cells_Culturedfibroblasts	6.928
chr12	21515237	21515243	chr12	21515237	21515270	GOLT1B	perfect	50	0.007233000000000002	0.018920630167052265	0	0.10194	0	0	1	Brain_FrontalCortex_BA9	Brain_FrontalCortex_BA9,Brain_Anteriorcingulatecortex_BA24,Brain_Cortex	5.005,2.596,2.574	1	Brain_FrontalCortex_BA9	Brain_FrontalCortex_BA9	5.005
chr12	21805176	21805311	chr12	21805135	21805311	ABCC9	perfect	50	0.020777799999999992	0.08681441440292303	0	0.52855	0	0	1	Muscle_Skeletal	Muscle_Skeletal,Heart_LeftVentricle,Heart_AtrialAppendage	5.849,2.957,1.85	1	Muscle_Skeletal	Muscle_Skeletal	5.849
chr12	22644210	22644301	chr12	22644210	22644587	ETNK1	perfect	50	0.0286888	0.02841158578280835	0.00364	0.12563	0.017079999999999998	0.028820000000000005	2	Testis,WholeBlood	WholeBlood,Testis,Muscle_Skeletal	3.412,3.321,2.132	2	Testis,WholeBlood	WholeBlood,Testis	3.412,3.321
chr12	23584546	23584552	chr12	23584546	23584612	SOX5	perfect	50	0.03334460000000001	0.11871907972458792	0	0.79737	0	0.008925	1	Testis	Testis,Cells_EBV_transformedlymphocytes,Cells_Culturedfibroblasts	6.436,1.825,0.922	1	Testis	Testis	6.436
chr12	24902946	24902988	chr12	24901962	24904681	BCAT1,ENSG00000278969	perfect	50	0.0224116	0.030232013060897643	0	0.15663	0.013985000000000001	0.03058	2	Cells_EBV_transformedlymphocytes,WholeBlood	WholeBlood,Cells_EBV_transformedlymphocytes,Artery_Aorta	4.44,3.344,1.326	2	Cells_EBV_transformedlymphocytes,WholeBlood	WholeBlood,Cells_EBV_transformedlymphocytes	4.44,3.344
chr12	25215443	25215560	chr12	25215436	25215560	KRAS	perfect	50	0.04984620000000001	0.07371025927236995	0	0.32889	0.015955	0.06829750000000001	1	Esophagus_Mucosa	Esophagus_Mucosa,Pancreas,Colon_Transverse	3.786,2.126,1.923	1	Esophagus_Mucosa	Esophagus_Mucosa	3.786
chr12	26079032	26079070	chr12	26079032	26079892	RASSF8	perfect	50	0.0060846	0.020045911304822646	0	0.12034	0	0.0051624999999999996	2	Cells_Culturedfibroblasts,Testis	Testis,Cells_Culturedfibroblasts,Bladder	5.7,3.595,0.522	1	Testis	Testis	5.7
chr12	27655142	27655235	chr12	27655112	27655235	PPFIBP1	perfect	50	0.2767876	0.1371601588871899	0.1089	1	0.2212	0.11138749999999994	1	WholeBlood	WholeBlood,Brain_FrontalCortex_BA9,Brain_Anteriorcingulatecortex_BA24	5.273,1.673,1.517	1	WholeBlood	WholeBlood	5.273
chr12	29659879	29659983	chr12	29659879	29659983	TMTC1	perfect	50	0.0802628	0.09241521257049069	0	0.5194	0.053320000000000006	0.071345	2	Cells_Culturedfibroblasts,Cells_EBV_transformedlymphocytes	Cells_Culturedfibroblasts,Cells_EBV_transformedlymphocytes,Heart_AtrialAppendage	4.752,3.189,1.703	2	Cells_Culturedfibroblasts,Cells_EBV_transformedlymphocytes	Cells_Culturedfibroblasts,Cells_EBV_transformedlymphocytes	4.752,3.189
chr12	29660803	29660885	chr12	29660803	29660885	TMTC1	perfect	50	0.0802628	0.09241521257049069	0	0.5194	0.053320000000000006	0.071345	2	Cells_Culturedfibroblasts,Cells_EBV_transformedlymphocytes	Cells_Culturedfibroblasts,Cells_EBV_transformedlymphocytes,Heart_AtrialAppendage	4.752,3.189,1.703	2	Cells_Culturedfibroblasts,Cells_EBV_transformedlymphocytes	Cells_Culturedfibroblasts,Cells_EBV_transformedlymphocytes	4.752,3.189
chr12	31499605	31499671	chr12	31499605	31499671	DENND5B	perfect	50	0.0453644	0.020739925723599114	0	0.11293	0.051065	0.030147499999999994	1	Testis	Testis,MinorSalivaryGland,Thyroid	3.258,1.177,1.098	1	Testis	Testis	3.258
chr12	32486133	32486143	chr12	32485971	32486143	FGD4	perfect	50	0.004341400000000001	0.01685606776353784	0	0.11276	0	0	1	WholeBlood	WholeBlood,Lung,Spleen	6.432,1.923,0.814	1	WholeBlood	WholeBlood	6.432
chr12	32894764	32894778	chr12	32893308	32894778	PKP2	perfect	50	0.0886216	0.03862119325987128	0	0.24138	0.08701500000000001	0.0352725	1	Brain_Spinalcord_cervicalc_1	Brain_Spinalcord_cervicalc_1,WholeBlood,Brain_Hypothalamus	3.955,2.275,1.481	1	Brain_Spinalcord_cervicalc_1	Brain_Spinalcord_cervicalc_1	3.955
chr12	34029624	34029633	chr12	34029624	34029694	ALG10	perfect	50	0.014642800000000001	0.03589137484018085	0	0.17277	0	0.0075	2	Cells_Culturedfibroblasts,Cells_EBV_transformedlymphocytes	Cells_Culturedfibroblasts,Cells_EBV_transformedlymphocytes,Bladder	4.406,3.368,2.378	2	Cells_Culturedfibroblasts,Cells_EBV_transformedlymphocytes	Cells_Culturedfibroblasts,Cells_EBV_transformedlymphocytes	4.406,3.368
chr12	38907318	38907380	chr12	38907318	38907430	CPNE8	perfect	50	0.0026249999999999993	0.018561553006146873	0	0.13125	0	0	1	Testis	Testis,Adipose_Subcutaneous,Adipose_Visceral_Omentum	6.93,-0.141,-0.141	1	Testis	Testis	6.93
chr12	40971433	40971510	chr12	40971433	40972717	CNTN1	perfect	50	0.1033714	0.1207876260727303	0	0.57975	0.058255	0.0388075	1	Brain_Spinalcord_cervicalc_1	Brain_Spinalcord_cervicalc_1,Brain_Putamen_basalganglia,Brain_Substantianigra	3.944,2.481,2.441	1	Brain_Spinalcord_cervicalc_1	Brain_Spinalcord_cervicalc_1	3.944
chr12	41437944	41438013	chr12	41437679	41438013	PDZRN4	perfect	50	0.025081399999999997	0.05832613682368752	0	0.24845	0	0	2	Brain_Caudate_basalganglia,Brain_Putamen_basalganglia	Brain_Caudate_basalganglia,Brain_Putamen_basalganglia,Brain_Nucleusaccumbens_basalganglia	3.83,3.211,2.428	2	Brain_Caudate_basalganglia,Brain_Putamen_basalganglia	Brain_Caudate_basalganglia,Brain_Putamen_basalganglia	3.83,3.211
chr12	42442640	42442741	chr12	42442640	42448623	PPHLN1	perfect	50	0.1860572	0.028720845593259207	0.12689	0.30051	0.17814000000000002	0.023925000000000002	1	Brain_CerebellarHemisphere	Brain_CerebellarHemisphere,Brain_Cerebellum,Spleen	3.985,2.321,1.734	1	Brain_CerebellarHemisphere	Brain_CerebellarHemisphere	3.985
chr12	42445972	42445990	chr12	42442640	42448623	PPHLN1	perfect	50	0.163744	0.032439540498519735	0.09258	0.2837	0.15746500000000002	0.028945	1	Brain_CerebellarHemisphere	Brain_CerebellarHemisphere,Brain_Cerebellum,Spleen	3.698,2.111,1.773	1	Brain_CerebellarHemisphere	Brain_CerebellarHemisphere	3.698
chr12	42445990	42446290	chr12	42442640	42448623	PPHLN1	perfect	50	0.173073	0.0319209588400052	0.11316	0.294	0.16476000000000002	0.02601749999999997	1	Brain_CerebellarHemisphere	Brain_CerebellarHemisphere,Brain_Cerebellum,Spleen	3.788,2.194,1.772	1	Brain_CerebellarHemisphere	Brain_CerebellarHemisphere	3.788
chr12	42446591	42446615	chr12	42442640	42448623	PPHLN1	perfect	50	0.173073	0.0319209588400052	0.11316	0.294	0.16476000000000002	0.02601749999999997	1	Brain_CerebellarHemisphere	Brain_CerebellarHemisphere,Brain_Cerebellum,Spleen	3.788,2.194,1.772	1	Brain_CerebellarHemisphere	Brain_CerebellarHemisphere	3.788
chr12	43423696	43423924	chr12	43422818	43423924	ADAMTS20	perfect	50	0.1027452	0.2724819795894394	0	1	0	0	3	Brain_Anteriorcingulatecortex_BA24,Brain_FrontalCortex_BA9,Brain_Substantianigra	Brain_Anteriorcingulatecortex_BA24,Brain_FrontalCortex_BA9,Brain_Substantianigra	3.293,3.293,3.293	3	Brain_Anteriorcingulatecortex_BA24,Brain_FrontalCortex_BA9,Brain_Substantianigra	Brain_Anteriorcingulatecortex_BA24,Brain_FrontalCortex_BA9,Brain_Substantianigra	3.293,3.293,3.293
chr12	44875506	44875558	chr12	44875506	44875812	NELL2	perfect	50	0.04646279999999999	0.10230310083755814	0	0.48038	0	0.015765	1	Brain_Hippocampus	Brain_Hippocampus,Brain_Amygdala,Brain_Putamen_basalganglia	4.241,2.977,2.263	1	Brain_Hippocampus	Brain_Hippocampus	4.241
chr12	45292918	45292934	chr12	45292676	45292955	ANO6	perfect	50	0.021558600000000004	0.0445188364173996	0	0.22949	0	0.02005	2	Heart_LeftVentricle,Muscle_Skeletal	Muscle_Skeletal,Heart_LeftVentricle,Heart_AtrialAppendage	4.671,3.672,2.431	2	Heart_LeftVentricle,Muscle_Skeletal	Muscle_Skeletal,Heart_LeftVentricle	4.671,3.672
chr12	48108071	48108094	chr12	48108071	48108194	PFKM	perfect	50	0.006166999999999998	0.029537088912561633	0	0.20906	0	0.0031824999999999996	1	Testis	Testis,Cells_EBV_transformedlymphocytes,AdrenalGland	6.869,0.376,0.304	1	Testis	Testis	6.869
chr12	48108094	48108194	chr12	48108071	48108194	PFKM	perfect	50	0.006272	0.030031432716745434	0	0.21248	0	0.0031824999999999996	1	Testis	Testis,Cells_EBV_transformedlymphocytes,AdrenalGland	6.866,0.427,0.296	1	Testis	Testis	6.866
chr12	48969109	48969144	chr12	48969109	48969144	WNT10B	perfect	50	0.009133599999999999	0.03040268038398279	0	0.1658	0	0	2	Skin_NotSunExposed_Suprapubic,Skin_SunExposed_Lowerleg	Skin_SunExposed_Lowerleg,Skin_NotSunExposed_Suprapubic,SmallIntestine_TerminalIleum	5.153,3.748,1.408	2	Skin_NotSunExposed_Suprapubic,Skin_SunExposed_Lowerleg	Skin_SunExposed_Lowerleg,Skin_NotSunExposed_Suprapubic	5.153,3.748
chr12	49900155	49900240	chr12	49900155	49900257	FAIM2	perfect	50	0.2347118	0.16168806774711583	0	0.79149	0.28642	0.2121925	1	Testis	Testis,Pituitary,AdrenalGland	3.444,1.102,1.022	1	Testis	Testis	3.444
chr12	51028176	51028225	chr12	51028176	51028411	SLC11A2	perfect	50	0.036174800000000014	0.08753381371696732	0	0.35574	0	0.006395	2	Skin_NotSunExposed_Suprapubic,Skin_SunExposed_Lowerleg	Skin_NotSunExposed_Suprapubic,Skin_SunExposed_Lowerleg,Esophagus_Mucosa	3.651,3.613,2.958	2	Skin_NotSunExposed_Suprapubic,Skin_SunExposed_Lowerleg	Skin_NotSunExposed_Suprapubic,Skin_SunExposed_Lowerleg	3.651,3.613
chr12	51479991	51480219	chr12	51479991	51480610	SLC4A8	perfect	50	0.1210822	0.07181246936490705	0	0.35484	0.13011	0.04429749999999999	1	Kidney_Cortex	Kidney_Cortex,Artery_Coronary,Thyroid	3.255,1.59,1.408	1	Kidney_Cortex	Kidney_Cortex	3.255
chr12	52041892	52041929	chr12	52041804	52041929	NR4A1	perfect	50	0.03381	0.031757091253733535	0.00545	0.17679	0.022835	0.021617500000000005	1	Cells_Culturedfibroblasts	Cells_Culturedfibroblasts,Brain_CerebellarHemisphere,Brain_Cerebellum	4.502,2.226,2.158	1	Cells_Culturedfibroblasts	Cells_Culturedfibroblasts	4.502
chr12	53219949	53220100	chr12	53219949	53220413	RARG	perfect	50	0.1102378	0.050825221333828476	0.02445	0.27972	0.09802	0.04954750000000002	1	Cells_Culturedfibroblasts	Cells_Culturedfibroblasts,Cells_EBV_transformedlymphocytes,Muscle_Skeletal	3.335,2.916,2.906	1	Cells_Culturedfibroblasts	Cells_Culturedfibroblasts	3.335
chr12	53251732	53252035	chr12	53251250	53252048	ENSG00000305608,MFSD5	perfect	50	0.0409536	0.03466542356379254	0	0.22843	0.03364	0.021095	1	AdrenalGland	AdrenalGland,Skin_SunExposed_Lowerleg,Skin_NotSunExposed_Suprapubic	5.408,2.388,1.731	1	AdrenalGland	AdrenalGland	5.408
chr12	54839404	54839447	chr12	54839368	54839447	MUCL1	perfect	50	0.007916600000000003	0.05597881543941423	0	0.39583	0	0	1	Brain_FrontalCortex_BA9	Brain_FrontalCortex_BA9,Adipose_Subcutaneous,Adipose_Visceral_Omentum	6.93,-0.141,-0.141	1	Brain_FrontalCortex_BA9	Brain_FrontalCortex_BA9	6.93
chr12	55686201	55686314	chr12	55686201	55686314	ITGA7	perfect	50	0.0038662000000000006	0.02636201510445184	0	0.1865	0	0	1	Muscle_Skeletal	Muscle_Skeletal,MinorSalivaryGland,Heart_AtrialAppendage	6.928,-0.015,-0.067	1	Muscle_Skeletal	Muscle_Skeletal	6.928
chr12	55914288	55914366	chr12	55913745	55914366	PYM1	perfect	50	0.1834494	0.06595418940167982	0.06267	0.46968	0.17021999999999998	0.06163500000000002	1	Muscle_Skeletal	Muscle_Skeletal,Brain_Spinalcord_cervicalc_1,Heart_LeftVentricle	4.34,1.933,1.597	1	Muscle_Skeletal	Muscle_Skeletal	4.34
chr12	55927109	55927228	chr12	55927075	55927267	PYM1	perfect	50	0.0520086	0.01858264913892549	0.01819	0.11237	0.047674999999999995	0.0174075	1	Muscle_Skeletal	Muscle_Skeletal,Brain_Spinalcord_cervicalc_1,Brain_CerebellarHemisphere	3.248,2.609,2.321	1	Muscle_Skeletal	Muscle_Skeletal	3.248
chr12	57288856	57288910	chr12	57288856	57288910	R3HDM2	perfect	50	0.098124	0.06870637302228631	0	0.31488	0.08255	0.0753125	1	Muscle_Skeletal	Muscle_Skeletal,WholeBlood,Brain_Amygdala	3.155,2.915,1.791	1	Muscle_Skeletal	Muscle_Skeletal	3.155
chr12	57741911	57742071	chr12	57741911	57742157	AGAP2	perfect	50	0.385307	0.15901532692460427	0.14101	1	0.37161999999999995	0.13705750000000005	1	Cells_Culturedfibroblasts	Cells_Culturedfibroblasts,Cells_EBV_transformedlymphocytes,WholeBlood	3.866,2.55,2.425	1	Cells_Culturedfibroblasts	Cells_Culturedfibroblasts	3.866
chr12	57774628	57774767	chr12	57774628	57774767	EEF1AKMT3	perfect	50	0.0496432	0.08629487303426547	0	0.6012	0.05701	0.06412	1	Testis	Testis,Cells_Culturedfibroblasts,Cells_EBV_transformedlymphocytes	6.392,0.72,0.489	1	Testis	Testis	6.392
chr12	57802554	57802585	chr12	57802554	57802774	TSFM	perfect	50	0.0380164	0.034495696789303906	0	0.17291	0.031195	0.033877500000000005	2	Muscle_Skeletal,Testis	Testis,Muscle_Skeletal,Heart_AtrialAppendage	3.91,3.772,1.539	2	Muscle_Skeletal,Testis	Testis,Muscle_Skeletal	3.91,3.772
chr12	57802585	57802628	chr12	57802554	57802774	TSFM	perfect	50	0.0173806	0.023584146993872204	0	0.11508	0.012325	0.022795000000000003	2	Muscle_Skeletal,Testis	Testis,Muscle_Skeletal,Heart_AtrialAppendage	4.143,3.457,1.628	1	Testis	Testis	4.143
chr12	58919426	58919482	chr12	58919426	58919546	LRIG3	perfect	50	0.5724982	0.13330604261898515	0.38794	1	0.5390900000000001	0.16560999999999992	2	Brain_CerebellarHemisphere,WholeBlood	Brain_CerebellarHemisphere,WholeBlood,Brain_Cerebellum	3.207,3.207,1.377	2	Brain_CerebellarHemisphere,WholeBlood	Brain_CerebellarHemisphere,WholeBlood	3.207,3.207
chr12	62588855	62588890	chr12	62588855	62588916	MON2	perfect	50	0.035322400000000004	0.060391575117253384	0	0.33243	0.015155	0.049819999999999996	1	Cells_Culturedfibroblasts	Cells_Culturedfibroblasts,Muscle_Skeletal,Cells_EBV_transformedlymphocytes	4.92,2.975,1.888	1	Cells_Culturedfibroblasts	Cells_Culturedfibroblasts	4.92
chr12	65842590	65842611	chr12	65842590	65843523	HMGA2	perfect	50	0.0142988	0.04394708625571604	0	0.2	0	0	2	Adipose_Subcutaneous,Ovary	Adipose_Subcutaneous,Ovary,Pancreas	4.226,3.244,2.925	2	Adipose_Subcutaneous,Ovary	Adipose_Subcutaneous,Ovary	4.226,3.244
chr12	65915058	65915127	chr12	65914719	65915527	HMGA2	perfect	50	0.004022000000000002	0.024804857407782214	0	0.17382	0	0	1	Testis	Testis,Cells_Culturedfibroblasts,Adipose_Subcutaneous	6.845,0.938,-0.162	1	Testis	Testis	6.845
chr12	70609788	70609814	chr12	70609760	70609844	PTPRB	perfect	50	0.1711674	0.12170071842240952	0	0.61538	0.14326	0.13914	1	Cells_Culturedfibroblasts	Cells_Culturedfibroblasts,Testis,Muscle_Skeletal	3.65,1.672,1.527	1	Cells_Culturedfibroblasts	Cells_Culturedfibroblasts	3.65
chr12	71894324	71894375	chr12	71894324	71894379	TBC1D15	perfect	50	0.0833208	0.03341238557108757	0.03003	0.2161	0.075745	0.032015	1	Brain_CerebellarHemisphere	Brain_CerebellarHemisphere,Brain_Cerebellum,Brain_Putamen_basalganglia	3.974,2.911,1.433	1	Brain_CerebellarHemisphere	Brain_CerebellarHemisphere	3.974
chr12	75322973	75323087	chr12	75322935	75323087	CAPS2	perfect	50	0.1629954	0.062231973251172856	0	0.36207	0.15057500000000001	0.04205500000000004	1	Liver	Liver,Pancreas,Thyroid	3.199,2.899,2.429	1	Liver	Liver	3.199
chr12	75487738	75487809	chr12	75487738	75487809	GLIPR1	perfect	50	0.0366656	0.04818218068276838	0	0.2154	0.027705	0.056804999999999994	2	Testis,WholeBlood	Testis,WholeBlood,Cells_Culturedfibroblasts	3.71,3.05,2.235	2	Testis,WholeBlood	Testis,WholeBlood	3.71,3.05
chr12	79810394	79810511	chr12	79810394	79810511	PPP1R12A	perfect	50	0.0037146000000000015	0.017882933742104225	0	0.11881	0	0	1	Muscle_Skeletal	Muscle_Skeletal,Heart_AtrialAppendage,Heart_LeftVentricle	6.436,1.753,1.574	1	Muscle_Skeletal	Muscle_Skeletal	6.436
chr12	80424457	80424588	chr12	80424437	80424588	PTPRQ	perfect	50	0.014324799999999997	0.04815501610932966	0	0.22556	0	0	2	Artery_Aorta,Artery_Tibial	Artery_Aorta,Artery_Tibial,Kidney_Cortex	4.387,4.182,2.494	2	Artery_Aorta,Artery_Tibial	Artery_Aorta,Artery_Tibial	4.387,4.182
chr12	80425022	80425129	chr12	80425022	80425129	PTPRQ	perfect	50	0.014324799999999997	0.04815501610932966	0	0.22556	0	0	2	Artery_Aorta,Artery_Tibial	Artery_Aorta,Artery_Tibial,Kidney_Cortex	4.387,4.182,2.494	2	Artery_Aorta,Artery_Tibial	Artery_Aorta,Artery_Tibial	4.387,4.182
chr12	80427456	80427551	chr12	80427456	80427551	PTPRQ	perfect	50	0.014324799999999997	0.04815501610932966	0	0.22556	0	0	2	Artery_Aorta,Artery_Tibial	Artery_Aorta,Artery_Tibial,Kidney_Cortex	4.387,4.182,2.494	2	Artery_Aorta,Artery_Tibial	Artery_Aorta,Artery_Tibial	4.387,4.182
chr12	80434935	80435082	chr12	80434935	80435101	PTPRQ	perfect	50	0.014324799999999997	0.04815501610932966	0	0.22556	0	0	2	Artery_Aorta,Artery_Tibial	Artery_Aorta,Artery_Tibial,Kidney_Cortex	4.387,4.182,2.494	2	Artery_Aorta,Artery_Tibial	Artery_Aorta,Artery_Tibial	4.387,4.182
chr12	80435082	80435101	chr12	80434935	80435101	PTPRQ	perfect	50	0.09829140000000001	0.2455613930635394	0	1	0	0.0590625	3	MinorSalivaryGland,Skin_SunExposed_Lowerleg,Uterus	MinorSalivaryGland,Skin_SunExposed_Lowerleg,Uterus	3.672,3.672,3.672	3	MinorSalivaryGland,Skin_SunExposed_Lowerleg,Uterus	MinorSalivaryGland,Skin_SunExposed_Lowerleg,Uterus	3.672,3.672,3.672
chr12	80443751	80443912	chr12	80443751	80443912	PTPRQ	perfect	50	0.09829140000000001	0.2455613930635394	0	1	0	0.0590625	3	MinorSalivaryGland,Skin_SunExposed_Lowerleg,Uterus	MinorSalivaryGland,Skin_SunExposed_Lowerleg,Uterus	3.672,3.672,3.672	3	MinorSalivaryGland,Skin_SunExposed_Lowerleg,Uterus	MinorSalivaryGland,Skin_SunExposed_Lowerleg,Uterus	3.672,3.672,3.672
chr12	81597951	81598032	chr12	81597951	81598371	PPFIA2	perfect	50	0.028247799999999997	0.05377685999174209	0	0.20701	0	0.0283425	2	Brain_Cortex,Brain_FrontalCortex_BA9	Brain_FrontalCortex_BA9,Brain_Cortex,Brain_Anteriorcingulatecortex_BA24	3.324,3.014,2.637	2	Brain_Cortex,Brain_FrontalCortex_BA9	Brain_FrontalCortex_BA9,Brain_Cortex	3.324,3.014
chr12	92749550	92749613	chr12	92749550	92749723	PLEKHG7	perfect	50	0.044095	0.1043994096716831	0	0.5	0	0	1	Testis	Testis,Lung,Kidney_Cortex	4.367,2.667,2.525	1	Testis	Testis	4.367
chr12	93738199	93738291	chr12	93738199	93738636	CRADD	perfect	50	0.037234	0.03418976717662518	0	0.19643	0.041944999999999996	0.04252499999999999	1	WholeBlood	WholeBlood,Cells_EBV_transformedlymphocytes,Prostate	4.656,1.857,1.16	1	WholeBlood	WholeBlood	4.656
chr12	95030621	95030629	chr12	95030408	95030873	NR2C1	perfect	50	0.0373396	0.034419143935090685	0	0.14905	0.037790000000000004	0.0484675	1	Cells_EBV_transformedlymphocytes	Cells_EBV_transformedlymphocytes,Cells_Culturedfibroblasts,Testis	3.246,2.835,2.428	1	Cells_EBV_transformedlymphocytes	Cells_EBV_transformedlymphocytes	3.246
chr12	96645157	96645164	chr12	96645157	96647127	CFAP54	perfect	50	0.2129462	0.13434718601961027	0	0.66667	0.2	0.12988249999999996	1	Skin_NotSunExposed_Suprapubic	Skin_NotSunExposed_Suprapubic,AdrenalGland,Brain_CerebellarHemisphere	3.377,2.137,2.137	1	Skin_NotSunExposed_Suprapubic	Skin_NotSunExposed_Suprapubic	3.377
chr12	98613587	98614306	chr12	98613404	98614340	IKBIP	perfect	50	0.2335748	0.0850351113373956	0.06329	0.52672	0.235925	0.07919999999999999	1	Testis	Testis,Cells_Culturedfibroblasts,WholeBlood	3.447,1.782,1.54	1	Testis	Testis	3.447
chr12	100028556	100028610	chr12	100028454	100028610	BLTP3B	perfect	50	0.05360000000000001	0.05885536151950675	0	0.3192	0.04508	0.07015750000000001	1	WholeBlood	WholeBlood,Pancreas,Testis	4.513,2.322,1.654	1	WholeBlood	WholeBlood	4.513
chr12	100261729	100261768	chr12	100261729	100261768	DEPDC4	perfect	50	0.005005400000000002	0.024065281555954162	0	0.13253	0	0	2	Brain_Spinalcord_cervicalc_1,Testis	Brain_Spinalcord_cervicalc_1,Testis,Cells_EBV_transformedlymphocytes	5.299,4.344,0.133	2	Brain_Spinalcord_cervicalc_1,Testis	Brain_Spinalcord_cervicalc_1,Testis	5.299,4.344
chr12	100503387	100503452	chr12	100503359	100503496	NR1H4	perfect	50	0.064571	0.16055890224717015	0	0.6	0	0	3	Bladder,Colon_Transverse,Pancreas	Bladder,Colon_Transverse,Pancreas	3.335,3.122,3.108	3	Bladder,Colon_Transverse,Pancreas	Bladder,Colon_Transverse,Pancreas	3.335,3.122,3.108
chr12	100503452	100503496	chr12	100503359	100503496	NR1H4	perfect	50	0.07604439999999998	0.19051710355658835	0	0.68763	0	0	2	Colon_Transverse,Kidney_Cortex	Kidney_Cortex,Colon_Transverse,Bladder	3.21,3.184,2.75	2	Colon_Transverse,Kidney_Cortex	Kidney_Cortex,Colon_Transverse	3.21,3.184
chr12	100505574	100505630	chr12	100505574	100505824	NR1H4	perfect	50	0.015245599999999998	0.0512572045373096	0	0.30487	0	0	1	Kidney_Cortex	Kidney_Cortex,Liver,Colon_Transverse	5.65,2.022,1.981	1	Kidney_Cortex	Kidney_Cortex	5.65
chr12	100717525	100717547	chr12	100717243	100717547	ANO4	perfect	50	0.018378600000000002	0.06521217749713903	0	0.41423	0	0	1	Cells_Culturedfibroblasts	Cells_Culturedfibroblasts,Adipose_Subcutaneous,MinorSalivaryGland	6.07,1.909,1.361	1	Cells_Culturedfibroblasts	Cells_Culturedfibroblasts	6.07
chr12	100733773	100733857	chr12	100733773	100733857	ANO4	perfect	50	0.018378600000000002	0.06521217749713903	0	0.41423	0	0	1	Cells_Culturedfibroblasts	Cells_Culturedfibroblasts,Adipose_Subcutaneous,MinorSalivaryGland	6.07,1.909,1.361	1	Cells_Culturedfibroblasts	Cells_Culturedfibroblasts	6.07
chr12	100739853	100740105	chr12	100739853	100740105	ANO4	perfect	50	0.018378600000000002	0.06521217749713903	0	0.41423	0	0	1	Cells_Culturedfibroblasts	Cells_Culturedfibroblasts,Adipose_Subcutaneous,MinorSalivaryGland	6.07,1.909,1.361	1	Cells_Culturedfibroblasts	Cells_Culturedfibroblasts	6.07
chr12	101666743	101666797	chr12	101666202	101666797	MYBPC1	perfect	50	0.005149800000000001	0.015517603892722241	0	0.10363	0	0.006882500000000001	1	Heart_LeftVentricle	Heart_LeftVentricle,MinorSalivaryGland,Breast_MammaryTissue	6.346,1.659,1.036	1	Heart_LeftVentricle	Heart_LeftVentricle	6.346
chr12	102478486	102478501	chr12	102478486	102478651	IGF1	perfect	50	0.040926	0.07505065100534791	0	0.49964	0.033299999999999996	0.056095	1	Cells_EBV_transformedlymphocytes	Cells_EBV_transformedlymphocytes,Spleen,Colon_Transverse	6.112,1.58,0.734	1	Cells_EBV_transformedlymphocytes	Cells_EBV_transformedlymphocytes	6.112
chr12	104287336	104287346	chr12	104286681	104287431	TXNRD1	perfect	50	0.1566202	0.05664737133840386	0.05381	0.35807	0.14561	0.05068	1	Cells_Culturedfibroblasts	Cells_Culturedfibroblasts,Brain_CerebellarHemisphere,Brain_Cerebellum	3.556,2.834,1.884	1	Cells_Culturedfibroblasts	Cells_Culturedfibroblasts	3.556
chr12	105106787	105106862	chr12	105106787	105107643	ALDH1L2,WASHC4	perfect	50	0.0334368	0.08138163788883453	0	0.55776	0.007045	0.045204999999999995	1	Testis	Testis,Brain_FrontalCortex_BA9,Brain_Caudate_basalganglia	6.443,0.714,0.686	1	Testis	Testis	6.443
chr12	106329329	106329355	chr12	106329329	106330171	TCP11L2	perfect	50	0.0478076	0.02046619248758243	0.02602	0.16833	0.043255	0.012687499999999997	1	WholeBlood	WholeBlood,Heart_LeftVentricle,Liver	5.889,1.83,0.817	1	WholeBlood	WholeBlood	5.889
chr12	109154893	109154940	chr12	109154681	109154940	ACACB	perfect	50	0.0761284	0.0430139899102606	0.00268	0.24088	0.079775	0.04037	2	Cells_Culturedfibroblasts,Cells_EBV_transformedlymphocytes	Cells_Culturedfibroblasts,Cells_EBV_transformedlymphocytes,Brain_Spinalcord_cervicalc_1	3.83,3.494,0.752	2	Cells_Culturedfibroblasts,Cells_EBV_transformedlymphocytes	Cells_Culturedfibroblasts,Cells_EBV_transformedlymphocytes	3.83,3.494
chr12	110167870	110167975	chr12	110167870	110169182	IFT81	perfect	50	0.0467548	0.04497818497259057	0.01391	0.33333	0.03591	0.01414	1	WholeBlood	WholeBlood,Heart_LeftVentricle,Muscle_Skeletal	6.371,1.228,1.159	1	WholeBlood	WholeBlood	6.371
chr12	110499534	110499546	chr12	110498795	110499546	VPS29	perfect	50	0.2879078	0.0833680085044617	0.15401	0.5776	0.28254999999999997	0.11450749999999998	1	Muscle_Skeletal	Muscle_Skeletal,Brain_Amygdala,Brain_Putamen_basalganglia	3.475,1.704,1.472	1	Muscle_Skeletal	Muscle_Skeletal	3.475
chr12	111434901	111435027	chr12	111434861	111435027	SH2B3	perfect	50	0.0035153999999999993	0.024857631785831894	0	0.17577	0	0	1	Testis	Testis,Adipose_Subcutaneous,Adipose_Visceral_Omentum	6.93,-0.141,-0.141	1	Testis	Testis	6.93
chr12	111479069	111479102	chr12	111479069	111479102	ATXN2	perfect	50	0.039156	0.015026327643472292	0	0.10924	0.03805	0.009477499999999993	1	Cells_Culturedfibroblasts	Cells_Culturedfibroblasts,AdrenalGland,Pituitary	4.664,1.757,1.512	1	Cells_Culturedfibroblasts	Cells_Culturedfibroblasts	4.664
chr12	111710272	111710365	chr12	111710272	111710365	ACAD10	perfect	50	0.044012	0.028440738387039106	0	0.1344	0.048565	0.038935	1	Cells_Culturedfibroblasts	Cells_Culturedfibroblasts,Pancreas,Cells_EBV_transformedlymphocytes	3.178,1.763,1.077	1	Cells_Culturedfibroblasts	Cells_Culturedfibroblasts	3.178
chr12	112931877	112931919	chr12	112931877	112933219	OAS1	perfect	50	0.0402124	0.03591599442235921	0	0.27273	0.035775	0.017635	1	Muscle_Skeletal	Muscle_Skeletal,Heart_LeftVentricle,Artery_Tibial	6.474,0.801,0.453	1	Muscle_Skeletal	Muscle_Skeletal	6.474
chr12	116810073	116810226	chr12	116810073	116810520	RNFT2	perfect	50	0.023530799999999998	0.05028412285793436	0	0.25307	0	0.026019999999999998	2	Artery_Tibial,Testis	Testis,Artery_Tibial,Artery_Aorta	4.565,3.269,1.849	2	Artery_Tibial,Testis	Testis,Artery_Tibial	4.565,3.269
chr12	116918720	116918726	chr12	116918692	116918726	FBXW8	perfect	50	0.0411588	0.05732102170358496	0	0.25773	0.012459999999999999	0.0653775	1	Cells_EBV_transformedlymphocytes	Cells_EBV_transformedlymphocytes,Ovary,Testis	3.778,2.532,1.741	1	Cells_EBV_transformedlymphocytes	Cells_EBV_transformedlymphocytes	3.778
chr12	117255935	117256037	chr12	117255935	117256037	NOS1	perfect	50	0.0063954000000000025	0.045222307084004446	0	0.31977	0	0	1	Muscle_Skeletal	Muscle_Skeletal,Adipose_Subcutaneous,Adipose_Visceral_Omentum	6.93,-0.141,-0.141	1	Muscle_Skeletal	Muscle_Skeletal	6.93
chr12	118018051	118018053	chr12	118017689	118018053	RFC5	perfect	50	0.1227016	0.052371729262639236	0.04255	0.29301	0.107115	0.03901249999999998	2	Brain_CerebellarHemisphere,Brain_Cerebellum	Brain_Cerebellum,Brain_CerebellarHemisphere,Brain_Cortex	3.252,3.002,2.004	2	Brain_CerebellarHemisphere,Brain_Cerebellum	Brain_Cerebellum,Brain_CerebellarHemisphere	3.252,3.002
chr12	118062098	118062162	chr12	118062098	118062174	WSB2	perfect	50	0.011874200000000001	0.023258417487886318	0	0.10265	0	0.011105	1	Cells_Culturedfibroblasts	Cells_Culturedfibroblasts,Brain_Cerebellum,Brain_CerebellarHemisphere	3.903,2.174,2.163	1	Cells_Culturedfibroblasts	Cells_Culturedfibroblasts	3.903
chr12	119433385	119433614	chr12	119433385	119433636	CCDC60	perfect	50	0.1032958	0.21637217690623448	0	0.92537	0	0	1	Esophagus_Mucosa	Esophagus_Mucosa,Vagina,Colon_Transverse	3.799,2.519,2.329	1	Esophagus_Mucosa	Esophagus_Mucosa	3.799
chr12	120650637	120650682	chr12	120650084	120650682	CABP1	perfect	50	0.472711	0.10082837293527804	0.30769	1	0.46489499999999995	0.06061000000000005	1	WholeBlood	WholeBlood,Cells_Culturedfibroblasts,Adipose_Visceral_Omentum	5.23,2.204,1.167	1	WholeBlood	WholeBlood	5.23
chr12	121580019	121580052	chr12	121580019	121580459	KDM2B,KDM2B-DT	perfect	50	0.0496216	0.024137817255865352	0.01629	0.17347	0.04486	0.02636250000000001	1	Testis	Testis,Brain_FrontalCortex_BA9,Brain_CerebellarHemisphere	5.131,1.376,1.23	1	Testis	Testis	5.131
chr12	122322113	122324381	chr12	122322113	122324381	CLIP1	perfect	50	0.0124298	0.025043511318160985	0.00127	0.17014	0.006415	0.0061975	1	Testis	Testis,Heart_AtrialAppendage,Heart_LeftVentricle	6.297,2.105,0.926	1	Testis	Testis	6.297
chr12	123000382	123000478	chr12	123000302	123000478	PITPNM2	perfect	50	0.0053159999999999995	0.01420169406393879	0	0.1009	0.0036049999999999997	0.005979999999999999	1	Testis	Testis,Vagina,Ovary	6.73,0.469,0.388	1	Testis	Testis	6.73
chr12	123587610	123587631	chr12	123587610	123587631	TMED2	perfect	50	0.018475800000000007	0.07777140249002394	0	0.4476	0	0	2	Heart_LeftVentricle,Muscle_Skeletal	Muscle_Skeletal,Heart_LeftVentricle,Heart_AtrialAppendage	5.518,3.008,2.62	2	Heart_LeftVentricle,Muscle_Skeletal	Muscle_Skeletal,Heart_LeftVentricle	5.518,3.008
chr12	123639956	123640001	chr12	123639956	123640001	GTF2H3	perfect	50	0.002094000000000001	0.014806815998046305	0	0.1047	0	0	1	Muscle_Skeletal	Muscle_Skeletal,Adipose_Subcutaneous,Adipose_Visceral_Omentum	6.93,-0.141,-0.141	1	Muscle_Skeletal	Muscle_Skeletal	6.93
chr12	123908356	123908556	chr12	123908312	123908556	DNAH10	perfect	50	0.059745599999999996	0.08856959099844966	0	0.48611	0.034695000000000004	0.08370249999999999	1	Cells_Culturedfibroblasts	Cells_Culturedfibroblasts,AdrenalGland,Adipose_Visceral_Omentum	4.814,1.745,1.584	1	Cells_Culturedfibroblasts	Cells_Culturedfibroblasts	4.814
chr12	128864144	128864179	chr12	128864135	128864179	GLT1D1	perfect	50	0.015516600000000002	0.06007350513176607	0	0.38023	0	0	1	Muscle_Skeletal	Muscle_Skeletal,Artery_Aorta,Uterus	6.071,2.254,2.085	1	Muscle_Skeletal	Muscle_Skeletal	6.071
chr12	128906906	128906954	chr12	128906906	128906954	GLT1D1	perfect	50	0.015516600000000002	0.06007350513176607	0	0.38023	0	0	1	Muscle_Skeletal	Muscle_Skeletal,Artery_Aorta,Uterus	6.071,2.254,2.085	1	Muscle_Skeletal	Muscle_Skeletal	6.071
chr12	130432315	130432321	chr12	130431564	130432321	RIMBP2	perfect	50	0.044433600000000004	0.06311447011419741	0	0.42704	0.037305	0.056745000000000004	1	Testis	Testis,Cells_EBV_transformedlymphocytes,Skin_NotSunExposed_Suprapubic	6.062,1.437,0.757	1	Testis	Testis	6.062
chr12	131932721	131932833	chr12	131932721	131932833	PUS1	perfect	50	0.0676142	0.0350262558713795	0	0.17313	0.07483999999999999	0.035789999999999995	1	Testis	Testis,MinorSalivaryGland,Skin_NotSunExposed_Suprapubic	3.012,1.554,1.085	1	Testis	Testis	3.012
chr12	132718761	132718807	chr12	132718761	132719166	PGAM5	perfect	50	0.0374286	0.014590845048333896	0.01605	0.105	0.03344	0.010575000000000001	1	Testis	Testis,Brain_Cerebellum,Brain_Hippocampus	4.631,2.086,1.707	1	Testis	Testis	4.631
chr13	21381929	21381945	chr13	21381900	21381994	ZDHHC20	perfect	50	0.0148162	0.02940354364941166	0	0.19368	0.0067399999999999995	0.020775000000000002	1	Testis	Testis,Brain_Spinalcord_cervicalc_1,Cells_Culturedfibroblasts	6.083,1.282,1.026	1	Testis	Testis	6.083
chr13	23346810	23346837	chr13	23346810	23346837	SACS	perfect	50	0.0024264000000000004	0.016230829415350416	0	0.11481	0	0	1	Muscle_Skeletal	Muscle_Skeletal,Brain_FrontalCortex_BA9,Brain_Caudate_basalganglia	6.924,0.078,0.024	1	Muscle_Skeletal	Muscle_Skeletal	6.924
chr13	24270857	24270912	chr13	24270686	24270912	SPATA13	perfect	50	0.0069597999999999995	0.016615827159792013	0	0.11339	0.003265	0.0065049999999999995	1	Cells_EBV_transformedlymphocytes	Cells_EBV_transformedlymphocytes,WholeBlood,Artery_Tibial	6.405,1.292,1.105	1	Cells_EBV_transformedlymphocytes	Cells_EBV_transformedlymphocytes	6.405
chr13	27170323	27170329	chr13	27170090	27170329	USP12	perfect	50	0.044287	0.041559136830324486	0	0.19444	0.033125	0.052285	1	WholeBlood	WholeBlood,Testis,Muscle_Skeletal	3.613,2.066,1.757	1	WholeBlood	WholeBlood	3.613
chr13	28368580	28368663	chr13	28368095	28368663	FLT1	perfect	50	0.030140999999999998	0.10790067838961338	0	0.52941	0.0024349999999999997	0.0044725	2	Cells_Culturedfibroblasts,WholeBlood	WholeBlood,Cells_Culturedfibroblasts,Cells_EBV_transformedlymphocytes	4.627,4.38,2.346	2	Cells_Culturedfibroblasts,WholeBlood	WholeBlood,Cells_Culturedfibroblasts	4.627,4.38
chr13	29428842	29428896	chr13	29428626	29428896	MTUS2	perfect	50	0.12848179999999998	0.17421668661954828	0	0.7619	0.025945	0.2753475	1	Cells_Culturedfibroblasts	Cells_Culturedfibroblasts,Nerve_Tibial,SmallIntestine_TerminalIleum	3.636,1.722,1.559	1	Cells_Culturedfibroblasts	Cells_Culturedfibroblasts	3.636
chr13	32404202	32404271	chr13	32404202	32404271	N4BP2L1	perfect	50	0.1322616	0.03264745177792344	0.08211	0.25822	0.12504500000000002	0.03896749999999999	1	Muscle_Skeletal	Muscle_Skeletal,Brain_Amygdala,Brain_Putamen_basalganglia	3.858,1.854,1.557	1	Muscle_Skeletal	Muscle_Skeletal	3.858
chr13	32436384	32436405	chr13	32435742	32436405	N4BP2L2	perfect	50	0.108534	0.07719297792426669	0.02972	0.35921	0.07603499999999999	0.0826125	1	Muscle_Skeletal	Muscle_Skeletal,Heart_LeftVentricle,Brain_Cortex	3.247,2.403,1.99	1	Muscle_Skeletal	Muscle_Skeletal	3.247
chr13	32438651	32438737	chr13	32438651	32438737	N4BP2L2	perfect	50	0.108534	0.07719297792426669	0.02972	0.35921	0.07603499999999999	0.0826125	1	Muscle_Skeletal	Muscle_Skeletal,Heart_LeftVentricle,Brain_Cortex	3.247,2.403,1.99	1	Muscle_Skeletal	Muscle_Skeletal	3.247
chr13	32442387	32442548	chr13	32442387	32444126	N4BP2L2	perfect	50	0.108534	0.07719297792426669	0.02972	0.35921	0.07603499999999999	0.0826125	1	Muscle_Skeletal	Muscle_Skeletal,Heart_LeftVentricle,Brain_Cortex	3.247,2.403,1.99	1	Muscle_Skeletal	Muscle_Skeletal	3.247
chr13	32442548	32443065	chr13	32442387	32444126	N4BP2L2	perfect	50	0.1084918	0.0770535920758787	0.02972	0.3571	0.07603499999999999	0.0826125	1	Muscle_Skeletal	Muscle_Skeletal,Heart_LeftVentricle,Brain_Cortex	3.226,2.408,1.994	1	Muscle_Skeletal	Muscle_Skeletal	3.226
chr13	32443065	32443696	chr13	32442387	32444126	N4BP2L2	perfect	50	0.10901519999999999	0.07884483227510726	0.02972	0.38327	0.07603499999999999	0.0826125	1	Muscle_Skeletal	Muscle_Skeletal,Heart_LeftVentricle,Brain_Cortex	3.478,2.347,1.942	1	Muscle_Skeletal	Muscle_Skeletal	3.478
chr13	32443696	32444126	chr13	32442387	32444126	N4BP2L2	perfect	50	0.1111546	0.08507429248411924	0.02972	0.46149	0.07603499999999999	0.0826125	1	Muscle_Skeletal	Muscle_Skeletal,Heart_LeftVentricle,Brain_Cortex	4.118,2.15,1.775	1	Muscle_Skeletal	Muscle_Skeletal	4.118
chr13	33349151	33349216	chr13	33348606	33349619	ENSG00000285621,STARD13	perfect	50	0.0526738	0.09168309711997193	0	0.66667	0.035125	0.02298	1	WholeBlood	WholeBlood,Testis,Thyroid	6.697,1.082,0.331	1	WholeBlood	WholeBlood	6.697
chr13	33350289	33350413	chr13	33350289	33350630	STARD13	perfect	50	0.076176	0.08946730379853632	0	0.66667	0.061185	0.03062750000000001	1	WholeBlood	WholeBlood,Testis,Thyroid	6.6,0.988,0.774	1	WholeBlood	WholeBlood	6.6
chr13	33966086	33966122	chr13	33966086	33966558	RFC3	perfect	50	0.11898020000000001	0.044832935619761885	0.05464	0.27972	0.115325	0.050025000000000014	2	Muscle_Skeletal,Testis	Muscle_Skeletal,Testis,Heart_AtrialAppendage	3.585,3.056,1.649	2	Muscle_Skeletal,Testis	Muscle_Skeletal,Testis	3.585,3.056
chr13	35850722	35850776	chr13	35845899	35850776	DCLK1	perfect	50	0.0194222	0.02909066133132551	0	0.18182	0.011779999999999999	0.031295	1	Cells_Culturedfibroblasts	Cells_Culturedfibroblasts,Artery_Tibial,Artery_Aorta	5.582,1.218,1.214	1	Cells_Culturedfibroblasts	Cells_Culturedfibroblasts	5.582
chr13	36183163	36183197	chr13	36181991	36183197	SOHLH2	perfect	50	0.015501400000000002	0.030336936469039365	0	0.14286	0	0.0174625	1	Pituitary	Pituitary,Brain_Cortex,Brain_FrontalCortex_BA9	4.198,2.604,2.198	1	Pituitary	Pituitary	4.198
chr13	41257758	41257796	chr13	41257672	41257797	MTRF1	perfect	50	0.0137068	0.023731510563650453	0	0.11275	0	0.020475	1	Artery_Aorta	Artery_Aorta,Artery_Tibial,Artery_Coronary	4.173,2.619,2.352	1	Artery_Aorta	Artery_Aorta	4.173
chr13	42889210	42889242	chr13	42889210	42889242	EPSTI1	perfect	50	0.0336542	0.027612555048124657	0	0.14924	0.03109	0.021624999999999995	1	Testis	Testis,Brain_Hypothalamus,WholeBlood	4.186,1.702,1.63	1	Testis	Testis	4.186
chr13	42919299	42919332	chr13	42919299	42919332	EPSTI1	perfect	50	0.2223144	0.07302678413194066	0.03175	0.45487	0.220665	0.054649999999999976	1	Testis	Testis,Cells_EBV_transformedlymphocytes,Cells_Culturedfibroblasts	3.185,2.586,2.07	1	Testis	Testis	3.185
chr13	46073472	46073502	chr13	46068527	46073502	CPB2	perfect	50	0.04558460000000002	0.16073759592489326	0	1	0	0	1	Brain_Cortex	Brain_Cortex,Brain_Cerebellum,Brain_CerebellarHemisphere	5.938,2.205,1.79	1	Brain_Cortex	Brain_Cortex	5.938
chr13	49110399	49110406	chr13	49110312	49110406	FNDC3A	perfect	50	0.2223626	0.11621490727395466	0.0368	0.58424	0.23106500000000002	0.16367500000000001	1	Muscle_Skeletal	Muscle_Skeletal,Bladder,Skin_SunExposed_Lowerleg	3.114,1.819,1.803	1	Muscle_Skeletal	Muscle_Skeletal	3.114
chr13	50959473	50959547	chr13	50959473	50960171	RNASEH2B	perfect	50	0.1338282	0.08635840693131323	0.02824	0.42764	0.121975	0.10209	1	Cells_Culturedfibroblasts	Cells_Culturedfibroblasts,Cells_EBV_transformedlymphocytes,Pancreas	3.402,2.941,1.918	1	Cells_Culturedfibroblasts	Cells_Culturedfibroblasts	3.402
chr13	50960148	50960171	chr13	50959473	50960171	RNASEH2B	perfect	50	0.015554600000000002	0.026521319280294994	0	0.12727	0.002955	0.017595	2	Brain_Spinalcord_cervicalc_1,Muscle_Skeletal	Muscle_Skeletal,Brain_Spinalcord_cervicalc_1,Brain_Substantianigra	4.212,3.069,2.772	1	Muscle_Skeletal	Muscle_Skeletal	4.212
chr13	51245311	51245419	chr13	51245311	51245419	FAM124A	perfect	50	0.0272136	0.04871201950153953	0	0.30519	0	0.0452775	1	Testis	Testis,Artery_Aorta,Pituitary	5.707,1.426,0.976	1	Testis	Testis	5.707
chr13	71573417	71573573	chr13	71573417	71573573	DACH1	perfect	50	0.035335399999999996	0.07375409108569876	0	0.475	0.006905	0.0484975	1	Testis	Testis,WholeBlood,Bladder	5.961,2.468,0.677	1	Testis	Testis	5.961
chr13	75589937	75590129	chr13	75589937	75590129	UCHL3	perfect	50	0.0179098	0.021054496682928057	0	0.11507	0.011765000000000001	0.0105425	2	Skin_NotSunExposed_Suprapubic,Skin_SunExposed_Lowerleg	Skin_SunExposed_Lowerleg,Skin_NotSunExposed_Suprapubic,Vagina	4.615,4.099,1.17	2	Skin_NotSunExposed_Suprapubic,Skin_SunExposed_Lowerleg	Skin_SunExposed_Lowerleg,Skin_NotSunExposed_Suprapubic	4.615,4.099
chr13	75621693	75621868	chr13	75620433	75621868	ENSG00000261553,LMO7	perfect	50	0.0417272	0.030292243166884034	0	0.15468	0.034464999999999996	0.028817500000000006	2	Brain_CerebellarHemisphere,Brain_Cerebellum	Brain_Cerebellum,Brain_CerebellarHemisphere,AdrenalGland	3.729,3.584,1.08	2	Brain_CerebellarHemisphere,Brain_Cerebellum	Brain_Cerebellum,Brain_CerebellarHemisphere	3.729,3.584
chr13	75623270	75623320	chr13	75623269	75623320	ENSG00000261553,LMO7	perfect	50	0.0417272	0.030292243166884034	0	0.15468	0.034464999999999996	0.028817500000000006	2	Brain_CerebellarHemisphere,Brain_Cerebellum	Brain_Cerebellum,Brain_CerebellarHemisphere,AdrenalGland	3.729,3.584,1.08	2	Brain_CerebellarHemisphere,Brain_Cerebellum	Brain_Cerebellum,Brain_CerebellarHemisphere	3.729,3.584
chr13	77118339	77118495	chr13	77118339	77118659	MYCBP2	perfect	50	0.0390784	0.014144417137629437	0.01119	0.10414	0.036465	0.008412499999999996	1	Cells_Culturedfibroblasts	Cells_Culturedfibroblasts,Brain_Cerebellum,Cells_EBV_transformedlymphocytes	4.6,2.329,2.069	1	Cells_Culturedfibroblasts	Cells_Culturedfibroblasts	4.6
chr13	77743015	77743165	chr13	77743015	77743462	SLAIN1	perfect	50	0.0540416	0.058531817942666604	0	0.23974	0.040999999999999995	0.072345	2	Brain_CerebellarHemisphere,Brain_Cerebellum	Brain_CerebellarHemisphere,Brain_Cerebellum,MinorSalivaryGland	3.173,3.083,2.113	2	Brain_CerebellarHemisphere,Brain_Cerebellum	Brain_CerebellarHemisphere,Brain_Cerebellum	3.173,3.083
chr13	95433833	95434047	chr13	95433603	95434047	CLDN10	perfect	50	0.011122800000000004	0.0780379088162168	0	0.55189	0	0	1	Kidney_Cortex	Kidney_Cortex,MinorSalivaryGland,Pancreas	6.93,-0.113,-0.118	1	Kidney_Cortex	Kidney_Cortex	6.93
chr13	95991463	95991473	chr13	95990144	95991473	UGGT2	perfect	50	0.1214876	0.0710423320069069	0.03379	0.41776	0.09575	0.07319749999999998	1	Artery_Tibial	Artery_Tibial,Artery_Aorta,WholeBlood	4.17,2.404,1.809	1	Artery_Tibial	Artery_Tibial	4.17
chr13	97976962	97977057	chr13	97976962	97977057	IPO5	perfect	50	0.006020199999999998	0.034782533822924074	0	0.24499	0	0	1	Testis	Testis,Cells_EBV_transformedlymphocytes,Pancreas	6.87,0.538,0.267	1	Testis	Testis	6.87
chr13	98796207	98796213	chr13	98796205	98796213	DOCK9	perfect	50	0.05837899999999999	0.05089420789184929	0	0.26382	0.04349	0.0271425	2	Brain_CerebellarHemisphere,Brain_Cerebellum	Brain_Cerebellum,Brain_CerebellarHemisphere,Brain_FrontalCortex_BA9	4.037,3.981,1.617	2	Brain_CerebellarHemisphere,Brain_Cerebellum	Brain_Cerebellum,Brain_CerebellarHemisphere	4.037,3.981
chr13	98809122	98809128	chr13	98809122	98809128	DOCK9	perfect	50	0.05837899999999999	0.05089420789184929	0	0.26382	0.04349	0.0271425	2	Brain_CerebellarHemisphere,Brain_Cerebellum	Brain_Cerebellum,Brain_CerebellarHemisphere,Brain_FrontalCortex_BA9	4.037,3.981,1.617	2	Brain_CerebellarHemisphere,Brain_Cerebellum	Brain_Cerebellum,Brain_CerebellarHemisphere	4.037,3.981
chr13	99086222	99086351	chr13	99086222	99086625	DOCK9	perfect	50	0.057626800000000006	0.049245027820697035	0.01406	0.26099	0.04642	0.03139	2	Brain_CerebellarHemisphere,Brain_Cerebellum	Brain_CerebellarHemisphere,Brain_Cerebellum,Cells_Culturedfibroblasts	4.13,4.113,1.921	2	Brain_CerebellarHemisphere,Brain_Cerebellum	Brain_CerebellarHemisphere,Brain_Cerebellum	4.13,4.113
chr13	100527296	100527344	chr13	100527296	100527344	PCCA	perfect	50	0.062113	0.051556253337139084	0	0.25609	0.04764	0.0564275	1	Liver	Liver,Brain_Hippocampus,Kidney_Cortex	3.762,1.844,1.821	1	Liver	Liver	3.762
chr13	101368988	101368998	chr13	101368540	101368998	NALCN	perfect	50	0.0292352	0.09234526825087754	0	0.5302	0	0.016377499999999996	2	Cells_Culturedfibroblasts,Pancreas	Cells_Culturedfibroblasts,Pancreas,Thyroid	5.425,3.895,0.804	2	Cells_Culturedfibroblasts,Pancreas	Cells_Culturedfibroblasts,Pancreas	5.425,3.895
chr13	101489963	101490000	chr13	101489951	101490000	ITGBL1	perfect	50	0.4072466	0.1851966239566444	0	1	0.38748	0.15574	1	Brain_Anteriorcingulatecortex_BA24	Brain_Anteriorcingulatecortex_BA24,Brain_Putamen_basalganglia,Brain_Nucleusaccumbens_basalganglia	3.201,1.955,1.851	1	Brain_Anteriorcingulatecortex_BA24	Brain_Anteriorcingulatecortex_BA24	3.201
chr13	110712973	110712977	chr13	110712735	110712977	ING1	perfect	50	0.013301800000000004	0.08914599535890894	0	0.6301	0	0	1	Testis	Testis,Pituitary,Adipose_Subcutaneous	6.919,0.243,-0.149	1	Testis	Testis	6.919
chr13	112902202	112902371	chr13	112902194	112902371	MCF2L	perfect	50	0.029790200000000003	0.05487035170178473	0	0.32143	0.007294999999999999	0.0320425	1	Cells_EBV_transformedlymphocytes	Cells_EBV_transformedlymphocytes,MinorSalivaryGland,Testis	5.315,2.432,1.167	1	Cells_EBV_transformedlymphocytes	Cells_EBV_transformedlymphocytes	5.315
chr13	112909252	112909275	chr13	112909252	112911792	ENSG00000296609,MCF2L	perfect	50	0.009922200000000003	0.022586281667220487	0	0.10714	9.350000000000001e-4	0.0067599999999999995	2	Cells_EBV_transformedlymphocytes,WholeBlood	Cells_EBV_transformedlymphocytes,WholeBlood,Kidney_Cortex	4.304,3.586,2.217	1	Cells_EBV_transformedlymphocytes	Cells_EBV_transformedlymphocytes	4.304
chr13	113229641	113229651	chr13	113229641	113230212	CUL4A	perfect	50	0.1392992	0.09057309150884377	0.03577	0.56641	0.1257	0.0720625	2	Testis,WholeBlood	WholeBlood,Testis,Skin_SunExposed_Lowerleg	4.716,3.325,1.11	2	Testis,WholeBlood	WholeBlood,Testis	4.716,3.325
chr13	114211911	114212101	chr13	114211911	114212101	CFAP97D2	perfect	50	0.015015399999999996	0.04734664017172727	0	0.18462	0	0	3	Brain_Caudate_basalganglia,Brain_Hypothalamus,Brain_Nucleusaccumbens_basalganglia	Brain_Hypothalamus,Brain_Caudate_basalganglia,Brain_Nucleusaccumbens_basalganglia	3.582,3.542,3.169	3	Brain_Caudate_basalganglia,Brain_Hypothalamus,Brain_Nucleusaccumbens_basalganglia	Brain_Hypothalamus,Brain_Caudate_basalganglia,Brain_Nucleusaccumbens_basalganglia	3.582,3.542,3.169
chr14	23071124	23071147	chr14	23071124	23071617	ACIN1	perfect	50	0.0534694	0.01621767156718943	0.01306	0.11068	0.049865	0.013135	2	Cells_EBV_transformedlymphocytes,Muscle_Skeletal	Muscle_Skeletal,Cells_EBV_transformedlymphocytes,Cells_Culturedfibroblasts	3.528,3.062,2.687	2	Cells_EBV_transformedlymphocytes,Muscle_Skeletal	Muscle_Skeletal,Cells_EBV_transformedlymphocytes	3.528,3.062
chr14	24094068	24094133	chr14	24094052	24094133	PCK2	perfect	50	0.0502232	0.01876984092438001	0.02298	0.11704	0.04752	0.01906	1	Testis	Testis,Brain_Substantianigra,Brain_Anteriorcingulatecortex_BA24	3.56,1.862,1.732	1	Testis	Testis	3.56
chr14	31084768	31084879	chr14	31084768	31086320	AP4S1	perfect	50	0.1430448	0.03689903910258203	0.0835	0.28131	0.14145999999999997	0.04327750000000001	1	Testis	Testis,Kidney_Cortex,Pituitary	3.747,2.094,1.982	1	Testis	Testis	3.747
chr14	31340449	31340476	chr14	31340449	31340476	HEATR5A	perfect	50	0.006489399999999998	0.034182480081623876	0	0.23505	0	0	1	Muscle_Skeletal	Muscle_Skeletal,Heart_AtrialAppendage,Heart_LeftVentricle	6.686,1.338,0.898	1	Muscle_Skeletal	Muscle_Skeletal	6.686
chr14	31428168	31428188	chr14	31428143	31428188	ENSG00000203546	perfect	50	0.0343462	0.03950176781835858	0	0.15385	0.00741	0.0717225	1	Muscle_Skeletal	Muscle_Skeletal,Heart_AtrialAppendage,Testis	3.025,1.731,1.338	1	Muscle_Skeletal	Muscle_Skeletal	3.025
chr14	33680602	33680640	chr14	33680602	33681042	NPAS3	perfect	50	0.017377	0.03671784686731274	0	0.2212	0	0.02946	1	Testis	Testis,Pituitary,Colon_Sigmoid	5.551,2.769,0.776	1	Testis	Testis	5.551
chr14	33780630	33780632	chr14	33780630	33780871	NPAS3	perfect	50	0.0027649999999999984	0.019551502499808037	0	0.13825	0	0	1	Testis	Testis,Adipose_Subcutaneous,Adipose_Visceral_Omentum	6.93,-0.141,-0.141	1	Testis	Testis	6.93
chr14	35278699	35278718	chr14	35278552	35278718	ENSG00000258790,PSMA6	perfect	50	0.028898	0.08996643904869216	0	0.63603	0.0078	0.0224025	1	Testis	Testis,Pituitary,Prostate	6.748,0.637,0.606	1	Testis	Testis	6.748
chr14	39267459	39267522	chr14	39265702	39267522	MIA2,MIA2-AS1	perfect	50	0.292126	0.11016013492425747	0.09195	0.64868	0.26382	0.1633025	1	Muscle_Skeletal	Muscle_Skeletal,Cells_Culturedfibroblasts,Cells_EBV_transformedlymphocytes	3.237,2.237,1.835	1	Muscle_Skeletal	Muscle_Skeletal	3.237
chr14	44960886	44960928	chr14	44960886	44961132	KLHL28	perfect	50	0.018353199999999997	0.07050255223170063	0	0.4495	0	0	1	Testis	Testis,Cells_EBV_transformedlymphocytes,Cells_Culturedfibroblasts	6.115,2.125,1.552	1	Testis	Testis	6.115
chr14	47342941	47343086	chr14	47342941	47343234	MDGA2	perfect	50	0.003869200000000001	0.027359375577669893	0	0.19346	0	0	1	Testis	Testis,Adipose_Subcutaneous,Adipose_Visceral_Omentum	6.93,-0.141,-0.141	1	Testis	Testis	6.93
chr14	51979273	51979342	chr14	51979273	51979342	GNG2	perfect	50	0.006072000000000001	0.04096439334896807	0	0.28972	0	0	1	Testis	Testis,Pituitary,Cells_EBV_transformedlymphocytes	6.924,0.124,-0.082	1	Testis	Testis	6.924
chr14	52269450	52269492	chr14	52269178	52269545	ENSG00000289424,PTGDR	perfect	50	0.005365799999999999	0.025039323774040407	0	0.16667	0	0	1	Cells_Culturedfibroblasts	Cells_Culturedfibroblasts,Artery_Tibial,Colon_Transverse	6.442,2.135,0.712	1	Cells_Culturedfibroblasts	Cells_Culturedfibroblasts	6.442
chr14	52613670	52613718	chr14	52611479	52613718	GPR137C	perfect	50	0.0239852	0.07101993316740059	0	0.375	0	0	2	Cells_Culturedfibroblasts,Cells_EBV_transformedlymphocytes	Cells_EBV_transformedlymphocytes,Cells_Culturedfibroblasts,Bladder	4.942,4.017,1.54	2	Cells_Culturedfibroblasts,Cells_EBV_transformedlymphocytes	Cells_EBV_transformedlymphocytes,Cells_Culturedfibroblasts	4.942,4.017
chr14	53096116	53096218	chr14	53096116	53096218	DDHD1	perfect	50	0.0618938	0.06279280339923274	0	0.26375	0.03832	0.09193499999999999	1	Cells_EBV_transformedlymphocytes	Cells_EBV_transformedlymphocytes,Cells_Culturedfibroblasts,Testis	3.215,2.634,2.002	1	Cells_EBV_transformedlymphocytes	Cells_EBV_transformedlymphocytes	3.215
chr14	53103030	53103051	chr14	53103030	53103051	DDHD1	perfect	50	0.1726358	0.10492371452514965	0.00279	0.52083	0.175575	0.11017	1	Brain_CerebellarHemisphere	Brain_CerebellarHemisphere,Brain_Cerebellum,WholeBlood	3.319,2.892,1.895	1	Brain_CerebellarHemisphere	Brain_CerebellarHemisphere	3.319
chr14	54436078	54436126	chr14	54436078	54436126	CNIH1	perfect	50	0.0205244	0.03609082952999648	0	0.14519	0.00217	0.0198825	1	Brain_FrontalCortex_BA9	Brain_FrontalCortex_BA9,Brain_Cortex,Brain_Nucleusaccumbens_basalganglia	3.454,2.922,2.732	1	Brain_FrontalCortex_BA9	Brain_FrontalCortex_BA9	3.454
chr14	55644386	55644443	chr14	55644274	55644443	KTN1	perfect	50	0.0580634	0.029206568495907262	0	0.15284	0.058875	0.0367025	1	Bladder	Bladder,Spleen,Testis	3.245,1.984,1.373	1	Bladder	Bladder	3.245
chr14	57475489	57475581	chr14	57475313	57475704	CCDC198	perfect	50	0.008599599999999999	0.030246281401392894	0	0.14526	0	0	2	Cells_EBV_transformedlymphocytes,Pancreas	Cells_EBV_transformedlymphocytes,Pancreas,Liver	4.518,3.273,2.941	2	Cells_EBV_transformedlymphocytes,Pancreas	Cells_EBV_transformedlymphocytes,Pancreas	4.518,3.273
chr14	57475581	57475704	chr14	57475313	57475704	CCDC198	perfect	50	0.011848000000000003	0.04079547498916807	0	0.17014	0	0	3	Cells_EBV_transformedlymphocytes,Liver,Pancreas	Cells_EBV_transformedlymphocytes,Pancreas,Liver	3.88,3.406,3.138	3	Cells_EBV_transformedlymphocytes,Liver,Pancreas	Cells_EBV_transformedlymphocytes,Pancreas,Liver	3.88,3.406,3.138
chr14	57596686	57596897	chr14	57595734	57596897	SLC35F4	perfect	50	0.028329399999999998	0.08332612887140428	0	0.34591	0	0	3	Brain_Putamen_basalganglia,Prostate,Testis	Testis,Prostate,Brain_Putamen_basalganglia	3.811,3.779,3.216	3	Brain_Putamen_basalganglia,Prostate,Testis	Testis,Prostate,Brain_Putamen_basalganglia	3.811,3.779,3.216
chr14	59610121	59610137	chr14	59610121	59610232	RTN1	perfect	50	0.0045548	0.015726715245344886	0	0.11014	0	0.0052825	1	Testis	Testis,Artery_Aorta,Brain_Amygdala	6.714,0.592,0.466	1	Testis	Testis	6.714
chr14	64227535	64227614	chr14	64226706	64228045	ESR2	perfect	50	0.110056	0.09376567476035837	0	0.45674	0.11035	0.076615	1	Testis	Testis,Cells_EBV_transformedlymphocytes,Spleen	3.697,2.693,1.946	1	Testis	Testis	3.697
chr14	64752210	64752315	chr14	64752210	64752315	SPTB	perfect	50	0.19050599999999998	0.10679382614196768	0	0.54359	0.19427499999999998	0.08596999999999999	1	WholeBlood	WholeBlood,Cells_EBV_transformedlymphocytes,Kidney_Cortex	3.306,2.898,1.648	1	WholeBlood	WholeBlood	3.306
chr14	64972709	64972760	chr14	64972694	64973226	RAB15	perfect	50	0.1109208	0.07498729178973718	0	0.39286	0.10057	0.10206249999999999	1	Cells_Culturedfibroblasts	Cells_Culturedfibroblasts,Brain_FrontalCortex_BA9,Brain_Anteriorcingulatecortex_BA24	3.76,1.554,1.357	1	Cells_Culturedfibroblasts	Cells_Culturedfibroblasts	3.76
chr14	70055795	70055813	chr14	70055795	70055813	SLC8A3	perfect	50	0.03209460000000001	0.14958712042410438	0	1	0	0	1	Cells_Culturedfibroblasts	Cells_Culturedfibroblasts,Testis,Muscle_Skeletal	6.471,2.014,0.702	1	Cells_Culturedfibroblasts	Cells_Culturedfibroblasts	6.471
chr14	70581478	70581488	chr14	70581256	70581488	MED6	perfect	50	0.1765114	0.03185096096394158	0.12215	0.29736	0.17458	0.026752500000000012	1	Cells_EBV_transformedlymphocytes	Cells_EBV_transformedlymphocytes,Cells_Culturedfibroblasts,Muscle_Skeletal	3.794,2.831,1.929	1	Cells_EBV_transformedlymphocytes	Cells_EBV_transformedlymphocytes	3.794
chr14	70733756	70733798	chr14	70733756	70733798	MAP3K9	perfect	50	0.028312	0.060352750169824276	0	0.40834	0.006500000000000001	0.044512499999999997	1	Testis	Testis,Cells_EBV_transformedlymphocytes,Heart_AtrialAppendage	6.297,0.871,0.674	1	Testis	Testis	6.297
chr14	72537517	72537529	chr14	72537517	72537713	RGS6	perfect	50	0.0022963999999999997	0.016238000123167878	0	0.11482	0	0	1	Testis	Testis,Adipose_Subcutaneous,Adipose_Visceral_Omentum	6.93,-0.141,-0.141	1	Testis	Testis	6.93
chr14	72540270	72540273	chr14	72540249	72540333	RGS6	perfect	50	0.014607200000000006	0.0562627321477965	0	0.32946	0	0	1	Testis	Testis,WholeBlood,Thyroid	5.596,2.877,2.114	1	Testis	Testis	5.596
chr14	72541469	72541620	chr14	72541469	72541620	RGS6	perfect	50	0.01173	0.02978646665716439	0	0.18182	0	0.012502500000000001	1	Cells_EBV_transformedlymphocytes	Cells_EBV_transformedlymphocytes,Thyroid,Testis	5.71,2.944,0.954	1	Cells_EBV_transformedlymphocytes	Cells_EBV_transformedlymphocytes	5.71
chr14	72547156	72547367	chr14	72547156	72547367	RGS6	perfect	50	0.01173	0.02978646665716439	0	0.18182	0	0.012502500000000001	1	Cells_EBV_transformedlymphocytes	Cells_EBV_transformedlymphocytes,Thyroid,Testis	5.71,2.944,0.954	1	Cells_EBV_transformedlymphocytes	Cells_EBV_transformedlymphocytes	5.71
chr14	72550454	72550494	chr14	72550454	72550674	RGS6	perfect	50	0.01173	0.02978646665716439	0	0.18182	0	0.012502500000000001	1	Cells_EBV_transformedlymphocytes	Cells_EBV_transformedlymphocytes,Thyroid,Testis	5.71,2.944,0.954	1	Cells_EBV_transformedlymphocytes	Cells_EBV_transformedlymphocytes	5.71
chr14	72553289	72553356	chr14	72553289	72553356	RGS6	perfect	50	0.005780600000000002	0.023573007255359362	0	0.12067	0	0	2	Brain_Cortex,Brain_FrontalCortex_BA9	Brain_Cortex,Brain_FrontalCortex_BA9,Brain_Anteriorcingulatecortex_BA24	4.874,3.712,2.94	1	Brain_Cortex	Brain_Cortex	4.874
chr14	75060238	75060261	chr14	75059847	75060261	ACYP1	perfect	50	0.035155599999999995	0.024652044511809662	0	0.12652	0.03537	0.026320000000000007	1	Pancreas	Pancreas,SmallIntestine_TerminalIleum,MinorSalivaryGland	3.706,2.058,1.764	1	Pancreas	Pancreas	3.706
chr14	75632660	75632686	chr14	75632609	75632952	FLVCR2	perfect	50	0.0026238000000000012	0.01855306772477263	0	0.13119	0	0	1	Testis	Testis,Adipose_Subcutaneous,Adipose_Visceral_Omentum	6.93,-0.141,-0.141	1	Testis	Testis	6.93
chr14	75632881	75632952	chr14	75632609	75632952	FLVCR2	perfect	50	0.0026238000000000012	0.01855306772477263	0	0.13119	0	0	1	Testis	Testis,Adipose_Subcutaneous,Adipose_Visceral_Omentum	6.93,-0.141,-0.141	1	Testis	Testis	6.93
chr14	75757830	75757869	chr14	75757830	75757869	TTLL5	perfect	50	0.045242	0.0218569573288111	0.01803	0.12632	0.03934	0.028752500000000004	1	WholeBlood	WholeBlood,Testis,Muscle_Skeletal	3.709,2.25,1.685	1	WholeBlood	WholeBlood	3.709
chr14	76310914	76310916	chr14	76310711	76310916	ESRRB	perfect	50	0.010566800000000005	0.03039018722132095	0	0.14146	0	0	1	Muscle_Skeletal	Muscle_Skeletal,Stomach,Heart_AtrialAppendage	4.307,2.759,2.696	1	Muscle_Skeletal	Muscle_Skeletal	4.307
chr14	76814306	76814409	chr14	76814306	76814421	ANGEL1	perfect	50	0.006284999999999996	0.024187856815909483	0	0.16908	0	0.006137500000000001	1	Testis	Testis,Pancreas,MinorSalivaryGland	6.73,0.74,0.649	1	Testis	Testis	6.73
chr14	77535898	77536005	chr14	77535599	77536005	SPTLC2	perfect	50	0.0186178	0.03529111122925884	0	0.17803	0	0.020755	1	Cells_EBV_transformedlymphocytes	Cells_EBV_transformedlymphocytes,Cells_Culturedfibroblasts,WholeBlood	4.517,2.925,2.373	1	Cells_EBV_transformedlymphocytes	Cells_EBV_transformedlymphocytes	4.517
chr14	79853538	79853645	chr14	79853538	79854217	NRXN3	perfect	50	0.029238600000000003	0.05326407549949897	0	0.2712	0.012395	0.032675	2	Brain_CerebellarHemisphere,Brain_Cerebellum	Brain_Cerebellum,Brain_CerebellarHemisphere,Brain_Cortex	4.543,3.437,1.795	2	Brain_CerebellarHemisphere,Brain_Cerebellum	Brain_Cerebellum,Brain_CerebellarHemisphere	4.543,3.437
chr14	87993382	87993499	chr14	87993382	87993665	GALC	perfect	50	0.0028680000000000003	0.015088637297986991	0	0.10512	0	0	1	Testis	Testis,Cells_EBV_transformedlymphocytes,Kidney_Cortex	6.777,1.245,0.056	1	Testis	Testis	6.777
chr14	88270737	88270789	chr14	88270737	88270911	KCNK10	perfect	50	0.1613318	0.2608811559647614	0	1	0	0.1942525	2	Bladder,Cells_EBV_transformedlymphocytes	Bladder,Cells_EBV_transformedlymphocytes,Nerve_Tibial	3.215,3.215,2.169	2	Bladder,Cells_EBV_transformedlymphocytes	Bladder,Cells_EBV_transformedlymphocytes	3.215,3.215
chr14	88586570	88586716	chr14	88586570	88586735	ZC3H14	perfect	50	0.030726600000000003	0.05690001601843323	0	0.24651	0.005235	0.0457375	2	Heart_LeftVentricle,Muscle_Skeletal	Muscle_Skeletal,Heart_LeftVentricle,Brain_Spinalcord_cervicalc_1	3.792,3.538,2.434	2	Heart_LeftVentricle,Muscle_Skeletal	Muscle_Skeletal,Heart_LeftVentricle	3.792,3.538
chr14	88594726	88595111	chr14	88594398	88595111	ZC3H14	perfect	50	0.010848599999999998	0.036688838151933564	0	0.2589	0.004365	0.0078925	1	Testis	Testis,Pituitary,Liver	6.761,0.964,0.462	1	Testis	Testis	6.761
chr14	89190381	89190383	chr14	89190381	89190449	FOXN3	perfect	50	0.002027599999999999	0.014337297095338439	0	0.10138	0	0	1	Testis	Testis,Adipose_Subcutaneous,Adipose_Visceral_Omentum	6.93,-0.141,-0.141	1	Testis	Testis	6.93
chr14	89401569	89401665	chr14	89401569	89401665	FOXN3	perfect	50	0.002027599999999999	0.014337297095338439	0	0.10138	0	0	1	Testis	Testis,Adipose_Subcutaneous,Adipose_Visceral_Omentum	6.93,-0.141,-0.141	1	Testis	Testis	6.93
chr14	89924661	89924677	chr14	89923307	89924677	EFCAB11	perfect	50	0.0650352	0.043915937427809346	0	0.24	0.054610000000000006	0.030662500000000002	2	Pituitary,WholeBlood	WholeBlood,Pituitary,Cells_EBV_transformedlymphocytes	3.984,3.944,1.646	2	Pituitary,WholeBlood	WholeBlood,Pituitary	3.984,3.944
chr14	89954354	89954357	chr14	89954354	89954557	EFCAB11	perfect	50	0.011145200000000004	0.02343733400942582	0	0.11504	0	0.01074	2	Brain_CerebellarHemisphere,Brain_Cerebellum	Brain_CerebellarHemisphere,Brain_Cerebellum,Cells_Culturedfibroblasts	4.433,3.127,2.253	1	Brain_CerebellarHemisphere	Brain_CerebellarHemisphere	4.433
chr14	90605596	90605758	chr14	90605596	90605758	TTC7B	perfect	50	0.011688600000000006	0.046468815042664764	0	0.21535	0	0	3	Heart_AtrialAppendage,Heart_LeftVentricle,Muscle_Skeletal	Muscle_Skeletal,Heart_LeftVentricle,Heart_AtrialAppendage	4.383,3.8,3.526	3	Heart_AtrialAppendage,Heart_LeftVentricle,Muscle_Skeletal	Muscle_Skeletal,Heart_LeftVentricle,Heart_AtrialAppendage	4.383,3.8,3.526
chr14	90677823	90677845	chr14	90677823	90677845	TTC7B	perfect	50	0.132659	0.033482515098883156	0.06708	0.25	0.135135	0.03308249999999999	1	Cells_EBV_transformedlymphocytes	Cells_EBV_transformedlymphocytes,Bladder,Cells_Culturedfibroblasts	3.505,1.569,1.497	1	Cells_EBV_transformedlymphocytes	Cells_EBV_transformedlymphocytes	3.505
chr14	90699157	90699223	chr14	90697752	90699374	ENSG00000258716,TTC7B	perfect	50	0.1148358	0.030261590330763168	0	0.25	0.117345	0.023684999999999984	1	Cells_EBV_transformedlymphocytes	Cells_EBV_transformedlymphocytes,Cells_Culturedfibroblasts,Artery_Tibial	4.467,1.785,0.741	1	Cells_EBV_transformedlymphocytes	Cells_EBV_transformedlymphocytes	4.467
chr14	91285672	91285836	chr14	91285394	91285836	CCDC88C	perfect	50	0.5205504	0.0917705359314353	0.3338	0.79612	0.5077	0.12213750000000007	1	Brain_CerebellarHemisphere	Brain_CerebellarHemisphere,Brain_Cerebellum,Brain_Putamen_basalganglia	3.003,2.634,1.849	1	Brain_CerebellarHemisphere	Brain_CerebellarHemisphere	3.003
chr14	91938329	91938452	chr14	91938329	91938452	FBLN5	perfect	50	0.023918799999999997	0.03979669813193152	0	0.25	0.018985000000000002	0.02535	1	Cells_EBV_transformedlymphocytes	Cells_EBV_transformedlymphocytes,WholeBlood,Skin_NotSunExposed_Suprapubic	5.681,2.865,0.869	1	Cells_EBV_transformedlymphocytes	Cells_EBV_transformedlymphocytes	5.681
chr14	93288458	93288636	chr14	93287627	93288730	BTBD7	perfect	50	0.0289492	0.026534995363458717	0	0.16	0.024915	0.028229999999999995	1	WholeBlood	WholeBlood,Pancreas,MinorSalivaryGland	4.939,1.272,1.268	1	WholeBlood	WholeBlood	4.939
chr14	93288636	93288707	chr14	93287627	93288730	BTBD7	perfect	50	0.2170206	0.06780890906519765	0.11004	0.51578	0.20664500000000002	0.05493500000000001	1	Testis	Testis,WholeBlood,Liver	4.406,2.895,1.037	1	Testis	Testis	4.406
chr14	93288707	93288730	chr14	93287627	93288730	BTBD7	perfect	50	0.0289492	0.026534995363458717	0	0.16	0.024915	0.028229999999999995	1	WholeBlood	WholeBlood,Pancreas,MinorSalivaryGland	4.939,1.272,1.268	1	WholeBlood	WholeBlood	4.939
chr14	93925271	93925370	chr14	93925047	93925370	FAM181A,FAM181A-AS1	perfect	50	0.007642599999999999	0.049613171013350894	0	0.35	0	0	1	Muscle_Skeletal	Muscle_Skeletal,Testis,Adipose_Subcutaneous	6.901,0.494,-0.154	1	Muscle_Skeletal	Muscle_Skeletal	6.901
chr14	93955107	93955112	chr14	93955107	93955579	ASB2	perfect	50	0.014302400000000003	0.046971661954581835	0	0.24138	0	0.004365	2	Spleen,WholeBlood	WholeBlood,Spleen,Cells_EBV_transformedlymphocytes	4.834,3.849,2.47	2	Spleen,WholeBlood	WholeBlood,Spleen	4.834,3.849
chr14	94007010	94007061	chr14	94007010	94007552	CCDC197	perfect	50	0.021227399999999993	0.10547893815896546	0	0.6	0	0	2	Heart_LeftVentricle,Muscle_Skeletal	Heart_LeftVentricle,Muscle_Skeletal,Testis	5.487,4.119,-0.147	2	Heart_LeftVentricle,Muscle_Skeletal	Heart_LeftVentricle,Muscle_Skeletal	5.487,4.119
chr14	94227285	94227354	chr14	94227274	94227378	PPP4R4	perfect	50	0.0379216	0.05833913173218562	0	0.26025	0	0.056722499999999995	1	Testis	Testis,Lung,Skin_NotSunExposed_Suprapubic	3.811,2.929,2.207	1	Testis	Testis	3.811
chr14	96877501	96877505	chr14	96877389	96877573	VRK1	perfect	50	0.0080918	0.049409822153751025	0	0.34856	0	0	1	Testis	Testis,Brain_FrontalCortex_BA9,Cells_EBV_transformedlymphocytes	6.891,0.527,0.074	1	Testis	Testis	6.891
chr14	96877505	96877573	chr14	96877389	96877573	VRK1	perfect	50	0.008203	0.050191774561908736	0	0.35412	0	0	1	Testis	Testis,Brain_FrontalCortex_BA9,Cells_EBV_transformedlymphocytes	6.892,0.516,0.071	1	Testis	Testis	6.892
chr14	99534663	99534680	chr14	99534663	99535044	CCNK	perfect	50	0.0647054	0.07577176430678692	0	0.33599	0.048515	0.09322749999999999	2	Cells_Culturedfibroblasts,Cells_EBV_transformedlymphocytes	Cells_Culturedfibroblasts,Cells_EBV_transformedlymphocytes,Muscle_Skeletal	3.58,3.261,1.901	2	Cells_Culturedfibroblasts,Cells_EBV_transformedlymphocytes	Cells_Culturedfibroblasts,Cells_EBV_transformedlymphocytes	3.58,3.261
chr14	99580020	99580126	chr14	99580020	99580126	CCDC85C	perfect	50	0.010324000000000002	0.0265232133215031	0	0.14019	0	0	1	Esophagus_Mucosa	Esophagus_Mucosa,Stomach,MinorSalivaryGland	4.896,2.674,1.887	1	Esophagus_Mucosa	Esophagus_Mucosa	4.896
chr14	99874930	99874987	chr14	99874930	99874987	EML1	perfect	50	0.0480994	0.07145920150144762	0	0.31884	0.022105	0.033542499999999996	1	Brain_Cerebellum	Brain_Cerebellum,Brain_Cortex,Brain_FrontalCortex_BA9	3.789,2.612,2.536	1	Brain_Cerebellum	Brain_Cerebellum	3.789
chr14	100577310	100577952	chr14	100577310	100577952	BEGAIN	perfect	50	0.0049342000000000006	0.02336732264754107	0	0.16544	0	0.0027225	1	Testis	Testis,Brain_CerebellarHemisphere,Brain_Cerebellum	6.869,0.226,0.195	1	Testis	Testis	6.869
chr14	101809942	101810036	chr14	101809802	101810036	PPP2R5C	perfect	50	0.3844034	0.09913672660358253	0.23539	0.72219	0.39237500000000003	0.12374250000000003	1	Cells_EBV_transformedlymphocytes	Cells_EBV_transformedlymphocytes,Cells_Culturedfibroblasts,AdrenalGland	3.407,2.611,1.892	1	Cells_EBV_transformedlymphocytes	Cells_EBV_transformedlymphocytes	3.407
chr14	101836168	101836180	chr14	101836168	101836701	PPP2R5C	perfect	50	0.1385356	0.04078254714548209	0.05609	0.26146	0.12671500000000002	0.043685	1	Brain_Spinalcord_cervicalc_1	Brain_Spinalcord_cervicalc_1,Brain_Substantianigra,Heart_LeftVentricle	3.014,1.993,1.991	1	Brain_Spinalcord_cervicalc_1	Brain_Spinalcord_cervicalc_1	3.014
chr14	101836180	101836395	chr14	101836168	101836701	PPP2R5C	perfect	50	0.0987348	0.030043646769053745	0.0334	0.19242	0.091215	0.024489999999999998	1	Brain_Spinalcord_cervicalc_1	Brain_Spinalcord_cervicalc_1,Heart_LeftVentricle,WholeBlood	3.118,2.241,2.117	1	Brain_Spinalcord_cervicalc_1	Brain_Spinalcord_cervicalc_1	3.118
chr14	102197754	102197847	chr14	102197754	102197979	WDR20	perfect	50	0.126655	0.03133672327334503	0.07838	0.24029	0.12271	0.03749999999999999	2	Pituitary,Testis	Testis,Pituitary,Brain_Hypothalamus	3.626,3.279,1.347	2	Pituitary,Testis	Testis,Pituitary	3.626,3.279
chr14	102212519	102212579	chr14	102212519	102215005	WDR20	perfect	50	0.1189884	0.030009329730221284	0.05722	0.2294	0.11519	0.033485	1	Pituitary	Pituitary,Brain_Hypothalamus,Brain_Nucleusaccumbens_basalganglia	3.679,1.662,1.604	1	Pituitary	Pituitary	3.679
chr15	25862320	25862336	chr15	25861780	25862530	ATP10A	perfect	50	0.002059399999999999	0.01456215705175576	0	0.10297	0	0	1	Testis	Testis,Adipose_Subcutaneous,Adipose_Visceral_Omentum	6.93,-0.141,-0.141	1	Testis	Testis	6.93
chr15	26628976	26629003	chr15	26628976	26629178	GABRB3	perfect	50	0.0132534	0.06692834781514709	0	0.45455	0	0	1	Cells_Culturedfibroblasts	Cells_Culturedfibroblasts,Testis,Bladder	6.594,1.366,1.348	1	Cells_Culturedfibroblasts	Cells_Culturedfibroblasts	6.594
chr15	27271541	27271637	chr15	27271540	27271637	GABRG3	perfect	50	0.007185799999999997	0.05081127908250292	0	0.35929	0	0	1	Testis	Testis,Adipose_Subcutaneous,Adipose_Visceral_Omentum	6.93,-0.141,-0.141	1	Testis	Testis	6.93
chr15	27350126	27350167	chr15	27350126	27350396	GABRG3	perfect	50	0.005607399999999996	0.03965030564825447	0	0.28037	0	0	1	Testis	Testis,Adipose_Subcutaneous,Adipose_Visceral_Omentum	6.93,-0.141,-0.141	1	Testis	Testis	6.93
chr15	32810947	32811111	chr15	32810894	32811111	FMN1	perfect	50	0.04280420000000001	0.06679468673388288	0	0.33847	0	0.0910975	1	Testis	Testis,Cells_Culturedfibroblasts,Adipose_Visceral_Omentum	4.426,1.755,1.245	1	Testis	Testis	4.426
chr15	36702077	36702093	chr15	36702008	36702124	CDIN1	perfect	50	0.009419600000000009	0.06660663036064803	0	0.47098	0	0	1	Testis	Testis,Adipose_Subcutaneous,Adipose_Visceral_Omentum	6.93,-0.141,-0.141	1	Testis	Testis	6.93
chr15	39807567	39807625	chr15	39807567	39807625	GPR176	perfect	50	0.01999999999999999	0.1414213562373095	0	1	0	0	1	WholeBlood	WholeBlood,Adipose_Subcutaneous,Adipose_Visceral_Omentum	6.93,-0.141,-0.141	1	WholeBlood	WholeBlood	6.93
chr15	39829080	39829117	chr15	39829080	39829276	GPR176	perfect	50	0.002945999999999998	0.020831365773755686	0	0.1473	0	0	1	Testis	Testis,Adipose_Subcutaneous,Adipose_Visceral_Omentum	6.93,-0.141,-0.141	1	Testis	Testis	6.93
chr15	40284513	40284531	chr15	40284255	40284531	PLCB2	perfect	50	0.017873	0.03289129549573497	0	0.12929	0	0.0135175	2	Brain_Caudate_basalganglia,Brain_Putamen_basalganglia	Brain_Putamen_basalganglia,Brain_Caudate_basalganglia,Brain_Nucleusaccumbens_basalganglia	3.387,3.166,2.588	2	Brain_Caudate_basalganglia,Brain_Putamen_basalganglia	Brain_Putamen_basalganglia,Brain_Caudate_basalganglia	3.387,3.166
chr15	40433853	40433914	chr15	40433853	40433914	IVD	perfect	50	0.004150999999999999	0.01653942725978239	0	0.11639	1.65e-4	0.0034225	1	Muscle_Skeletal	Muscle_Skeletal,Artery_Tibial,Artery_Aorta	6.786,0.848,0.467	1	Muscle_Skeletal	Muscle_Skeletal	6.786
chr15	40435531	40435556	chr15	40435416	40435947	IVD	perfect	50	0.004150999999999999	0.01653942725978239	0	0.11639	1.65e-4	0.0034225	1	Muscle_Skeletal	Muscle_Skeletal,Artery_Tibial,Artery_Aorta	6.786,0.848,0.467	1	Muscle_Skeletal	Muscle_Skeletal	6.786
chr15	42050520	42050703	chr15	42050520	42051190	PLA2G4E	perfect	50	0.03538559999999999	0.09052020854900358	0	0.375	0	0	2	Cells_EBV_transformedlymphocytes,Pituitary	Cells_EBV_transformedlymphocytes,Pituitary,Vagina	3.752,3.291,2.102	2	Cells_EBV_transformedlymphocytes,Pituitary	Cells_EBV_transformedlymphocytes,Pituitary	3.752,3.291
chr15	43536134	43536254	chr15	43536134	43536254	PPIP5K1	perfect	50	0.0408226	0.02560537697118976	0	0.13407	0.0353	0.0323725	1	Brain_Spinalcord_cervicalc_1	Brain_Spinalcord_cervicalc_1,Brain_Substantianigra,Muscle_Skeletal	3.642,1.802,1.674	1	Brain_Spinalcord_cervicalc_1	Brain_Spinalcord_cervicalc_1	3.642
chr15	43879498	43879670	chr15	43879498	43879846	FRMD5	perfect	50	0.044806199999999984	0.15256278779558002	0	0.76778	0	0.01691	2	Heart_AtrialAppendage,Heart_LeftVentricle	Heart_LeftVentricle,Heart_AtrialAppendage,Cells_EBV_transformedlymphocytes	4.739,4.501,1.755	2	Heart_AtrialAppendage,Heart_LeftVentricle	Heart_LeftVentricle,Heart_AtrialAppendage	4.739,4.501
chr15	45035749	45035758	chr15	45035749	45036363	SORD	perfect	50	0.020197	0.022837960544600622	0	0.13699	0.015605	0.011189999999999999	1	WholeBlood	WholeBlood,Testis,Spleen	5.114,2.697,1.665	1	WholeBlood	WholeBlood	5.114
chr15	45198771	45199074	chr15	45198516	45199139	ENSG00000259932,SHF	perfect	50	0.0809746	0.0821227787190047	0.00729	0.42857	0.05273	0.039787499999999996	2	Heart_LeftVentricle,WholeBlood	WholeBlood,Heart_LeftVentricle,Muscle_Skeletal	4.233,3.434,2.363	2	Heart_LeftVentricle,WholeBlood	WholeBlood,Heart_LeftVentricle	4.233,3.434
chr15	48221338	48221361	chr15	48221338	48221445	SLC12A1	perfect	50	0.012544599999999994	0.0874270145802095	0	0.61832	0	0	1	Testis	Testis,Kidney_Cortex,Adipose_Subcutaneous	6.929,-0.042,-0.143	1	Testis	Testis	6.929
chr15	48236986	48237061	chr15	48236986	48237349	SLC12A1	perfect	50	0.007631	0.030373752582095785	0	0.18182	0	0	1	Artery_Aorta	Artery_Aorta,AdrenalGland,Pituitary	5.735,2.571,2.436	1	Artery_Aorta	Artery_Aorta	5.735
chr15	49422712	49422714	chr15	49422399	49422714	FAM227B	perfect	50	0.011032400000000001	0.02435948765923471	0	0.17342	0.010485	0.013569999999999999	1	Testis	Testis,Cells_Culturedfibroblasts,Heart_AtrialAppendage	6.666,0.399,0.235	1	Testis	Testis	6.666
chr15	52564189	52564246	chr15	52564189	52564246	ARPP19	perfect	50	0.030475000000000002	0.05045233908737785	0.00413	0.34907	0.01959	0.01541	1	Testis	Testis,Muscle_Skeletal,Cells_EBV_transformedlymphocytes	6.315,1.944,0.937	1	Testis	Testis	6.315
chr15	55374154	55374250	chr15	55374154	55374250	CCPG1	perfect	50	0.0068444	0.02709858849852228	0	0.19276	0.0017850000000000001	0.0048325	1	Muscle_Skeletal	Muscle_Skeletal,Brain_CerebellarHemisphere,Brain_Cerebellum	6.861,0.221,0.221	1	Muscle_Skeletal	Muscle_Skeletal	6.861
chr15	55738485	55738499	chr15	55738204	55738659	PRTG	perfect	50	0.0301914	0.08430354407080379	0	0.46617	0	0	1	Cells_Culturedfibroblasts	Cells_Culturedfibroblasts,AdrenalGland,Testis	5.172,2.305,2.138	1	Cells_Culturedfibroblasts	Cells_Culturedfibroblasts	5.172
chr15	55915283	55915654	chr15	55915283	55917131	NEDD4	perfect	50	0.028413800000000006	0.12171265318975592	0	0.81636	0	0.0016925	1	Muscle_Skeletal	Muscle_Skeletal,Cells_Culturedfibroblasts,Brain_Nucleusaccumbens_basalganglia	6.474,1.996,0.679	1	Muscle_Skeletal	Muscle_Skeletal	6.474
chr15	55915654	55916831	chr15	55915283	55917131	NEDD4	perfect	50	0.011371000000000003	0.0533852125535504	0	0.35182	0	0	1	Muscle_Skeletal	Muscle_Skeletal,Cells_Culturedfibroblasts,Skin_NotSunExposed_Suprapubic	6.377,2.541,0.08	1	Muscle_Skeletal	Muscle_Skeletal	6.377
chr15	59004124	59004174	chr15	59004001	59004174	RNF111	perfect	50	0.016735800000000002	0.018583303356310282	0	0.12027	0.015519999999999999	0.015450000000000002	1	Testis	Testis,Cells_EBV_transformedlymphocytes,Cells_Culturedfibroblasts	5.571,1.549,1.121	1	Testis	Testis	5.571
chr15	63069869	63069940	chr15	63069869	63071915	ENSG00000259627,ENSG00000304541,TPM1	perfect	50	0.0235906	0.04575869724000063	0	0.17651	0.0015149999999999999	0.00669	1	Brain_FrontalCortex_BA9	Brain_FrontalCortex_BA9,Brain_Anteriorcingulatecortex_BA24,Brain_Nucleusaccumbens_basalganglia	3.342,2.659,2.543	1	Brain_FrontalCortex_BA9	Brain_FrontalCortex_BA9	3.342
chr15	63529141	63529166	chr15	63529013	63529166	USP3	perfect	50	0.0627752	0.06654772316257296	0.00462	0.35205	0.049935	0.0657825	2	Brain_CerebellarHemisphere,Brain_Cerebellum	Brain_Cerebellum,Brain_CerebellarHemisphere,Pituitary	4.347,4.089,0.81	2	Brain_CerebellarHemisphere,Brain_Cerebellum	Brain_Cerebellum,Brain_CerebellarHemisphere	4.347,4.089
chr15	63922737	63923343	chr15	63916146	63923343	DAPK2	perfect	50	0.0274628	0.06584645726883977	0.00623	0.46336	0.014284999999999999	0.011320000000000004	1	Muscle_Skeletal	Muscle_Skeletal,Thyroid,Artery_Aorta	6.62,1.734,0.189	1	Muscle_Skeletal	Muscle_Skeletal	6.62
chr15	64181271	64181430	chr15	64181175	64181430	CSNK1G1,ENSG00000259316	perfect	50	0.008931400000000003	0.056920365998005845	0	0.40291	0	0	1	Testis	Testis,Skin_SunExposed_Lowerleg,Vagina	6.922,0.083,0.039	1	Testis	Testis	6.922
chr15	64188374	64188485	chr15	64188374	64188485	CSNK1G1	perfect	50	0.0330424	0.05207011358559081	0	0.26506	0.008915	0.05258	1	Testis	Testis,Brain_CerebellarHemisphere,Brain_Cerebellum	4.456,2.464,2.16	1	Testis	Testis	4.456
chr15	65355718	65355758	chr15	65355718	65355911	IGDCC3	perfect	50	0.008946799999999998	0.02855305841154433	0	0.13489	0	0	2	Brain_CerebellarHemisphere,Brain_Cerebellum	Brain_Cerebellum,Brain_CerebellarHemisphere,Pituitary	4.411,3.465,2.334	2	Brain_CerebellarHemisphere,Brain_Cerebellum	Brain_Cerebellum,Brain_CerebellarHemisphere	4.411,3.465
chr15	65515655	65515692	chr15	65515655	65517338	DPP8	perfect	50	0.0411146	0.03584025050078729	0.00947	0.2386	0.036645	0.030602499999999998	1	Testis	Testis,Cells_EBV_transformedlymphocytes,Cells_Culturedfibroblasts	5.51,1.98,1.82	1	Testis	Testis	5.51
chr15	65922057	65922107	chr15	65921691	65922107	MEGF11	perfect	50	0.0621618	0.08749092169091902	0	0.39122	0	0.14449499999999998	1	Kidney_Cortex	Kidney_Cortex,Pituitary,Brain_Substantianigra	3.761,1.604,1.388	1	Kidney_Cortex	Kidney_Cortex	3.761
chr15	67138026	67138100	chr15	67138000	67138100	SMAD3	perfect	50	0.0071686000000000015	0.029591853540445624	0	0.15569	0	0	2	Cells_Culturedfibroblasts,Cells_EBV_transformedlymphocytes	Cells_Culturedfibroblasts,Cells_EBV_transformedlymphocytes,Bladder	5.019,4.634,0.117	2	Cells_Culturedfibroblasts,Cells_EBV_transformedlymphocytes	Cells_Culturedfibroblasts,Cells_EBV_transformedlymphocytes	5.019,4.634
chr15	67304338	67304455	chr15	67304338	67304455	IQCH	perfect	50	0.003541200000000003	0.025040065335378017	0	0.17706	0	0	1	Testis	Testis,Adipose_Subcutaneous,Adipose_Visceral_Omentum	6.93,-0.141,-0.141	1	Testis	Testis	6.93
chr15	67371524	67371533	chr15	67371427	67371533	IQCH	perfect	50	0.08783899999999999	0.27683074496183124	0	1	0	0	4	Brain_CerebellarHemisphere,Brain_Cerebellum,SmallIntestine_TerminalIleum,Spleen	Brain_CerebellarHemisphere,Brain_Cerebellum,SmallIntestine_TerminalIleum	3.295,3.295,3.295	4	Brain_CerebellarHemisphere,Brain_Cerebellum,SmallIntestine_TerminalIleum,Spleen	Brain_CerebellarHemisphere,Brain_Cerebellum,SmallIntestine_TerminalIleum	3.295,3.295,3.295
chr15	67549180	67549207	chr15	67548997	67549207	MAP2K5	perfect	50	0.0118366	0.026633784024606567	0	0.12533	0	0	1	Colon_Transverse	Colon_Transverse,Colon_Sigmoid,Brain_Hypothalamus	4.261,2.508,2.507	1	Colon_Transverse	Colon_Transverse	4.261
chr15	68055883	68055913	chr15	68055798	68055913	PIAS1	perfect	50	0.1089468	0.0971401865901827	0	0.54249	0.105145	0.12879999999999997	1	Testis	Testis,Cells_Culturedfibroblasts,Esophagus_Mucosa	4.463,1.441,1.203	1	Testis	Testis	4.463
chr15	70701876	70701915	chr15	70701876	70702308	UACA	perfect	50	0.045406800000000004	0.04255376668332401	0	0.24564	0.038215	0.0413975	1	Muscle_Skeletal	Muscle_Skeletal,Cells_Culturedfibroblasts,Adipose_Visceral_Omentum	4.705,1.952,1.377	1	Muscle_Skeletal	Muscle_Skeletal	4.705
chr15	70852220	70852332	chr15	70851426	70852332	LARP6	perfect	50	0.049676	0.020616110502344954	0	0.1157	0.050485	0.022247500000000003	1	Ovary	Ovary,Nerve_Tibial,MinorSalivaryGland	3.203,2.147,1.157	1	Ovary	Ovary	3.203
chr15	70898394	70898455	chr15	70898366	70898455	LRRC49	perfect	50	0.005186199999999999	0.018070959665288665	0	0.12349	0	2.325e-4	1	Testis	Testis,Brain_Nucleusaccumbens_basalganglia,Brain_Caudate_basalganglia	6.547,1.197,0.696	1	Testis	Testis	6.547
chr15	71847414	71847468	chr15	71847414	71847468	MYO9A	perfect	50	0.023368800000000002	0.04033815030413744	0	0.25183	0.012299999999999998	0.020655	1	Testis	Testis,Cells_EBV_transformedlymphocytes,Brain_Cerebellum	5.664,2.611,1.325	1	Testis	Testis	5.664
chr15	71892964	71893177	chr15	71889471	71893180	MYO9A	perfect	50	0.058202	0.04371814025956618	0	0.23488	0.064905	0.0701575	1	Cells_Culturedfibroblasts	Cells_Culturedfibroblasts,Cells_EBV_transformedlymphocytes,Artery_Tibial	4.041,1.573,1.383	1	Cells_Culturedfibroblasts	Cells_Culturedfibroblasts	4.041
chr15	72406035	72406039	chr15	72405969	72406039	TMEM202	perfect	50	0.0029116000000000003	0.020588121041027516	0	0.14558	0	0	1	Testis	Testis,Adipose_Subcutaneous,Adipose_Visceral_Omentum	6.93,-0.141,-0.141	1	Testis	Testis	6.93
chr15	74217271	74217581	chr15	74217200	74217581	CCDC33	perfect	50	0.005394999999999999	0.028612626244583803	0	0.18987	0	0	1	Lung	Lung,Pituitary,Testis	6.447,2.4,0.015	1	Lung	Lung	6.447
chr15	74218496	74218861	chr15	74218496	74218861	CCDC33	perfect	50	0.005394999999999999	0.028612626244583803	0	0.18987	0	0	1	Lung	Lung,Pituitary,Testis	6.447,2.4,0.015	1	Lung	Lung	6.447
chr15	74318589	74318658	chr15	74318540	74318658	CCDC33	perfect	50	0.11349060000000001	0.2717146431003356	0	1	0	0	2	Brain_Caudate_basalganglia,Ovary	Brain_Caudate_basalganglia,Ovary,Brain_Anteriorcingulatecortex_BA24	3.263,3.263,2.649	2	Brain_Caudate_basalganglia,Ovary	Brain_Caudate_basalganglia,Ovary	3.263,3.263
chr15	74336235	74336454	chr15	74336235	74336472	CCDC33	perfect	50	0.030014799999999994	0.09114086843419242	0	0.5	0	0	2	Brain_Amygdala,Testis	Brain_Amygdala,Testis,Brain_Anteriorcingulatecortex_BA24	5.157,3.221,1.499	2	Brain_Amygdala,Testis	Brain_Amygdala,Testis	5.157,3.221
chr15	74813436	74813479	chr15	74813336	74813479	LMAN1L	perfect	50	0.018482199999999997	0.06130118843239904	0	0.24336	0	0	3	Brain_CerebellarHemisphere,Brain_Cerebellum,Heart_LeftVentricle	Heart_LeftVentricle,Brain_Cerebellum,Brain_CerebellarHemisphere	3.668,3.456,3.4	3	Brain_CerebellarHemisphere,Brain_Cerebellum,Heart_LeftVentricle	Heart_LeftVentricle,Brain_Cerebellum,Brain_CerebellarHemisphere	3.668,3.456,3.4
chr15	75513213	75513438	chr15	75513190	75513438	PTPN9	perfect	50	0.0340272	0.024200567461722625	0	0.14019	0.032920000000000005	0.026742500000000002	1	WholeBlood	WholeBlood,Skin_NotSunExposed_Suprapubic,Cells_EBV_transformedlymphocytes	4.387,1.411,1.213	1	WholeBlood	WholeBlood	4.387
chr15	77984217	77984516	chr15	77984035	77984598	ADAMTS7P3,TBC1D2B	perfect	50	0.007968	0.022470999905093096	0	0.12926	0.00352	0.00638	2	Lung,Testis	Testis,Lung,Esophagus_Muscularis	5.398,4.049,0.423	1	Testis	Testis	5.398
chr15	78209144	78209249	chr15	78209144	78209249	ACSBG1	perfect	50	0.005477999999999998	0.024632657599377366	0	0.12844	0	0	2	Skin_NotSunExposed_Suprapubic,Skin_SunExposed_Lowerleg	Skin_SunExposed_Lowerleg,Skin_NotSunExposed_Suprapubic,Testis	4.992,4.633,0.594	2	Skin_NotSunExposed_Suprapubic,Skin_SunExposed_Lowerleg	Skin_SunExposed_Lowerleg,Skin_NotSunExposed_Suprapubic	4.992,4.633
chr15	78212548	78212598	chr15	78212548	78212726	ACSBG1	perfect	50	0.005477999999999998	0.024632657599377366	0	0.12844	0	0	2	Skin_NotSunExposed_Suprapubic,Skin_SunExposed_Lowerleg	Skin_SunExposed_Lowerleg,Skin_NotSunExposed_Suprapubic,Testis	4.992,4.633,0.594	2	Skin_NotSunExposed_Suprapubic,Skin_SunExposed_Lowerleg	Skin_SunExposed_Lowerleg,Skin_NotSunExposed_Suprapubic	4.992,4.633
chr15	78264313	78264393	chr15	78264056	78264474	DNAJA4,DNAJA4-DT	perfect	50	0.0487124	0.04361523102995006	0.00823	0.19195	0.033625	0.0386125	2	Skin_SunExposed_Lowerleg,Testis	Testis,Skin_SunExposed_Lowerleg,Skin_NotSunExposed_Suprapubic	3.284,3.084,2.553	2	Skin_SunExposed_Lowerleg,Testis	Testis,Skin_SunExposed_Lowerleg	3.284,3.084
chr15	78266242	78266293	chr15	78266180	78266293	DNAJA4	perfect	50	0.008971400000000003	0.04775994103207996	0	0.33859	0.001095	0.0027825000000000003	1	Testis	Testis,Muscle_Skeletal,Heart_AtrialAppendage	6.902,0.382,-0.004	1	Testis	Testis	6.902
chr15	82263358	82263428	chr15	82263358	82263438	SAXO2	perfect	50	0.022307400000000005	0.05537297361879489	0	0.23629	0	0	2	Kidney_Cortex,Nerve_Tibial	Kidney_Cortex,Nerve_Tibial,Thyroid	3.864,3.554,2.293	2	Kidney_Cortex,Nerve_Tibial	Kidney_Cortex,Nerve_Tibial	3.864,3.554
chr15	82264672	82264706	chr15	82264672	82264889	SAXO2	perfect	50	0.009045400000000006	0.06396063678544797	0	0.45227	0	0	1	Testis	Testis,Adipose_Subcutaneous,Adipose_Visceral_Omentum	6.93,-0.141,-0.141	1	Testis	Testis	6.93
chr15	82988642	82988828	chr15	82988440	82988828	C15orf40	perfect	50	0.0576902	0.021571965791796745	0.01295	0.12676	0.053035	0.021832500000000005	1	Liver	Liver,Brain_CerebellarHemisphere,Brain_Cerebellum	3.202,2.532,2.034	1	Liver	Liver	3.202
chr15	83144521	83144536	chr15	83144521	83144854	TM6SF1	perfect	50	0.077348	0.0698397005393678	0	0.37037	0.062975	0.04463999999999999	1	Pituitary	Pituitary,Ovary,Kidney_Cortex	4.196,2.472,1.981	1	Pituitary	Pituitary	4.196
chr15	83283134	83283212	chr15	83283134	83283457	BNC1	perfect	50	0.018969800000000002	0.09312483016809607	0	0.65371	0	0	1	Testis	Testis,Cells_Culturedfibroblasts,Skin_SunExposed_Lowerleg	6.816,0.525,0.431	1	Testis	Testis	6.816
chr15	84895377	84895441	chr15	84895377	84896046	SLC28A1	perfect	50	0.052617199999999996	0.1367969700261177	0	0.6066	0	0	1	Kidney_Cortex	Kidney_Cortex,Heart_AtrialAppendage,SmallIntestine_TerminalIleum	4.05,2.938,2.845	1	Kidney_Cortex	Kidney_Cortex	4.05
chr15	86556222	86556285	chr15	86556222	86556285	AGBL1	perfect	50	0.0187408	0.0896490985155627	0	0.5	0	0	2	Lung,Nerve_Tibial	Nerve_Tibial,Lung,Testis	5.368,4.253,0.204	2	Lung,Nerve_Tibial	Nerve_Tibial,Lung	5.368,4.253
chr15	86987986	86988088	chr15	86987986	86988088	AGBL1	perfect	50	0.0187408	0.0896490985155627	0	0.5	0	0	2	Lung,Nerve_Tibial	Nerve_Tibial,Lung,Testis	5.368,4.253,0.204	2	Lung,Nerve_Tibial	Nerve_Tibial,Lung	5.368,4.253
chr15	87028824	87028837	chr15	87028824	87029052	AGBL1	perfect	50	0.0187408	0.0896490985155627	0	0.5	0	0	2	Lung,Nerve_Tibial	Nerve_Tibial,Lung,Testis	5.368,4.253,0.204	2	Lung,Nerve_Tibial	Nerve_Tibial,Lung	5.368,4.253
chr15	88072550	88072599	chr15	88072423	88072599	NTRK3	perfect	50	0.0036575999999999987	0.024526294973820587	0	0.17336	0	0	1	Testis	Testis,Artery_Tibial,Adipose_Subcutaneous	6.919,0.239,-0.149	1	Testis	Testis	6.919
chr15	89764890	89764920	chr15	89764799	89764920	MESP2	perfect	50	0.03339759999999999	0.06885826722733455	0	0.27586	0	0.0247275	1	Brain_Amygdala	Brain_Amygdala,Brain_Putamen_basalganglia,Brain_Hippocampus	3.521,2.932,2.238	1	Brain_Amygdala	Brain_Amygdala	3.521
chr15	89878264	89878300	chr15	89878264	89878300	AP3S2	perfect	50	0.0363908	0.021758253966563345	0.01479	0.14659	0.03218	0.0128225	1	Muscle_Skeletal	Muscle_Skeletal,Heart_LeftVentricle,Heart_AtrialAppendage	5.065,2.865,1.596	1	Muscle_Skeletal	Muscle_Skeletal	5.065
chr15	90916585	90916660	chr15	90916526	90916660	MAN2A2	perfect	50	0.0266514	0.04180287076412873	0	0.17814	0.007725	0.025527499999999998	1	Heart_LeftVentricle	Heart_LeftVentricle,Testis,Muscle_Skeletal	3.624,2.92,2.767	1	Heart_LeftVentricle	Heart_LeftVentricle	3.624
chr15	92904907	92905008	chr15	92904398	92905008	CHD2,MIR3175	perfect	50	0.010788599999999999	0.031394995702227084	0.00233	0.22769	0.006215	0.0029500000000000004	1	Testis	Testis,Nerve_Tibial,Brain_Spinalcord_cervicalc_1	6.909,0.116,0.03	1	Testis	Testis	6.909
chr15	98998110	98998163	chr15	98998110	98998163	PGPEP1L	perfect	50	0.0037771999999999997	0.0190559857262751	0	0.11277	0	0	2	Artery_Tibial,Muscle_Skeletal	Muscle_Skeletal,Artery_Tibial,Adipose_Subcutaneous	5.72,3.795,-0.198	1	Muscle_Skeletal	Muscle_Skeletal	5.72
chr15	101300780	101300869	chr15	101297120	101301648	ENSG00000279970,PCSK6,SNRPA1-DT	perfect	50	0.1171532	0.13286429168846517	0.01756	0.69231	0.07778499999999999	0.06462250000000001	1	Cells_Culturedfibroblasts	Cells_Culturedfibroblasts,Artery_Tibial,Cells_EBV_transformedlymphocytes	4.329,2.989,2.962	1	Cells_Culturedfibroblasts	Cells_Culturedfibroblasts	4.329
chr15	101364998	101365044	chr15	101364658	101365044	PCSK6	perfect	50	0.017155399999999998	0.018758946840679212	0	0.11538	0.016195	0.019105	1	WholeBlood	WholeBlood,Brain_Spinalcord_cervicalc_1,Esophagus_Mucosa	5.236,1.985,1.099	1	WholeBlood	WholeBlood	5.236
chr15	101633679	101633728	chr15	101632942	101636358	TM2D3	perfect	50	0.0407682	0.03006996254926643	0.00619	0.14303	0.03435	0.0462775	1	Testis	Testis,WholeBlood,Muscle_Skeletal	3.401,2.617,1.706	1	Testis	Testis	3.401
chr16	475030	475045	chr16	474849	475098	RAB11FIP3	perfect	50	0.223902	0.1051551590047113	0.01384	0.55163	0.21399	0.11732750000000003	1	Liver	Liver,Kidney_Cortex,Spleen	3.117,2.162,2.118	1	Liver	Liver	3.117
chr16	497291	497298	chr16	497291	497448	RAB11FIP3	perfect	50	0.0335012	0.021625593646682362	0.01132	0.13083	0.026485	0.013787500000000001	1	Kidney_Cortex	Kidney_Cortex,Heart_AtrialAppendage,Testis	4.501,2.059,1.891	1	Kidney_Cortex	Kidney_Cortex	4.501
chr16	540189	540371	chr16	540104	540371	CAPN15	perfect	50	0.0669472	0.027925356558847654	0.0243	0.16393	0.062025000000000004	0.030879999999999998	1	Muscle_Skeletal	Muscle_Skeletal,Brain_FrontalCortex_BA9,Brain_Cerebellum	3.473,2.079,1.916	1	Muscle_Skeletal	Muscle_Skeletal	3.473
chr16	775015	775085	chr16	774835	775283	MSLNL	perfect	50	0.011231399999999999	0.05906781947896844	0	0.37975	0	0	1	Brain_Cortex	Brain_Cortex,Testis,Adipose_Subcutaneous	6.239,2.888,-0.19	1	Brain_Cortex	Brain_Cortex	6.239
chr16	775140	775145	chr16	774835	775283	MSLNL	perfect	50	0.011231399999999999	0.05906781947896844	0	0.37975	0	0	1	Brain_Cortex	Brain_Cortex,Testis,Adipose_Subcutaneous	6.239,2.888,-0.19	1	Brain_Cortex	Brain_Cortex	6.239
chr16	778625	778641	chr16	778625	778762	MSLNL	perfect	50	0.011231399999999999	0.05906781947896844	0	0.37975	0	0	1	Brain_Cortex	Brain_Cortex,Testis,Adipose_Subcutaneous	6.239,2.888,-0.19	1	Brain_Cortex	Brain_Cortex	6.239
chr16	781953	782054	chr16	781953	782054	MSLNL	perfect	50	0.011231399999999999	0.05906781947896844	0	0.37975	0	0	1	Brain_Cortex	Brain_Cortex,Testis,Adipose_Subcutaneous	6.239,2.888,-0.19	1	Brain_Cortex	Brain_Cortex	6.239
chr16	1398844	1398941	chr16	1398304	1398941	UNKL	perfect	50	0.0784236	0.02769023807652607	0.02978	0.21493	0.07677	0.014662499999999995	2	Testis,WholeBlood	WholeBlood,Testis,Brain_Amygdala	4.93,3.119,0.878	2	Testis,WholeBlood	WholeBlood,Testis	4.93,3.119
chr16	1838015	1838123	chr16	1838015	1838134	FAHD1	perfect	50	0.053	0.021277091062493307	0	0.12149	0.04994	0.020802499999999995	1	Testis	Testis,Pituitary,Brain_Nucleusaccumbens_basalganglia	3.219,1.832,1.574	1	Testis	Testis	3.219
chr16	2009937	2010102	chr16	2009925	2010102	NPW	perfect	50	0.005714199999999999	0.04040549569056166	0	0.28571	0	0	1	Cells_EBV_transformedlymphocytes	Cells_EBV_transformedlymphocytes,Adipose_Subcutaneous,Adipose_Visceral_Omentum	6.93,-0.141,-0.141	1	Cells_EBV_transformedlymphocytes	Cells_EBV_transformedlymphocytes	6.93
chr16	2033351	2033426	chr16	2033263	2033432	NHERF2	perfect	50	0.6117826	0.06024825463845067	0.49112	0.80769	0.6022449999999999	0.06456249999999997	1	Cells_EBV_transformedlymphocytes	Cells_EBV_transformedlymphocytes,Thyroid,WholeBlood	3.252,1.792,1.701	1	Cells_EBV_transformedlymphocytes	Cells_EBV_transformedlymphocytes	3.252
chr16	2033426	2033432	chr16	2033263	2033432	NHERF2	perfect	50	0.5876536	0.05556836681833598	0.48395	0.80769	0.58064	0.05276500000000006	1	Cells_EBV_transformedlymphocytes	Cells_EBV_transformedlymphocytes,WholeBlood,Muscle_Skeletal	3.96,2.279,1.49	1	Cells_EBV_transformedlymphocytes	Cells_EBV_transformedlymphocytes	3.96
chr16	2838375	2838400	chr16	2838375	2842760	PRSS30P,ZG16B	perfect	50	0.022271999999999997	0.05238644430517093	0	0.30861	0	0.0347525	2	Pancreas,Testis	Testis,Pancreas,Kidney_Cortex	5.466,3.31,0.848	2	Pancreas,Testis	Testis,Pancreas	5.466,3.31
chr16	3251956	3252049	chr16	3251956	3252049	MEFV	perfect	50	0.10998019999999999	0.22687377351320812	0	1	0	0.157335	2	Brain_Nucleusaccumbens_basalganglia,Cells_EBV_transformedlymphocytes	Brain_Nucleusaccumbens_basalganglia,Cells_EBV_transformedlymphocytes,Pancreas	3.923,3.923,2.454	2	Brain_Nucleusaccumbens_basalganglia,Cells_EBV_transformedlymphocytes	Brain_Nucleusaccumbens_basalganglia,Cells_EBV_transformedlymphocytes	3.923,3.923
chr16	5239886	5240105	chr16	5239801	5240105	RBFOX1	perfect	50	0.019572000000000003	0.08090918322793923	0	0.5625	0	0.00438	1	Pituitary	Pituitary,Brain_Spinalcord_cervicalc_1,Testis	6.71,0.975,0.77	1	Pituitary	Pituitary	6.71
chr16	5467215	5467254	chr16	5467215	5467254	RBFOX1	perfect	50	0.019572000000000003	0.08090918322793923	0	0.5625	0	0.00438	1	Pituitary	Pituitary,Brain_Spinalcord_cervicalc_1,Testis	6.71,0.975,0.77	1	Pituitary	Pituitary	6.71
chr16	5598901	5598961	chr16	5598901	5600322	ENSG00000301629,RBFOX1	perfect	50	0.019572000000000003	0.08090918322793923	0	0.5625	0	0.00438	1	Pituitary	Pituitary,Brain_Spinalcord_cervicalc_1,Testis	6.71,0.975,0.77	1	Pituitary	Pituitary	6.71
chr16	5598961	5599246	chr16	5598901	5600322	ENSG00000301629,RBFOX1	perfect	50	0.0076040000000000005	0.037065376659879974	0	0.25	0	0	1	Pituitary	Pituitary,Testis,Brain_Spinalcord_cervicalc_1	6.54,2.004,0.625	1	Pituitary	Pituitary	6.54
chr16	5867302	5867335	chr16	5867302	5867335	RBFOX1	perfect	50	0.0119682	0.045466799086177775	0	0.3125	0	0	1	Pituitary	Pituitary,Brain_Spinalcord_cervicalc_1,Brain_Substantianigra	6.61,1.226,0.752	1	Pituitary	Pituitary	6.61
chr16	7333001	7333046	chr16	7332749	7333088	RBFOX1	perfect	50	0.125862	0.2371919945563776	0	1	0	0.15013	1	MinorSalivaryGland	MinorSalivaryGland,Muscle_Skeletal,Heart_LeftVentricle	3.685,2.863,2.054	1	MinorSalivaryGland	MinorSalivaryGland	3.685
chr16	7671556	7671599	chr16	7671556	7671599	RBFOX1	perfect	50	0.125862	0.2371919945563776	0	1	0	0.15013	1	MinorSalivaryGland	MinorSalivaryGland,Muscle_Skeletal,Heart_LeftVentricle	3.685,2.863,2.054	1	MinorSalivaryGland	MinorSalivaryGland	3.685
chr16	8861641	8861660	chr16	8861641	8862949	CARHSP1,PMM2	perfect	50	0.0033084	0.02268619937948431	0	0.16044	0	0	1	Testis	Testis,Liver,Adipose_Subcutaneous	6.926,0.074,-0.146	1	Testis	Testis	6.926
chr16	8885094	8885140	chr16	8885094	8885179	LITAFD	perfect	50	0.004618799999999996	0.03265984800944426	0	0.23094	0	0	1	Testis	Testis,Adipose_Subcutaneous,Adipose_Visceral_Omentum	6.93,-0.141,-0.141	1	Testis	Testis	6.93
chr16	8936582	8936613	chr16	8936582	8936729	USP7	perfect	50	0.010848199999999999	0.04219264935932778	0	0.22011	0	0	2	Cells_Culturedfibroblasts,Testis	Testis,Cells_Culturedfibroblasts,Cells_EBV_transformedlymphocytes	4.96,3.525,2.965	2	Cells_Culturedfibroblasts,Testis	Testis,Cells_Culturedfibroblasts	4.96,3.525
chr16	11156573	11156682	chr16	11156573	11156682	CLEC16A	perfect	50	0.002655200000000002	0.018775099254065213	0	0.13276	0	0	1	Testis	Testis,Adipose_Subcutaneous,Adipose_Visceral_Omentum	6.93,-0.141,-0.141	1	Testis	Testis	6.93
chr16	11157076	11157090	chr16	11157076	11157233	CLEC16A	perfect	50	0.006325800000000003	0.03496263989063825	0	0.23521	0	0	1	Testis	Testis,WholeBlood,Adipose_Subcutaneous	6.547,2.138,-0.181	1	Testis	Testis	6.547
chr16	11157090	11157101	chr16	11157076	11157233	CLEC16A	perfect	50	0.002655200000000002	0.018775099254065213	0	0.13276	0	0	1	Testis	Testis,Adipose_Subcutaneous,Adipose_Visceral_Omentum	6.93,-0.141,-0.141	1	Testis	Testis	6.93
chr16	11551725	11551772	chr16	11551706	11551804	LITAF	perfect	50	0.07517560000000001	0.03949379254557168	0.01148	0.20285	0.07558999999999999	0.048222499999999995	1	Brain_CerebellarHemisphere	Brain_CerebellarHemisphere,Brain_Cerebellum,Brain_FrontalCortex_BA9	3.233,2.404,2.029	1	Brain_CerebellarHemisphere	Brain_CerebellarHemisphere	3.233
chr16	11551772	11551804	chr16	11551706	11551804	LITAF	perfect	50	0.0755688	0.03932567077881929	0.01413	0.20285	0.07558999999999999	0.048222499999999995	1	Brain_CerebellarHemisphere	Brain_CerebellarHemisphere,Brain_Cerebellum,Brain_FrontalCortex_BA9	3.237,2.404,2.027	1	Brain_CerebellarHemisphere	Brain_CerebellarHemisphere	3.237
chr16	12135550	12135578	chr16	12135550	12135737	SNX29	perfect	50	0.055691199999999996	0.046429279846903086	0	0.30645	0.044455	0.025287499999999997	1	Testis	Testis,WholeBlood,Heart_LeftVentricle	5.401,2.717,0.971	1	Testis	Testis	5.401
chr16	12526549	12526610	chr16	12526549	12527397	SNX29	perfect	50	0.023624	0.020093765303736195	0.00726	0.11429	0.017750000000000002	0.010222500000000002	1	Testis	Testis,Liver,WholeBlood	4.512,2.971,2.846	1	Testis	Testis	4.512
chr16	14711688	14711751	chr16	14711688	14711751	NPIPA3	perfect	50	0.0027714000000000003	0.019596757333803953	0	0.13857	0	0	1	Cells_Culturedfibroblasts	Cells_Culturedfibroblasts,Adipose_Subcutaneous,Adipose_Visceral_Omentum	6.93,-0.141,-0.141	1	Cells_Culturedfibroblasts	Cells_Culturedfibroblasts	6.93
chr16	14750812	14750875	chr16	14750812	14750875	NPIPA2	perfect	50	0.446962	0.08783181321278127	0.28652	0.71352	0.43307	0.10266749999999997	1	Testis	Testis,Brain_Amygdala,Pancreas	3.035,1.756,1.725	1	Testis	Testis	3.035
chr16	14938214	14938358	chr16	14938214	14938358	NPIPA1	perfect	50	0.0070371999999999995	0.02215675094430957	0	0.15965	0.0033499999999999997	0.0020100000000000005	1	Testis	Testis,Brain_CerebellarHemisphere,Brain_Cerebellum	6.888,0.266,0.235	1	Testis	Testis	6.888
chr16	15138878	15138973	chr16	15138878	15139339	PDXDC1	perfect	50	0.1761134	0.06277054530264842	0.09019	0.4594	0.162445	0.050612500000000005	1	Testis	Testis,WholeBlood,Pituitary	4.513,2.317,2.217	1	Testis	Testis	4.513
chr16	15364878	15364932	chr16	15364875	15364932	NPIPA5	perfect	50	0.027505399999999996	0.044909613906883084	0	0.17375	0.0031450000000000002	0.0381725	1	Pituitary	Pituitary,Spleen,Liver	3.256,2.614,2.507	1	Pituitary	Pituitary	3.256
chr16	15591029	15591100	chr16	15591029	15591115	BMERB1	perfect	50	0.004114999999999996	0.028761667534893648	0	0.20341	0	0	1	Testis	Testis,Artery_Tibial,Adipose_Subcutaneous	6.929,-0.062,-0.143	1	Testis	Testis	6.929
chr16	16098872	16098902	chr16	16098872	16098902	ABCC1	perfect	50	0.017642599999999998	0.04153379916036912	0	0.16811	0	0.0066425	3	Brain_CerebellarHemisphere,Brain_Cerebellum,Muscle_Skeletal	Muscle_Skeletal,Brain_Cerebellum,Brain_CerebellarHemisphere	3.623,3.135,3.011	3	Brain_CerebellarHemisphere,Brain_Cerebellum,Muscle_Skeletal	Muscle_Skeletal,Brain_Cerebellum,Brain_CerebellarHemisphere	3.623,3.135,3.011
chr16	19211419	19211452	chr16	19211156	19211452	SYT17	perfect	50	0.019888600000000003	0.09658418928814885	0	0.61194	0	0	2	Cells_EBV_transformedlymphocytes,Spleen	Cells_EBV_transformedlymphocytes,Spleen,SmallIntestine_TerminalIleum	6.13,3.077,0.223	2	Cells_EBV_transformedlymphocytes,Spleen	Cells_EBV_transformedlymphocytes,Spleen	6.13,3.077
chr16	19249940	19250071	chr16	19249940	19250078	SYT17	perfect	50	0.1353128	0.09712566337419556	0	0.5	0.12407	0.13082749999999999	1	WholeBlood	WholeBlood,Esophagus_Mucosa,Adipose_Visceral_Omentum	3.755,2.156,1.712	1	WholeBlood	WholeBlood	3.755
chr16	20323380	20323389	chr16	20323380	20323389	GP2	perfect	50	0.009811200000000003	0.026482040787010698	0	0.11404	0	0	2	Liver,Spleen	Spleen,Liver,Pancreas	3.936,3.198,2.497	1	Spleen	Spleen	3.936
chr16	20789478	20789557	chr16	20789478	20789557	ERI2	perfect	50	0.0474274	0.017197095721816113	0.01953	0.108	0.044950000000000004	0.015449999999999992	2	Muscle_Skeletal,Testis	Muscle_Skeletal,Testis,WholeBlood	3.522,3.285,1.119	2	Muscle_Skeletal,Testis	Muscle_Skeletal,Testis	3.522,3.285
chr16	20790849	20790932	chr16	20790777	20790932	ERI2	perfect	50	0.0474274	0.017197095721816113	0.01953	0.108	0.044950000000000004	0.015449999999999992	2	Muscle_Skeletal,Testis	Muscle_Skeletal,Testis,WholeBlood	3.522,3.285,1.119	2	Muscle_Skeletal,Testis	Muscle_Skeletal,Testis	3.522,3.285
chr16	21120739	21120854	chr16	21120739	21120854	DNAH3,ENSG00000289640	perfect	50	0.04006239999999998	0.1447857611327009	0	0.82851	0	0	2	Lung,Testis	Testis,Lung,Pituitary	5.446,3.944,0.52	2	Lung,Testis	Testis,Lung	5.446,3.944
chr16	21159324	21159441	chr16	21159324	21159487	DNAH3,LDAF1	perfect	50	0.04006239999999998	0.1447857611327009	0	0.82851	0	0	2	Lung,Testis	Testis,Lung,Pituitary	5.446,3.944,0.52	2	Lung,Testis	Testis,Lung	5.446,3.944
chr16	21959338	21959402	chr16	21959338	21959780	UQCRC2	perfect	50	0.0373584	0.017624765085711938	0.01868	0.11584	0.03491	0.020100000000000003	1	Cells_EBV_transformedlymphocytes	Cells_EBV_transformedlymphocytes,Esophagus_Mucosa,Cells_Culturedfibroblasts	4.453,2.241,1.944	1	Cells_EBV_transformedlymphocytes	Cells_EBV_transformedlymphocytes	4.453
chr16	22147570	22147642	chr16	22147570	22147642	VWA3A	perfect	50	0.017375800000000004	0.04056788224390203	0	0.1831	0	0	2	Skin_NotSunExposed_Suprapubic,Skin_SunExposed_Lowerleg	Skin_SunExposed_Lowerleg,Skin_NotSunExposed_Suprapubic,Brain_Cerebellum	4.085,3.364,1.919	2	Skin_NotSunExposed_Suprapubic,Skin_SunExposed_Lowerleg	Skin_SunExposed_Lowerleg,Skin_NotSunExposed_Suprapubic	4.085,3.364
chr16	24151849	24151855	chr16	24151684	24151855	PRKCB	perfect	50	0.0024174	0.017093599328403597	0	0.12087	0	0	1	Testis	Testis,Adipose_Subcutaneous,Adipose_Visceral_Omentum	6.93,-0.141,-0.141	1	Testis	Testis	6.93
chr16	24929616	24929660	chr16	24929612	24929660	ARHGAP17	perfect	50	0.0262164	0.03271068718573893	0	0.15012	0.013575	0.0307525	3	Cells_EBV_transformedlymphocytes,Muscle_Skeletal,WholeBlood	Muscle_Skeletal,WholeBlood,Cells_EBV_transformedlymphocytes	3.788,3.238,3.102	3	Cells_EBV_transformedlymphocytes,Muscle_Skeletal,WholeBlood	Muscle_Skeletal,WholeBlood,Cells_EBV_transformedlymphocytes	3.788,3.238,3.102
chr16	28259245	28259502	chr16	28258685	28259502	ENSG00000283662,ENSG00000298931,SBK1	perfect	50	0.009924800000000001	0.028959282551153643	0	0.17134	0	0	1	Muscle_Skeletal	Muscle_Skeletal,Brain_CerebellarHemisphere,Heart_LeftVentricle	5.574,2.143,1.85	1	Muscle_Skeletal	Muscle_Skeletal	5.574
chr16	28356535	28356601	chr16	28356535	28356654	NPIPB6	perfect	50	0.1423618	0.1849544904717738	0	0.96378	0.077565	0.2384775	1	Testis	Testis,Brain_Nucleusaccumbens_basalganglia,Brain_Putamen_basalganglia	4.441,1.877,1.699	1	Testis	Testis	4.441
chr16	28757997	28758083	chr16	28757997	28758083	NPIPB9	perfect	50	0.1393758	0.14858425093144004	0	0.73103	0.14168999999999998	0.24938	1	Thyroid	Thyroid,Spleen,SmallIntestine_TerminalIleum	3.982,1.52,1.45	1	Thyroid	Thyroid	3.982
chr16	29397567	29397642	chr16	29397567	29397696	NPIPB11	perfect	50	0.003367399999999998	0.019979761883935847	0	0.14044	0	0	1	Testis	Testis,Ovary,Brain_Cerebellum	6.861,0.662,0.399	1	Testis	Testis	6.861
chr16	30027087	30027173	chr16	30027087	30027173	C16orf92	perfect	50	0.007607999999999997	0.03728700889925422	0	0.2266	0	0	2	Brain_CerebellarHemisphere,Brain_Cerebellum	Brain_Cerebellum,Brain_CerebellarHemisphere,Testis	5.873,3.538,0.179	2	Brain_CerebellarHemisphere,Brain_Cerebellum	Brain_Cerebellum,Brain_CerebellarHemisphere	5.873,3.538
chr16	30027608	30027616	chr16	30027602	30027736	C16orf92	perfect	50	0.0085672	0.03807053282462729	0	0.2266	0	0	2	Brain_CerebellarHemisphere,Brain_Cerebellum	Brain_Cerebellum,Brain_CerebellarHemisphere,Testis	5.727,3.44,1.41	2	Brain_CerebellarHemisphere,Brain_Cerebellum	Brain_Cerebellum,Brain_CerebellarHemisphere	5.727,3.44
chr16	30035350	30035422	chr16	30035160	30035481	TLCD3B	perfect	50	0.011209399999999998	0.055790003874222074	0	0.31818	0	0	2	Cells_EBV_transformedlymphocytes,Testis	Cells_EBV_transformedlymphocytes,Testis,Pituitary	5.502,4.099,-0.158	2	Cells_EBV_transformedlymphocytes,Testis	Cells_EBV_transformedlymphocytes,Testis	5.502,4.099
chr16	30035422	30035475	chr16	30035160	30035481	TLCD3B	perfect	50	0.0115334	0.057175074618157164	0	0.31818	0	0	2	Cells_EBV_transformedlymphocytes,Testis	Cells_EBV_transformedlymphocytes,Testis,Pituitary	5.363,4.278,-0.16	2	Cells_EBV_transformedlymphocytes,Testis	Cells_EBV_transformedlymphocytes,Testis	5.363,4.278
chr16	30413586	30413631	chr16	30413586	30414609	ZNF771	perfect	50	0.131814	0.05615692252019137	0.05683	0.30601	0.11257	0.0764475	1	Cells_EBV_transformedlymphocytes	Cells_EBV_transformedlymphocytes,WholeBlood,Cells_Culturedfibroblasts	3.102,2.401,1.806	1	Cells_EBV_transformedlymphocytes	Cells_EBV_transformedlymphocytes	3.102
chr16	30570920	30570940	chr16	30570733	30570940	ZNF688	perfect	50	0.0431306	0.039418424802601736	0	0.1637	0.029589999999999998	0.0346525	1	Brain_Amygdala	Brain_Amygdala,Brain_Hippocampus,Brain_Anteriorcingulatecortex_BA24	3.059,2.497,2.1	1	Brain_Amygdala	Brain_Amygdala	3.059
chr16	30572121	30572275	chr16	30572038	30572734	ENSG00000239791,ZNF688	perfect	50	0.1034384	0.04653580185760865	0.04023	0.27988	0.09382499999999999	0.047979999999999995	2	Brain_CerebellarHemisphere,Brain_Cerebellum	Brain_Cerebellum,Brain_CerebellarHemisphere,Skin_NotSunExposed_Suprapubic	3.792,3.292,1.469	2	Brain_CerebellarHemisphere,Brain_Cerebellum	Brain_Cerebellum,Brain_CerebellarHemisphere	3.792,3.292
chr16	30834950	30835148	chr16	30833625	30835148	BCL7C	perfect	50	0.015552400000000001	0.013431747277952169	0.00453	0.10173	0.01383	0.005022500000000003	1	Testis	Testis,Brain_Cerebellum,Brain_CerebellarHemisphere	6.416,1.481,0.95	1	Testis	Testis	6.416
chr16	30956199	30956202	chr16	30956199	30956511	ENSG00000261487,ORAI3	perfect	50	0.097156	0.04596671315601483	0.03685	0.27023	0.08573	0.0468325	1	WholeBlood	WholeBlood,Pituitary,AdrenalGland	3.765,2.325,2.231	1	WholeBlood	WholeBlood	3.765
chr16	31890206	31890211	chr16	31890206	31890250	ZNF267	perfect	50	0.037092599999999996	0.055961575914339	0	0.29577	0	0.05331	1	Muscle_Skeletal	Muscle_Skeletal,Cells_Culturedfibroblasts,Heart_LeftVentricle	4.622,2.545,1.582	1	Muscle_Skeletal	Muscle_Skeletal	4.622
chr16	48365386	48365477	chr16	48365275	48365901	SIAH1	perfect	50	0.056727	0.025900673874300204	0.01853	0.1364	0.048345	0.0359	1	Pituitary	Pituitary,Brain_Cerebellum,Skin_NotSunExposed_Suprapubic	3.076,2.09,1.638	1	Pituitary	Pituitary	3.076
chr16	53208317	53208347	chr16	53207988	53208347	CHD9	perfect	50	0.0762972	0.03050112711467079	0.02843	0.17987	0.07955000000000001	0.0482675	1	Cells_Culturedfibroblasts	Cells_Culturedfibroblasts,Cells_EBV_transformedlymphocytes,Pancreas	3.396,1.71,1.208	1	Cells_Culturedfibroblasts	Cells_Culturedfibroblasts	3.396
chr16	53979370	53979449	chr16	53979370	53979499	FTO	perfect	50	0.0113208	0.018526717589823116	0	0.13439	0.01022	0.0033299999999999996	1	Testis	Testis,Ovary,Nerve_Tibial	6.643,0.331,0.264	1	Testis	Testis	6.643
chr16	55541837	55541975	chr16	55538199	55542028	ENSG00000261997,LPCAT2	perfect	50	0.1608786	0.08555587891178108	0	0.57804	0.143355	0.06748749999999998	1	Testis	Testis,Skin_SunExposed_Lowerleg,Skin_NotSunExposed_Suprapubic	4.876,1.809,1.428	1	Testis	Testis	4.876
chr16	55944047	55944095	chr16	55944047	55944464	CES5A	perfect	50	0.003153599999999998	0.022299319451498954	0	0.15768	0	0	1	Liver	Liver,Adipose_Subcutaneous,Adipose_Visceral_Omentum	6.93,-0.141,-0.141	1	Liver	Liver	6.93
chr16	55949784	55949902	chr16	55949784	55949902	CES5A	perfect	50	0.015937600000000003	0.11269585035838721	0	0.79688	0	0	1	Brain_Spinalcord_cervicalc_1	Brain_Spinalcord_cervicalc_1,Adipose_Subcutaneous,Adipose_Visceral_Omentum	6.93,-0.141,-0.141	1	Brain_Spinalcord_cervicalc_1	Brain_Spinalcord_cervicalc_1	6.93
chr16	55955843	55955885	chr16	55955843	55956031	CES5A	perfect	50	0.015937600000000003	0.11269585035838721	0	0.79688	0	0	1	Brain_Spinalcord_cervicalc_1	Brain_Spinalcord_cervicalc_1,Adipose_Subcutaneous,Adipose_Visceral_Omentum	6.93,-0.141,-0.141	1	Brain_Spinalcord_cervicalc_1	Brain_Spinalcord_cervicalc_1	6.93
chr16	56213271	56213362	chr16	56213271	56213407	GNAO1	perfect	50	0.0026556000000000023	0.018777927681189955	0	0.13278	0	0	1	Testis	Testis,Adipose_Subcutaneous,Adipose_Visceral_Omentum	6.93,-0.141,-0.141	1	Testis	Testis	6.93
chr16	57774979	57774988	chr16	57774708	57777101	KIFC3	perfect	50	0.12290279999999999	0.08001207778829394	0	0.43588	0.13483499999999998	0.108355	1	Testis	Testis,Muscle_Skeletal,SmallIntestine_TerminalIleum	3.912,1.542,1.203	1	Testis	Testis	3.912
chr16	57955345	57955368	chr16	57954674	57955368	CNGB1	perfect	50	0.0479638	0.20406661496287967	0	1	0	0	2	Lung,Nerve_Tibial	Lung,Nerve_Tibial,Testis	4.665,4.665,1.698	2	Lung,Nerve_Tibial	Lung,Nerve_Tibial	4.665,4.665
chr16	66482877	66482980	chr16	66482877	66486047	BEAN1,ENSG00000260851	perfect	50	0.226585	0.17261427266466414	0	0.8	0.22177	0.2682875	1	WholeBlood	WholeBlood,Pancreas,Stomach	3.322,1.998,1.431	1	WholeBlood	WholeBlood	3.322
chr16	66492961	66493133	chr16	66492961	66493529	BEAN1	perfect	50	0.12786	0.1844825247406753	0	0.85714	0.06955	0.1766975	1	Muscle_Skeletal	Muscle_Skeletal,Brain_Putamen_basalganglia,Brain_Caudate_basalganglia	3.953,2.288,2.135	1	Muscle_Skeletal	Muscle_Skeletal	3.953
chr16	67941955	67942042	chr16	67941808	67942042	LCAT	perfect	50	0.1189894	0.02965405856587883	0.07468	0.20799	0.110925	0.03867499999999999	1	Liver	Liver,Brain_Spinalcord_cervicalc_1,Brain_Anteriorcingulatecortex_BA24	3.001,2.973,1.707	1	Liver	Liver	3.001
chr16	68138510	68138756	chr16	68138510	68138784	NFATC3	perfect	50	0.0124918	0.056956161003755466	0	0.40078	0	0	1	Testis	Testis,Cells_EBV_transformedlymphocytes,WholeBlood	6.817,0.601,0.422	1	Testis	Testis	6.817
chr16	68217710	68217745	chr16	68217710	68218090	NFATC3	perfect	50	0.0170232	0.017869665488001202	0	0.1196	0.014615	0.009625000000000002	1	Testis	Testis,Cells_EBV_transformedlymphocytes,Cells_Culturedfibroblasts	5.74,2,1.33	1	Testis	Testis	5.74
chr16	68555072	68555197	chr16	68555072	68555240	ZFP90	perfect	50	0.014380200000000001	0.031201777323134155	0	0.1085	0	0	1	Spleen	Spleen,Pituitary,Brain_CerebellarHemisphere	3.016,2.75,2.258	1	Spleen	Spleen	3.016
chr16	68575790	68575873	chr16	68575790	68576072	ZFP90	perfect	50	0.07265239999999999	0.09745233205364498	0	0.53381	0.044020000000000004	0.05197499999999999	2	Heart_LeftVentricle,Muscle_Skeletal	Muscle_Skeletal,Heart_LeftVentricle,Heart_AtrialAppendage	4.732,3.248,2.182	2	Heart_LeftVentricle,Muscle_Skeletal	Muscle_Skeletal,Heart_LeftVentricle	4.732,3.248
chr16	68722424	68722568	chr16	68722424	68722616	CDH3	perfect	50	0.028113	0.02927489760173102	0	0.12803	0.032595	0.04863000000000001	1	Testis	Testis,Brain_Substantianigra,Brain_Cerebellum	3.413,1.809,1.212	1	Testis	Testis	3.413
chr16	70294845	70294917	chr16	70294776	70295066	DDX19B	perfect	50	0.013910400000000009	0.0983613816901735	0	0.69552	0	0	1	Testis	Testis,Adipose_Subcutaneous,Adipose_Visceral_Omentum	6.93,-0.141,-0.141	1	Testis	Testis	6.93
chr16	75095597	75095750	chr16	75095597	75095750	ZNRF1	perfect	50	0.041035	0.03814740707212654	0	0.1946	0.030745	0.0297875	2	Esophagus_Mucosa,Testis	Testis,Esophagus_Mucosa,Muscle_Skeletal	4.026,3.038,1.963	2	Esophagus_Mucosa,Testis	Testis,Esophagus_Mucosa	4.026,3.038
chr16	75644282	75644428	chr16	75644282	75644462	KARS1	perfect	50	0.0710498	0.0219814366478181	0.04244	0.1509	0.06756999999999999	0.024207499999999993	1	Cells_EBV_transformedlymphocytes	Cells_EBV_transformedlymphocytes,Cells_Culturedfibroblasts,WholeBlood	3.633,2.058,2.033	1	Cells_EBV_transformedlymphocytes	Cells_EBV_transformedlymphocytes	3.633
chr16	76309896	76309906	chr16	76309852	76309906	CNTNAP4	perfect	50	0.019999999999999993	0.14142135623730945	0	1	0	0	1	Liver	Liver,Adipose_Subcutaneous,Adipose_Visceral_Omentum	6.93,-0.141,-0.141	1	Liver	Liver	6.93
chr16	78278602	78278653	chr16	78278602	78278703	WWOX	perfect	50	0.013667200000000003	0.04892576667831814	0	0.28265	0	0	2	Cells_Culturedfibroblasts,Testis	Testis,Cells_Culturedfibroblasts,Cells_EBV_transformedlymphocytes	5.498,3.627,1.276	2	Cells_Culturedfibroblasts,Testis	Testis,Cells_Culturedfibroblasts	5.498,3.627
chr16	80540764	80540854	chr16	80540604	80540953	DYNLRB2,DYNLRB2-AS1	perfect	50	0.0259608	0.04971035189033794	0	0.20215	0	0.0350625	2	Prostate,Testis	Prostate,Testis,Lung	3.544,3.104,2.484	2	Prostate,Testis	Prostate,Testis	3.544,3.104
chr16	81174545	81174719	chr16	81171214	81174914	PKD1L2	perfect	50	0.0927648	0.14951141687673822	0	1	0.061495	0.07248750000000001	1	Pituitary	Pituitary,Cells_Culturedfibroblasts,Pancreas	6.068,1.686,1.291	1	Pituitary	Pituitary	6.068
chr16	81174719	81174914	chr16	81171214	81174914	PKD1L2	perfect	50	0.2425624	0.2453464496863859	0	1	0.185	0.293685	1	Pituitary	Pituitary,Cells_Culturedfibroblasts,Kidney_Cortex	3.087,2.666,2.408	1	Pituitary	Pituitary	3.087
chr16	81175604	81175750	chr16	81175604	81175750	PKD1L2	perfect	50	0.2425624	0.2453464496863859	0	1	0.185	0.293685	1	Pituitary	Pituitary,Cells_Culturedfibroblasts,Kidney_Cortex	3.087,2.666,2.408	1	Pituitary	Pituitary	3.087
chr16	81179644	81179786	chr16	81179644	81179786	PKD1L2	perfect	50	0.2425624	0.2453464496863859	0	1	0.185	0.293685	1	Pituitary	Pituitary,Cells_Culturedfibroblasts,Kidney_Cortex	3.087,2.666,2.408	1	Pituitary	Pituitary	3.087
chr16	81181150	81181213	chr16	81181150	81181329	PKD1L2	perfect	50	0.2425624	0.2453464496863859	0	1	0.185	0.293685	1	Pituitary	Pituitary,Cells_Culturedfibroblasts,Kidney_Cortex	3.087,2.666,2.408	1	Pituitary	Pituitary	3.087
chr16	83180869	83180956	chr16	83180869	83181094	CDH13	perfect	50	0.051289799999999997	0.05085946104227024	0	0.224	0.06397	0.08831	1	Testis	Testis,Nerve_Tibial,Colon_Transverse	3.396,1.29,1.26	1	Testis	Testis	3.396
chr16	85169524	85171807	chr16	85169524	85171807	GSE1	perfect	50	0.0410742	0.03273855139290867	0	0.16326	0.03238	0.036865	2	Cells_Culturedfibroblasts,Muscle_Skeletal	Cells_Culturedfibroblasts,Muscle_Skeletal,Esophagus_Muscularis	3.732,3.586,1.413	2	Cells_Culturedfibroblasts,Muscle_Skeletal	Cells_Culturedfibroblasts,Muscle_Skeletal	3.732,3.586
chr16	85357462	85357643	chr16	85357462	85357643	GSE1	perfect	50	0.0410742	0.03273855139290867	0	0.16326	0.03238	0.036865	2	Cells_Culturedfibroblasts,Muscle_Skeletal	Cells_Culturedfibroblasts,Muscle_Skeletal,Esophagus_Muscularis	3.732,3.586,1.413	2	Cells_Culturedfibroblasts,Muscle_Skeletal	Cells_Culturedfibroblasts,Muscle_Skeletal	3.732,3.586
chr16	85556326	85556363	chr16	85555966	85556363	GSE1	perfect	50	0.0333938	0.023921448909260647	0.0067	0.14458	0.027795	0.019692500000000005	2	Cells_EBV_transformedlymphocytes,WholeBlood	Cells_EBV_transformedlymphocytes,WholeBlood,Cells_Culturedfibroblasts	4.648,3.286,1.684	2	Cells_EBV_transformedlymphocytes,WholeBlood	Cells_EBV_transformedlymphocytes,WholeBlood	4.648,3.286
chr16	86552178	86552292	chr16	86552178	86552292	MTHFSD	perfect	50	0.0730766	0.029983261562384556	0.0299	0.18241	0.07435	0.035712499999999994	1	Cells_Culturedfibroblasts	Cells_Culturedfibroblasts,Cells_EBV_transformedlymphocytes,Bladder	3.646,2.531,1.528	1	Cells_Culturedfibroblasts	Cells_Culturedfibroblasts	3.646
chr16	87358410	87358497	chr16	87358410	87358497	FBXO31	perfect	50	0.048586199999999996	0.04531948753650496	0	0.22709	0.040435	0.040870000000000004	1	Muscle_Skeletal	Muscle_Skeletal,Heart_LeftVentricle,Artery_Tibial	3.939,2.22,1.761	1	Muscle_Skeletal	Muscle_Skeletal	3.939
chr16	88516112	88516184	chr16	88516112	88516646	ZFPM1	perfect	50	0.0900018	0.06575425333305637	0	0.35952	0.080845	0.08905500000000001	1	Thyroid	Thyroid,Ovary,Uterus	4.099,1.772,1.116	1	Thyroid	Thyroid	4.099
chr16	88587541	88587613	chr16	88587541	88587613	ZC3H18	perfect	50	0.0408526	0.021837259752775857	0.01243	0.12392	0.040745	0.020245000000000003	1	Cells_Culturedfibroblasts	Cells_Culturedfibroblasts,Testis,Cells_EBV_transformedlymphocytes	3.804,2.721,2.591	1	Cells_Culturedfibroblasts	Cells_Culturedfibroblasts	3.804
chr16	88855389	88855522	chr16	88855127	88855522	GALNS	perfect	50	0.0818158	0.06763787886613686	0.0217	0.33835	0.050065	0.0865375	1	Testis	Testis,Brain_Substantianigra,Brain_Hippocampus	3.793,1.942,1.853	1	Testis	Testis	3.793
chr16	88856206	88856301	chr16	88855752	88856301	GALNS,TRAPPC2L	perfect	50	0.125173	0.08359779711603088	0.03893	0.39939	0.08354	0.1342825	1	Testis	Testis,Brain_Substantianigra,Brain_Hippocampus	3.28,1.964,1.821	1	Testis	Testis	3.28
chr16	89300816	89300839	chr16	89298867	89300962	ANKRD11	perfect	50	0.1132618	0.045425494131622175	0.04479	0.28325	0.11179	0.053752499999999995	1	WholeBlood	WholeBlood,AdrenalGland,Cells_EBV_transformedlymphocytes	3.742,2.392,1.473	1	WholeBlood	WholeBlood	3.742
chr16	89300839	89300962	chr16	89298867	89300962	ANKRD11	perfect	50	0.1165268	0.049046615537399404	0.04796	0.31779	0.11274500000000001	0.054952499999999974	1	WholeBlood	WholeBlood,AdrenalGland,Cells_EBV_transformedlymphocytes	4.104,2.149,1.874	1	WholeBlood	WholeBlood	4.104
chr16	89578856	89578996	chr16	89578856	89578996	CPNE7	perfect	50	0.017191799999999997	0.03205789435648306	0	0.14474	0	0.0123725	1	Bladder	Bladder,Lung,Prostate	3.979,2.274,2.158	1	Bladder	Bladder	3.979
chr16	89583443	89583528	chr16	89583443	89583528	CPNE7	perfect	50	0.017191799999999997	0.03205789435648306	0	0.14474	0	0.0123725	1	Bladder	Bladder,Lung,Prostate	3.979,2.274,2.158	1	Bladder	Bladder	3.979
chr16	89908965	89909083	chr16	89908965	89909174	TCF25	perfect	50	0.0960186	0.029359606292889372	0.03883	0.21863	0.091355	0.022212499999999996	1	Testis	Testis,Heart_LeftVentricle,Liver	4.176,1.786,1.624	1	Testis	Testis	4.176
chr16	89909083	89909107	chr16	89908965	89909174	TCF25	perfect	50	0.0721164	0.024627138735259405	0.02828	0.17182	0.068245	0.020207499999999996	1	Testis	Testis,Heart_LeftVentricle,Liver	4.049,2.195,1.916	1	Testis	Testis	4.049
chr17	261909	261954	chr17	261688	261954	RPH3AL	perfect	50	0.0032011999999999995	0.015890374013399253	0	0.11146	0	0	1	Testis	Testis,Adipose_Subcutaneous,Adipose_Visceral_Omentum	6.813,0.584,0.582	1	Testis	Testis	6.813
chr17	864014	864050	chr17	863886	864111	NXN	perfect	50	0.4941514	0.09189248329300444	0.33729	0.83333	0.493255	0.10882249999999999	1	Cells_EBV_transformedlymphocytes	Cells_EBV_transformedlymphocytes,WholeBlood,Brain_Hypothalamus	3.691,1.877,1.433	1	Cells_EBV_transformedlymphocytes	Cells_EBV_transformedlymphocytes	3.691
chr17	1108933	1109068	chr17	1108933	1109100	ABR	perfect	50	0.0690278	0.04853587843092186	0.00343	0.23194	0.066465	0.052427499999999995	1	Cells_Culturedfibroblasts	Cells_Culturedfibroblasts,Testis,Artery_Tibial	3.357,2.344,1.51	1	Cells_Culturedfibroblasts	Cells_Culturedfibroblasts	3.357
chr17	1228792	1229630	chr17	1228792	1229738	ABR	perfect	50	0.0085864	0.018999179655759788	0	0.13495	0.00581	0.006532499999999998	1	Cells_EBV_transformedlymphocytes	Cells_EBV_transformedlymphocytes,SmallIntestine_TerminalIleum,Lung	6.651,0.74,0.58	1	Cells_EBV_transformedlymphocytes	Cells_EBV_transformedlymphocytes	6.651
chr17	1348003	1348008	chr17	1347961	1348008	YWHAE	perfect	50	0.0105858	0.050133291439635505	0	0.33664	0	0.00119	1	Muscle_Skeletal	Muscle_Skeletal,Heart_LeftVentricle,Heart_AtrialAppendage	6.504,1.981,0.93	1	Muscle_Skeletal	Muscle_Skeletal	6.504
chr17	2173097	2173150	chr17	2173097	2173178	SMG6	perfect	50	0.0782988	0.023912634747585402	0	0.18415	0.07668	0.01254000000000001	1	AdrenalGland	AdrenalGland,Cells_Culturedfibroblasts,Heart_AtrialAppendage	4.427,1.84,1.537	1	AdrenalGland	AdrenalGland	4.427
chr17	5214729	5214836	chr17	5213011	5214836	SCIMP,ZNF594-DT	perfect	50	0.2013156	0.0839769427577521	0.06162	0.45455	0.18182	0.09017	1	Cells_Culturedfibroblasts	Cells_Culturedfibroblasts,Testis,Brain_CerebellarHemisphere	3.016,2.981,2.183	1	Cells_Culturedfibroblasts	Cells_Culturedfibroblasts	3.016
chr17	5336487	5336529	chr17	5336487	5336689	RABEP1	perfect	50	0.0712966	0.022960292841942478	0.0312	0.14779	0.06908	0.023274999999999997	1	Testis	Testis,Liver,Kidney_Cortex	3.332,2.185,2.139	1	Testis	Testis	3.332
chr17	7029815	7029830	chr17	7029815	7030290	BCL6B	perfect	50	0.0887732	0.02878622462787593	0	0.18537	0.090925	0.0146125	1	Testis	Testis,Heart_AtrialAppendage,Artery_Coronary	3.356,1.511,0.83	1	Testis	Testis	3.356
chr17	7238785	7238807	chr17	7238785	7238930	PHF23	perfect	50	0.044837800000000004	0.05314021173484812	0	0.23147	0.0245	0.0813475	1	Spleen	Spleen,Lung,SmallIntestine_TerminalIleum	3.512,1.889,1.826	1	Spleen	Spleen	3.512
chr17	7737962	7738120	chr17	7737962	7738120	DNAH2	perfect	50	0.03445899999999999	0.06079302337288652	0	0.24528	0	0.058622499999999994	1	Brain_FrontalCortex_BA9	Brain_FrontalCortex_BA9,Brain_Anteriorcingulatecortex_BA24,Pituitary	3.468,2.28,2.111	1	Brain_FrontalCortex_BA9	Brain_FrontalCortex_BA9	3.468
chr17	7738926	7739014	chr17	7738926	7739014	DNAH2	perfect	50	0.03445899999999999	0.06079302337288652	0	0.24528	0	0.058622499999999994	1	Brain_FrontalCortex_BA9	Brain_FrontalCortex_BA9,Brain_Anteriorcingulatecortex_BA24,Pituitary	3.468,2.28,2.111	1	Brain_FrontalCortex_BA9	Brain_FrontalCortex_BA9	3.468
chr17	8123319	8123337	chr17	8123319	8123505	HES7	perfect	50	0.04876039999999999	0.09952880013834986	0	0.54008	0	0.0815325	1	Testis	Testis,Cells_EBV_transformedlymphocytes,Uterus	4.936,1.899,1.579	1	Testis	Testis	4.936
chr17	8371432	8371534	chr17	8371308	8373433	ENSG00000263809,KRBA2	perfect	50	0.0026860000000000026	0.01899288814267067	0	0.1343	0	0	1	Testis	Testis,Adipose_Subcutaneous,Adipose_Visceral_Omentum	6.93,-0.141,-0.141	1	Testis	Testis	6.93
chr17	10036433	10036436	chr17	10036433	10036747	GAS7	perfect	50	0.020842	0.04243320585559938	0	0.26727	0.00907	0.01806	1	WholeBlood	WholeBlood,Cells_Culturedfibroblasts,Artery_Aorta	5.807,2.101,1.509	1	WholeBlood	WholeBlood	5.807
chr17	15235249	15235284	chr17	15235218	15235284	PMP22	perfect	50	0.040225	0.02138732766602404	0	0.12041	0.0436	0.023289999999999998	1	Cells_Culturedfibroblasts	Cells_Culturedfibroblasts,Artery_Coronary,Adipose_Visceral_Omentum	3.749,1.15,1.134	1	Cells_Culturedfibroblasts	Cells_Culturedfibroblasts	3.749
chr17	15568894	15569030	chr17	15568890	15569030	FBXW10B	perfect	50	0.007162999999999998	0.018052949473531393	0	0.10218000000000001	0	0	1	Testis	Testis,Bladder,Skin_SunExposed_Lowerleg	5.263,1.931,1.802	1	Testis	Testis	5.263
chr17	16044502	16044552	chr17	16044502	16045015	RPLP1P11,TTC19	perfect	50	0.0789634	0.02838575516640956	0.0382	0.19355	0.08047499999999999	0.04227250000000002	1	WholeBlood	WholeBlood,Bladder,Colon_Sigmoid	4.037,1.166,1.117	1	WholeBlood	WholeBlood	4.037
chr17	17857768	17857855	chr17	17857768	17858011	TOM1L2	perfect	50	0.0262982	0.02715149792462693	0	0.11465	0.017285000000000002	0.033875	2	Heart_AtrialAppendage,Heart_LeftVentricle	Heart_LeftVentricle,Heart_AtrialAppendage,Brain_Spinalcord_cervicalc_1	3.254,3.038,1.717	2	Heart_AtrialAppendage,Heart_LeftVentricle	Heart_LeftVentricle,Heart_AtrialAppendage	3.254,3.038
chr17	18056702	18056759	chr17	18056702	18057467	GID4	perfect	50	0.033495	0.08800372311813326	0	0.61538	0.01592	0.028947500000000004	1	Testis	Testis,Skin_SunExposed_Lowerleg,Skin_NotSunExposed_Suprapubic	6.612,1.072,0.954	1	Testis	Testis	6.612
chr17	18056759	18057023	chr17	18056702	18057467	GID4	perfect	50	0.01906	0.020793283845059792	0	0.10063	0.015515000000000001	0.024965	2	Skin_NotSunExposed_Suprapubic,Skin_SunExposed_Lowerleg	Skin_SunExposed_Lowerleg,Skin_NotSunExposed_Suprapubic,Cells_EBV_transformedlymphocytes	3.923,3.47,1.297	1	Skin_SunExposed_Lowerleg	Skin_SunExposed_Lowerleg	3.923
chr17	19347148	19347173	chr17	19346945	19347196	B9D1	perfect	50	0.118953	0.05161157006220324	0	0.27869	0.11094	0.048380000000000006	1	Heart_AtrialAppendage	Heart_AtrialAppendage,Heart_LeftVentricle,Testis	3.095,2.293,1.919	1	Heart_AtrialAppendage	Heart_AtrialAppendage	3.095
chr17	19357571	19357634	chr17	19357571	19357634	B9D1	perfect	50	0.15338839999999998	0.1355015333802838	0.03195	1	0.12899	0.06927499999999999	1	WholeBlood	WholeBlood,Ovary,Brain_Cerebellum	6.248,1.117,0.86	1	WholeBlood	WholeBlood	6.248
chr17	27601892	27601958	chr17	27601892	27601958	KSR1	perfect	50	0.07519519999999999	0.09252774157064068	0.01493	0.47967	0.035365	0.08368500000000001	2	Brain_CerebellarHemisphere,Brain_Cerebellum	Brain_CerebellarHemisphere,Brain_Cerebellum,Brain_Cortex	4.371,3.596,1.287	2	Brain_CerebellarHemisphere,Brain_Cerebellum	Brain_CerebellarHemisphere,Brain_Cerebellum	4.371,3.596
chr17	28047916	28048001	chr17	28047916	28048926	NLK	perfect	50	0.1450628	0.07879019508149217	0.04029	0.54712	0.13349	0.07585750000000002	1	Testis	Testis,Thyroid,Pituitary	5.103,1.315,1.259	1	Testis	Testis	5.103
chr17	28726755	28726808	chr17	28726755	28726932	TLCD1	perfect	50	0.0485568	0.06252744456832454	0	0.36339	0.04297	0.0848975	1	Testis	Testis,Pancreas,Brain_Hippocampus	5.035,1.372,1.167	1	Testis	Testis	5.035
chr17	29079733	29081000	chr17	29079726	29081000	MYO18A	perfect	50	0.08960420000000001	0.09936367781918654	0.01192	0.44109	0.054	0.053292499999999986	3	Heart_AtrialAppendage,Heart_LeftVentricle,Muscle_Skeletal	Muscle_Skeletal,Heart_LeftVentricle,Heart_AtrialAppendage	3.537,3.438,3.326	3	Heart_AtrialAppendage,Heart_LeftVentricle,Muscle_Skeletal	Muscle_Skeletal,Heart_LeftVentricle,Heart_AtrialAppendage	3.537,3.438,3.326
chr17	29124652	29124688	chr17	29124652	29124688	MYO18A	perfect	50	0.024418199999999998	0.026669807027760048	0.00152	0.11977	0.014499999999999999	0.025527499999999998	1	Muscle_Skeletal	Muscle_Skeletal,Artery_Tibial,Artery_Aorta	3.575,2.487,2.405	1	Muscle_Skeletal	Muscle_Skeletal	3.575
chr17	29674107	29674159	chr17	29673839	29674159	SSH2	perfect	50	0.0338344	0.0285362874006456	0	0.15844	0.02846	0.03354000000000001	1	Cells_EBV_transformedlymphocytes	Cells_EBV_transformedlymphocytes,Heart_AtrialAppendage,Cells_Culturedfibroblasts	4.367,1.698,1.542	1	Cells_EBV_transformedlymphocytes	Cells_EBV_transformedlymphocytes	4.367
chr17	29761149	29761277	chr17	29761102	29761417	ENSG00000263657,SSH2	perfect	50	0.0343558	0.030066971647321195	0	0.1716	0.02846	0.03354000000000001	1	Cells_EBV_transformedlymphocytes	Cells_EBV_transformedlymphocytes,Cells_Culturedfibroblasts,Heart_AtrialAppendage	4.565,1.609,1.594	1	Cells_EBV_transformedlymphocytes	Cells_EBV_transformedlymphocytes	4.565
chr17	30073082	30073198	chr17	30073082	30073198	EFCAB5	perfect	50	0.002499999999999999	0.017677669529663678	0	0.125	0	0	1	Cells_Culturedfibroblasts	Cells_Culturedfibroblasts,Adipose_Subcutaneous,Adipose_Visceral_Omentum	6.93,-0.141,-0.141	1	Cells_Culturedfibroblasts	Cells_Culturedfibroblasts	6.93
chr17	30073647	30073687	chr17	30073647	30074630	EFCAB5	perfect	50	0.002499999999999999	0.017677669529663678	0	0.125	0	0	1	Cells_Culturedfibroblasts	Cells_Culturedfibroblasts,Adipose_Subcutaneous,Adipose_Visceral_Omentum	6.93,-0.141,-0.141	1	Cells_Culturedfibroblasts	Cells_Culturedfibroblasts	6.93
chr17	30380637	30380642	chr17	30380235	30380642	CPD	perfect	50	0.006244399999999998	0.03542660208581877	0	0.24186	0	0	1	Testis	Testis,Cells_Culturedfibroblasts,Adipose_Subcutaneous	6.651,1.81,-0.176	1	Testis	Testis	6.651
chr17	31488242	31488272	chr17	31487999	31488432	RAB11FIP4	perfect	50	0.1544576	0.13819052936568177	0	0.745	0.16476000000000002	0.208945	1	Testis	Testis,Heart_AtrialAppendage,Cells_EBV_transformedlymphocytes	4.273,1.319,1.318	1	Testis	Testis	4.273
chr17	31858757	31858820	chr17	31858757	31859074	COPRS	perfect	50	0.017921	0.08295925017004138	0	0.59143	0.00446	0.003994999999999999	1	Testis	Testis,Brain_FrontalCortex_BA9,Brain_Cortex	6.913,0.066,0.034	1	Testis	Testis	6.913
chr17	32594547	32594566	chr17	32594202	32594566	MYO1D	perfect	50	0.023965999999999998	0.035995906286517575	0.00316	0.26062	0.016835000000000003	0.0140675	1	Testis	Testis,Cells_EBV_transformedlymphocytes,WholeBlood	6.574,1.299,0.326	1	Testis	Testis	6.574
chr17	35121290	35121293	chr17	35121290	35121522	ENSG00000267618,RAD51D	perfect	50	0.005225400000000003	0.03694915774412186	0	0.26127	0	0	1	Testis	Testis,Adipose_Subcutaneous,Adipose_Visceral_Omentum	6.93,-0.141,-0.141	1	Testis	Testis	6.93
chr17	35134942	35135059	chr17	35134942	35135059	NLE1	perfect	50	0.0719072	0.013935857440869753	0.04895	0.125	0.068555	0.01630999999999999	1	WholeBlood	WholeBlood,Skin_SunExposed_Lowerleg,MinorSalivaryGland	3.81,2.119,1.768	1	WholeBlood	WholeBlood	3.81
chr17	35756417	35756419	chr17	35756248	35756419	MMP28	perfect	50	0.027568999999999996	0.0422222938137894	0	0.21622	0.015765	0.0324575	2	Brain_CerebellarHemisphere,Pituitary	Pituitary,Brain_CerebellarHemisphere,Brain_Cerebellum	4.468,3.549,2.163	2	Brain_CerebellarHemisphere,Pituitary	Pituitary,Brain_CerebellarHemisphere	4.468,3.549
chr17	37328877	37328986	chr17	37328644	37328986	ACACA	perfect	50	0.05555	0.036344256093919544	0.01387	0.18222	0.04322	0.03565000000000001	1	Cells_EBV_transformedlymphocytes	Cells_EBV_transformedlymphocytes,Pancreas,Testis	3.485,2.557,2.036	1	Cells_EBV_transformedlymphocytes	Cells_EBV_transformedlymphocytes	3.485
chr17	38544811	38545459	chr17	38544577	38545459	SRCIN1	perfect	50	0.2796364	0.0986237221693169	0.10325	0.66667	0.2673	0.0786325	1	WholeBlood	WholeBlood,Artery_Aorta,Artery_Tibial	3.924,2.572,1.774	1	WholeBlood	WholeBlood	3.924
chr17	38547758	38547881	chr17	38547758	38547881	SRCIN1	perfect	50	0.2796364	0.0986237221693169	0.10325	0.66667	0.2673	0.0786325	1	WholeBlood	WholeBlood,Artery_Aorta,Artery_Tibial	3.924,2.572,1.774	1	WholeBlood	WholeBlood	3.924
chr17	39152545	39152680	chr17	39152468	39152699	PLXDC1	perfect	50	0.15408840000000001	0.0893320769539025	0	0.434	0.14237	0.1281925	1	Brain_Cerebellum	Brain_Cerebellum,Brain_CerebellarHemisphere,Heart_AtrialAppendage	3.133,1.923,1.42	1	Brain_Cerebellum	Brain_Cerebellum	3.133
chr17	39185949	39186104	chr17	39185949	39186104	CACNB1	perfect	50	0.0867242	0.1465661464669221	0	0.79471	0.03938	0.04852250000000001	2	Heart_LeftVentricle,Muscle_Skeletal	Muscle_Skeletal,Heart_LeftVentricle,Heart_AtrialAppendage	4.83,3.124,2.74	2	Heart_LeftVentricle,Muscle_Skeletal	Muscle_Skeletal,Heart_LeftVentricle	4.83,3.124
chr17	39402172	39402220	chr17	39402172	39402523	FBXL20	perfect	50	0.0218968	0.03340970074449537	0	0.18702	0.01537	0.010812500000000003	2	Cells_Culturedfibroblasts,Cells_EBV_transformedlymphocytes	Cells_EBV_transformedlymphocytes,Cells_Culturedfibroblasts,Testis	4.942,3.885,1.455	2	Cells_Culturedfibroblasts,Cells_EBV_transformedlymphocytes	Cells_EBV_transformedlymphocytes,Cells_Culturedfibroblasts	4.942,3.885
chr17	41492325	41492333	chr17	41492325	41492546	KRT36	perfect	50	0.004705799999999998	0.03327503090907654	0	0.23529	0	0	1	Spleen	Spleen,Adipose_Subcutaneous,Adipose_Visceral_Omentum	6.93,-0.141,-0.141	1	Spleen	Spleen	6.93
chr17	41718006	41718026	chr17	41717741	41718026	HAP1	perfect	50	0.0510912	0.06937785945245127	0	0.30263	0	0.0959	1	Testis	Testis,Brain_Hypothalamus,Prostate	3.626,2.157,1.884	1	Testis	Testis	3.626
chr17	42018437	42018475	chr17	42018437	42018526	DNAJC7	perfect	50	0.01709	0.033189593402210914	0	0.14196	0	0.0119825	1	Brain_FrontalCortex_BA9	Brain_FrontalCortex_BA9,Spleen,Prostate	3.762,2.444,2.095	1	Brain_FrontalCortex_BA9	Brain_FrontalCortex_BA9	3.762
chr17	42798817	42798830	chr17	42798799	42798830	CNTD1	perfect	50	0.0331658	0.053164336714817864	0	0.22568	0	0.0494775	1	Brain_Spinalcord_cervicalc_1	Brain_Spinalcord_cervicalc_1,Testis,Brain_Amygdala	3.621,2.26,2.063	1	Brain_Spinalcord_cervicalc_1	Brain_Spinalcord_cervicalc_1	3.621
chr17	43209556	43209640	chr17	43209556	43209857	NBR1	perfect	50	0.0093048	0.024179835437734443	0.00111	0.1753	0.006495	0.0053475	1	Testis	Testis,Cells_EBV_transformedlymphocytes,Ovary	6.865,0.259,0.068	1	Testis	Testis	6.865
chr17	43526495	43526595	chr17	43526386	43526803	DHX8	perfect	50	0.0433534	0.03117030216702548	0.00155	0.15491	0.03684	0.037582500000000005	1	Muscle_Skeletal	Muscle_Skeletal,Cells_Culturedfibroblasts,Cells_EBV_transformedlymphocytes	3.579,2.647,2.092	1	Muscle_Skeletal	Muscle_Skeletal	3.579
chr17	43884083	43884155	chr17	43884083	43884155	MPP2	perfect	50	0.0047113999999999975	0.032282101062669516	0	0.22836	0	0	1	Testis	Testis,Brain_Cerebellum,Brain_CerebellarHemisphere	6.928,-0.026,-0.043	1	Testis	Testis	6.928
chr17	45142582	45142607	chr17	45142582	45142959	ACBD4	perfect	50	0.0772706	0.018125371935381582	0.05398	0.16294	0.07443	0.014715000000000006	1	Muscle_Skeletal	Muscle_Skeletal,Cells_EBV_transformedlymphocytes,Heart_LeftVentricle	4.726,2.702,2.115	1	Muscle_Skeletal	Muscle_Skeletal	4.726
chr17	46017473	46017596	chr17	46017473	46017596	MAPT	perfect	50	0.0063574	0.015652641794369957	0	0.1085	0.002045	0.0078275	1	Testis	Testis,Esophagus_Mucosa,MinorSalivaryGland	6.526,0.915,0.879	1	Testis	Testis	6.526
chr17	46528851	46528859	chr17	46527250	46528859	ARL17A	perfect	50	0.0647992	0.030967814815530327	0	0.19018	0.058495	0.031827499999999995	1	Muscle_Skeletal	Muscle_Skeletal,Artery_Tibial,Ovary	4.049,2.05,1.785	1	Muscle_Skeletal	Muscle_Skeletal	4.049
chr17	46833345	46833440	chr17	46833200	46833440	WNT9B	perfect	50	0.003684200000000001	0.026051228032474782	0	0.18421	0	0	1	Skin_NotSunExposed_Suprapubic	Skin_NotSunExposed_Suprapubic,Adipose_Subcutaneous,Adipose_Visceral_Omentum	6.93,-0.141,-0.141	1	Skin_NotSunExposed_Suprapubic	Skin_NotSunExposed_Suprapubic	6.93
chr17	48611495	48611604	chr17	48611376	48611604	HOXB8	perfect	50	0.009299999999999998	0.033779416930481004	0	0.15044	0	0	3	Adipose_Visceral_Omentum,Breast_MammaryTissue,Testis	Testis,Adipose_Visceral_Omentum,Breast_MammaryTissue	4.178,3.981,3.459	3	Adipose_Visceral_Omentum,Breast_MammaryTissue,Testis	Testis,Adipose_Visceral_Omentum,Breast_MammaryTissue	4.178,3.981,3.459
chr17	48794203	48794280	chr17	48794203	48794334	TTLL6	perfect	50	0.31773700000000005	0.2187762119595907	0	1	0.359915	0.2552025	1	Cells_EBV_transformedlymphocytes	Cells_EBV_transformedlymphocytes,Brain_CerebellarHemisphere,Prostate	3.119,1.595,1.505	1	Cells_EBV_transformedlymphocytes	Cells_EBV_transformedlymphocytes	3.119
chr17	49133025	49133219	chr17	49132966	49133219	B4GALNT2	perfect	50	0.013204200000000001	0.0474419354274469	0	0.2383	0	0	3	Colon_Transverse,SmallIntestine_TerminalIleum,Thyroid	Thyroid,SmallIntestine_TerminalIleum,Colon_Transverse	4.745,3.235,3.055	3	Colon_Transverse,SmallIntestine_TerminalIleum,Thyroid	Thyroid,SmallIntestine_TerminalIleum,Colon_Transverse	4.745,3.235,3.055
chr17	49225655	49225777	chr17	49225655	49225788	FLJ40194,PHOSPHO1	perfect	50	0.003039	0.021243585178224743	0	0.15024	0	0	1	Testis	Testis,WholeBlood,Adipose_Subcutaneous	6.929,-0.063,-0.143	1	Testis	Testis	6.929
chr17	50509041	50509103	chr17	50509041	50510420	MYCBPAP	perfect	50	0.007830600000000002	0.02637076399178082	0	0.17647	0	0.0028125	1	Skin_SunExposed_Lowerleg	Skin_SunExposed_Lowerleg,Cells_EBV_transformedlymphocytes,Brain_Hypothalamus	6.395,1.699,1.108	1	Skin_SunExposed_Lowerleg	Skin_SunExposed_Lowerleg	6.395
chr17	50573205	50573250	chr17	50573205	50573674	CACNA1G	perfect	50	0.042005400000000005	0.0742897389352071	0	0.4375	0	0.08322500000000001	1	Cells_Culturedfibroblasts	Cells_Culturedfibroblasts,Brain_Amygdala,Brain_Spinalcord_cervicalc_1	5.324,1.198,1.195	1	Cells_Culturedfibroblasts	Cells_Culturedfibroblasts	5.324
chr17	50635214	50635383	chr17	50635214	50635383	ABCC3	perfect	50	0.010082400000000004	0.054139632190422976	0	0.38462	0	0.004750000000000001	1	Cells_EBV_transformedlymphocytes	Cells_EBV_transformedlymphocytes,Testis,Kidney_Cortex	6.918,0.01,-0.002	1	Cells_EBV_transformedlymphocytes	Cells_EBV_transformedlymphocytes	6.918
chr17	50635522	50635536	chr17	50635522	50635915	ABCC3	perfect	50	0.010082400000000004	0.054139632190422976	0	0.38462	0	0.004750000000000001	1	Cells_EBV_transformedlymphocytes	Cells_EBV_transformedlymphocytes,Testis,Kidney_Cortex	6.918,0.01,-0.002	1	Cells_EBV_transformedlymphocytes	Cells_EBV_transformedlymphocytes	6.918
chr17	50999475	50999487	chr17	50999475	50999487	SPAG9	perfect	50	0.003995400000000001	0.02774257637124364	0	0.19621	0	0	1	Muscle_Skeletal	Muscle_Skeletal,Heart_AtrialAppendage,Adipose_Subcutaneous	6.929,-0.016,-0.144	1	Muscle_Skeletal	Muscle_Skeletal	6.929
chr17	51286482	51286552	chr17	51286482	51286552	UTP18	perfect	50	0.006647400000000002	0.021680462643794748	0	0.15095	0	0.008937500000000001	1	Testis	Testis,Brain_CerebellarHemisphere,Brain_Cerebellum	6.656,0.656,0.637	1	Testis	Testis	6.656
chr17	51661834	51661846	chr17	51661592	51661846	CA10	perfect	50	0.0098664000000000009	0.06976598345898953	0	0.49332	0	0	1	Testis	Testis,Adipose_Subcutaneous,Adipose_Visceral_Omentum	6.93,-0.141,-0.141	1	Testis	Testis	6.93
chr17	55043611	55043626	chr17	55043611	55044776	STXBP4	perfect	50	0.1186754	0.05398233494923528	0	0.2973	0.108555	0.05418499999999998	1	Muscle_Skeletal	Muscle_Skeletal,Cells_EBV_transformedlymphocytes,Heart_AtrialAppendage	3.309,2.263,2.132	1	Muscle_Skeletal	Muscle_Skeletal	3.309
chr17	55965642	55965676	chr17	55965578	55965676	ANKFN1	perfect	50	0.013107999999999993	0.05484051842592756	0	0.32258	0	0	2	Adipose_Subcutaneous,Adipose_Visceral_Omentum	Adipose_Visceral_Omentum,Adipose_Subcutaneous,Bladder	5.643,3.268,1.958	2	Adipose_Subcutaneous,Adipose_Visceral_Omentum	Adipose_Visceral_Omentum,Adipose_Subcutaneous	5.643,3.268
chr17	56046071	56046325	chr17	56046071	56046325	ANKFN1	perfect	50	0.013107999999999993	0.05484051842592756	0	0.32258	0	0	2	Adipose_Subcutaneous,Adipose_Visceral_Omentum	Adipose_Visceral_Omentum,Adipose_Subcutaneous,Bladder	5.643,3.268,1.958	2	Adipose_Subcutaneous,Adipose_Visceral_Omentum	Adipose_Visceral_Omentum,Adipose_Subcutaneous	5.643,3.268
chr17	57985253	57985259	chr17	57985253	57985348	VEZF1	perfect	50	0.0218138	0.05653541674463714	0	0.29761	0.007925000000000001	0.0085775	2	Cells_Culturedfibroblasts,Cells_EBV_transformedlymphocytes	Cells_Culturedfibroblasts,Cells_EBV_transformedlymphocytes,Testis	4.878,4.542,0.881	2	Cells_Culturedfibroblasts,Cells_EBV_transformedlymphocytes	Cells_Culturedfibroblasts,Cells_EBV_transformedlymphocytes	4.878,4.542
chr17	60421384	60421551	chr17	60421207	60421551	USP32	perfect	50	0.0074606	0.01848970120507796	0	0.11359	0	0.008145000000000001	1	Testis	Testis,Spleen,Lung	5.74,2.211,1.541	1	Testis	Testis	5.74
chr17	60422245	60422337	chr17	60422245	60422470	USP32	perfect	50	0.0081072	0.022423673172132442	0	0.14592	0	0.008145000000000001	1	Testis	Testis,Spleen,Lung	6.146,1.794,1.242	1	Testis	Testis	6.146
chr17	61026865	61026910	chr17	61026865	61026910	BCAS3	perfect	50	0.1420112	0.11989256930285888	0	0.52825	0.09162000000000001	0.11729999999999999	1	Brain_CerebellarHemisphere	Brain_CerebellarHemisphere,Brain_Cerebellum,Muscle_Skeletal	3.222,2.945,2.424	1	Brain_CerebellarHemisphere	Brain_CerebellarHemisphere	3.222
chr17	61739233	61739410	chr17	61739056	61739410	BRIP1	perfect	50	0.005031799999999999	0.021180422197137134	0	0.10942	0	0	2	Cells_EBV_transformedlymphocytes,Testis	Cells_EBV_transformedlymphocytes,Testis,Cells_Culturedfibroblasts	4.929,4.561,1.09	2	Cells_EBV_transformedlymphocytes,Testis	Cells_EBV_transformedlymphocytes,Testis	4.929,4.561
chr17	63544011	63544119	chr17	63544011	63544119	KCNH6	perfect	50	0.01824359999999999	0.05666189630517108	0	0.2386	0	0	2	SmallIntestine_TerminalIleum,Testis	Testis,SmallIntestine_TerminalIleum,Prostate	3.889,3.239,2.937	2	SmallIntestine_TerminalIleum,Testis	Testis,SmallIntestine_TerminalIleum	3.889,3.239
chr17	65826137	65826299	chr17	65826137	65826543	CEP112	perfect	50	0.008984999999999995	0.06353354428961129	0	0.44925	0	0	1	Testis	Testis,Adipose_Subcutaneous,Adipose_Visceral_Omentum	6.93,-0.141,-0.141	1	Testis	Testis	6.93
chr17	67928958	67929120	chr17	67928958	67929120	BPTF	perfect	50	0.06911780000000001	0.03395118880969909	0.02546	0.22331	0.06341	0.022825000000000005	2	Brain_CerebellarHemisphere,Brain_Cerebellum	Brain_Cerebellum,Brain_CerebellarHemisphere,Cells_Culturedfibroblasts	4.542,4.09,1.048	2	Brain_CerebellarHemisphere,Brain_Cerebellum	Brain_Cerebellum,Brain_CerebellarHemisphere	4.542,4.09
chr17	67981435	67981439	chr17	67981435	67981762	BPTF	perfect	50	0.1801052	0.026801307327236474	0.13719	0.29083	0.180905	0.0267125	1	WholeBlood	WholeBlood,Spleen,Heart_LeftVentricle	4.131,2.096,1.669	1	WholeBlood	WholeBlood	4.131
chr17	68540546	68540577	chr17	68540546	68540723	FAM20A	perfect	50	0.013577599999999999	0.05956658259015189	0	0.36842	0	0	1	Cells_EBV_transformedlymphocytes	Cells_EBV_transformedlymphocytes,Brain_CerebellarHemisphere,Brain_Cerebellum	5.957,2.92,1.612	1	Cells_EBV_transformedlymphocytes	Cells_EBV_transformedlymphocytes	5.957
chr17	68551083	68551121	chr17	68551083	68551319	PRKAR1A	perfect	50	0.0144358	0.01799499341823856	0.0025	0.12228	0.010284999999999999	0.00921	1	Testis	Testis,Heart_AtrialAppendage,WholeBlood	5.993,1.511,1.349	1	Testis	Testis	5.993
chr17	73227635	73227655	chr17	73227635	73227700	VCF1	perfect	50	0.007024000000000004	0.04966718031054309	0	0.3512	0	0	1	Testis	Testis,Adipose_Subcutaneous,Adipose_Visceral_Omentum	6.93,-0.141,-0.141	1	Testis	Testis	6.93
chr17	73245167	73245187	chr17	73245167	73245344	MTNAP1	perfect	50	0.0223952	0.07863255064785675	0	0.56043	0.009045000000000001	0.016295	1	Testis	Testis,Cells_EBV_transformedlymphocytes,Cells_Culturedfibroblasts	6.842,0.506,0.316	1	Testis	Testis	6.842
chr17	73250278	73250291	chr17	73249792	73250291	CPSF4L	perfect	50	0.004347799999999995	0.030743588632428712	0	0.21739	0	0	1	Testis	Testis,Adipose_Subcutaneous,Adipose_Visceral_Omentum	6.93,-0.141,-0.141	1	Testis	Testis	6.93
chr17	73250972	73251107	chr17	73250972	73251107	CPSF4L	perfect	50	0.004347799999999995	0.030743588632428712	0	0.21739	0	0	1	Testis	Testis,Adipose_Subcutaneous,Adipose_Visceral_Omentum	6.93,-0.141,-0.141	1	Testis	Testis	6.93
chr17	74450886	74451162	chr17	74450886	74451653	GPRC5C	perfect	50	0.0414028	0.03972441309927225	0	0.19897	0.025689999999999998	0.0295825	2	Skin_NotSunExposed_Suprapubic,Skin_SunExposed_Lowerleg	Skin_SunExposed_Lowerleg,Skin_NotSunExposed_Suprapubic,Liver	3.967,3.966,2.231	2	Skin_NotSunExposed_Suprapubic,Skin_SunExposed_Lowerleg	Skin_SunExposed_Lowerleg,Skin_NotSunExposed_Suprapubic	3.967,3.966
chr17	74671586	74671658	chr17	74670076	74672982	ENSG00000264659,RAB37	perfect	50	0.03625139999999998	0.07739029610133985	0	0.29126	0	0.022845	1	Brain_Cerebellum	Brain_Cerebellum,Brain_CerebellarHemisphere,Brain_FrontalCortex_BA9	3.295,2.992,2.703	1	Brain_Cerebellum	Brain_Cerebellum	3.295
chr17	74698575	74698621	chr17	74698575	74698621	CD300LF	perfect	50	0.012268999999999999	0.0385846853012425	0	0.16667	0	0	2	Brain_Spinalcord_cervicalc_1,SmallIntestine_TerminalIleum	Brain_Spinalcord_cervicalc_1,SmallIntestine_TerminalIleum,Lung	4.002,3.584,2.808	2	Brain_Spinalcord_cervicalc_1,SmallIntestine_TerminalIleum	Brain_Spinalcord_cervicalc_1,SmallIntestine_TerminalIleum	4.002,3.584
chr17	74729255	74729366	chr17	74729255	74729366	RAB37	perfect	50	0.03625139999999998	0.07739029610133985	0	0.29126	0	0.022845	1	Brain_Cerebellum	Brain_Cerebellum,Brain_CerebellarHemisphere,Brain_FrontalCortex_BA9	3.295,2.992,2.703	1	Brain_Cerebellum	Brain_Cerebellum	3.295
chr17	74737009	74737117	chr17	74736597	74737117	RAB37	perfect	50	0.005635199999999998	0.018452543239347797	0	0.10348	0	0	1	Liver	Liver,Cells_EBV_transformedlymphocytes,Spleen	5.303,2.783,2.122	1	Liver	Liver	5.303
chr17	74868544	74868565	chr17	74868544	74868753	FDXR	perfect	50	0.005141	0.018132222107933395	0	0.12153	0	0	1	Heart_AtrialAppendage	Heart_AtrialAppendage,Brain_Cerebellum,Brain_CerebellarHemisphere	6.419,1.119,1.089	1	Heart_AtrialAppendage	Heart_AtrialAppendage	6.419
chr17	75269346	75269448	chr17	75269346	75269469	MIF4GD	perfect	50	0.2103486	0.044233292614850865	0.13058	0.3477	0.206205	0.05253749999999999	1	Testis	Testis,Brain_CerebellarHemisphere,Brain_Cerebellum	3.105,2.75,2.441	1	Testis	Testis	3.105
chr17	75269448	75269469	chr17	75269346	75269469	MIF4GD	perfect	50	0.1747394	0.04227378236144547	0.12007	0.33197	0.16148	0.030945	2	Brain_CerebellarHemisphere,Brain_Cerebellum	Brain_CerebellarHemisphere,Brain_Cerebellum,Pituitary	3.719,3.396,2.09	2	Brain_CerebellarHemisphere,Brain_Cerebellum	Brain_CerebellarHemisphere,Brain_Cerebellum	3.719,3.396
chr17	75973624	75973785	chr17	75973308	75973785	ACOX1	perfect	50	0.0955246	0.07294901776373605	0.01241	0.35383	0.09009500000000001	0.1072025	1	Cells_Culturedfibroblasts	Cells_Culturedfibroblasts,Esophagus_Mucosa,Muscle_Skeletal	3.541,2.795,1.476	1	Cells_Culturedfibroblasts	Cells_Culturedfibroblasts	3.541
chr17	76683896	76683927	chr17	76683846	76683927	MXRA7	perfect	50	0.1567202	0.15076471115128573	0	0.68977	0.104225	0.1554325	1	Brain_Spinalcord_cervicalc_1	Brain_Spinalcord_cervicalc_1,Brain_Substantianigra,Brain_Amygdala	3.536,2.358,2.124	1	Brain_Spinalcord_cervicalc_1	Brain_Spinalcord_cervicalc_1	3.536
chr17	76716688	76716722	chr17	76712831	76716722	JMJD6,SNHG16	perfect	50	0.1391686	0.1589856949669449	0.01673	0.64737	0.05031	0.2268725	1	Brain_CerebellarHemisphere	Brain_CerebellarHemisphere,Brain_Cerebellum,Brain_FrontalCortex_BA9	3.197,2.915,1.785	1	Brain_CerebellarHemisphere	Brain_CerebellarHemisphere	3.197
chr17	76781040	76781223	chr17	76781040	76781449	MFSD11	perfect	50	0.046436000000000005	0.022532466372244438	0.02462	0.14021	0.04057	0.014585000000000008	2	Brain_CerebellarHemisphere,Brain_Cerebellum	Brain_Cerebellum,Brain_CerebellarHemisphere,Brain_Nucleusaccumbens_basalganglia	4.162,4.059,1.169	2	Brain_CerebellarHemisphere,Brain_Cerebellum	Brain_Cerebellum,Brain_CerebellarHemisphere	4.162,4.059
chr17	79092599	79092641	chr17	79091946	79092641	RBFOX3	perfect	50	0.0416562	0.050457798810248436	0	0.21244	0.01928	0.07799	1	Pituitary	Pituitary,Brain_Substantianigra,Brain_Hypothalamus	3.385,2.399,1.968	1	Pituitary	Pituitary	3.385
chr17	79183263	79183368	chr17	79183263	79183692	ENSG00000295009,RBFOX3	perfect	50	0.004070399999999999	0.01968452525540335	0	0.13708	0	0	1	Testis	Testis,Brain_Caudate_basalganglia,Brain_Nucleusaccumbens_basalganglia	6.757,0.812,0.693	1	Testis	Testis	6.757
chr17	79944095	79944107	chr17	79943855	79944107	TBC1D16	perfect	50	0.0414086	0.021796641944134797	0	0.11673	0.037114999999999995	0.0228475	1	Testis	Testis,Skin_SunExposed_Lowerleg,Skin_NotSunExposed_Suprapubic	3.456,2.394,2.188	1	Testis	Testis	3.456
chr17	80067504	80067679	chr17	80067504	80067901	CCDC40	perfect	50	0.1213612	0.06654996949170554	0	0.34591	0.10805500000000001	0.06325999999999998	1	Cells_Culturedfibroblasts	Cells_Culturedfibroblasts,Heart_LeftVentricle,Heart_AtrialAppendage	3.374,2.662,2.154	1	Cells_Culturedfibroblasts	Cells_Culturedfibroblasts	3.374
chr17	80278763	80278910	chr17	80278763	80278910	RNF213	perfect	50	0.0645436	0.031649861447289984	0.00358	0.1891	0.066555	0.035297499999999996	1	Cells_Culturedfibroblasts	Cells_Culturedfibroblasts,Cells_EBV_transformedlymphocytes,Muscle_Skeletal	3.935,2.451,1.47	1	Cells_Culturedfibroblasts	Cells_Culturedfibroblasts	3.935
chr17	80427667	80427850	chr17	80427667	80427850	ENDOV	perfect	50	0.0237474	0.024341952515887343	0	0.15133	0.02079	0.0232725	1	Testis	Testis,Kidney_Cortex,Liver	5.241,1.574,1.429	1	Testis	Testis	5.241
chr17	82559388	82559447	chr17	82559339	82559480	FOXK2	perfect	50	0.006436199999999999	0.02526966075460969	0	0.11602	0	0	3	Cells_Culturedfibroblasts,Cells_EBV_transformedlymphocytes,Testis	Cells_EBV_transformedlymphocytes,Cells_Culturedfibroblasts,Testis	4.337,3.719,3.658	2	Cells_Culturedfibroblasts,Cells_EBV_transformedlymphocytes	Cells_EBV_transformedlymphocytes,Cells_Culturedfibroblasts	4.337,3.719
chr18	598520	598582	chr18	597673	598582	CLUL1	perfect	50	0.051328599999999995	0.0797569190398845	0	0.44444	0	0.0868425	1	Pancreas	Pancreas,Brain_Nucleusaccumbens_basalganglia,Testis	4.929,1.569,1.503	1	Pancreas	Pancreas	4.929
chr18	613158	613281	chr18	613158	613281	CLUL1	perfect	50	0.005039	0.025376059925586135	0	0.14925	0	0	2	Brain_Hippocampus,Brain_Spinalcord_cervicalc_1	Brain_Hippocampus,Brain_Spinalcord_cervicalc_1,Adipose_Subcutaneous	5.683,3.849,-0.199	2	Brain_Hippocampus,Brain_Spinalcord_cervicalc_1	Brain_Hippocampus,Brain_Spinalcord_cervicalc_1	5.683,3.849
chr18	775188	775195	chr18	775188	775266	YES1	perfect	50	0.1854798	0.18653374206435314	0	1	0.16249	0.24481000000000003	1	WholeBlood	WholeBlood,Liver,Spleen	4.367,2.148,1.9	1	WholeBlood	WholeBlood	4.367
chr18	3845231	3845282	chr18	3845231	3845359	DLGAP1	perfect	50	0.2248558	0.24365465702539585	0	1	0.17222500000000002	0.3302475	2	Colon_Sigmoid,Spleen	Colon_Sigmoid,Spleen,Pituitary	3.181,3.181,1.919	2	Colon_Sigmoid,Spleen	Colon_Sigmoid,Spleen	3.181,3.181
chr18	3874613	3874706	chr18	3874613	3874767	DLGAP1	perfect	50	0.019311800000000007	0.04556100595949151	0	0.20583	0	0	1	Brain_Nucleusaccumbens_basalganglia	Brain_Nucleusaccumbens_basalganglia,Brain_Hippocampus,Brain_Anteriorcingulatecortex_BA24	4.094,2.505,2.342	1	Brain_Nucleusaccumbens_basalganglia	Brain_Nucleusaccumbens_basalganglia	4.094
chr18	6032117	6032275	chr18	6029386	6032275	L3MBTL4	perfect	50	0.0474308	0.036372094979867334	0	0.22222	0.03948	0.013207500000000004	2	Cells_Culturedfibroblasts,WholeBlood	Cells_Culturedfibroblasts,WholeBlood,Esophagus_Mucosa	4.806,4.195,0.948	2	Cells_Culturedfibroblasts,WholeBlood	Cells_Culturedfibroblasts,WholeBlood	4.806,4.195
chr18	6046727	6046754	chr18	6046727	6046754	L3MBTL4	perfect	50	0.005401599999999995	0.028945706837569724	0	0.2	0	0	1	WholeBlood	WholeBlood,Testis,Skin_NotSunExposed_Suprapubic	6.723,1.21,0.838	1	WholeBlood	WholeBlood	6.723
chr18	6850864	6850876	chr18	6850790	6850876	ARHGAP28	perfect	50	0.011800999999999997	0.028367274062819324	0	0.18796	0	0.01848	1	Testis	Testis,Kidney_Cortex,AdrenalGland	6.21,1.164,0.967	1	Testis	Testis	6.21
chr18	6898435	6898571	chr18	6896759	6898721	ARHGAP28	perfect	50	0.023503399999999997	0.03241085611838309	0	0.18935	0.017044999999999998	0.039705000000000004	1	Testis	Testis,Pituitary,Skin_NotSunExposed_Suprapubic	5.117,1.266,1.203	1	Testis	Testis	5.117
chr18	8809447	8809561	chr18	8809447	8810198	MTCL1	perfect	50	0.2662702	0.07301539841760527	0.07535	0.5	0.275945	0.070805	1	WholeBlood	WholeBlood,Adipose_Visceral_Omentum,Colon_Transverse	3.201,1.284,1.258	1	WholeBlood	WholeBlood	3.201
chr18	8828907	8828943	chr18	8828907	8828964	MTCL1	perfect	50	0.2105378	0.07418295712435764	0	0.46835	0.21453	0.06806750000000003	1	Muscle_Skeletal	Muscle_Skeletal,Cells_Culturedfibroblasts,Cells_EBV_transformedlymphocytes	3.475,1.96,1.655	1	Muscle_Skeletal	Muscle_Skeletal	3.475
chr18	21434946	21435075	chr18	21434946	21435075	GREB1L	perfect	50	0.0087914	0.031075123853169025	0	0.18845	0	0	1	Cells_Culturedfibroblasts	Cells_Culturedfibroblasts,Heart_AtrialAppendage,Heart_LeftVentricle	5.781,2.643,1.532	1	Cells_Culturedfibroblasts	Cells_Culturedfibroblasts	5.781
chr18	27933094	27933124	chr18	27932878	27933124	CDH2	perfect	50	0.006103600000000002	0.02742087308334768	0	0.19264	0	0	1	Testis	Testis,Spleen,Kidney_Cortex	6.803,0.515,0.438	1	Testis	Testis	6.803
chr18	28036469	28036548	chr18	28036469	28036585	CDH2	perfect	50	0.0026674	0.018861366281369973	0	0.13337	0	0	1	Testis	Testis,Adipose_Subcutaneous,Adipose_Visceral_Omentum	6.93,-0.141,-0.141	1	Testis	Testis	6.93
chr18	32136418	32136460	chr18	32136367	32136460	GAREM1	perfect	50	0.06987360000000001	0.13328747326599247	0	0.9375	0.04725	0.04520999999999999	1	Cells_EBV_transformedlymphocytes	Cells_EBV_transformedlymphocytes,Testis,Thyroid	6.509,0.984,0.691	1	Cells_EBV_transformedlymphocytes	Cells_EBV_transformedlymphocytes	6.509
chr18	34023439	34023458	chr18	34023439	34023639	NOL4	perfect	50	0.0331842	0.06649442318460293	0	0.35484	0	0.0512175	2	Liver,Testis	Liver,Testis,Thyroid	4.837,3.26,1.332	2	Liver,Testis	Liver,Testis	4.837,3.26
chr18	34829040	34829068	chr18	34829040	34829328	DTNA	perfect	50	0.0971858	0.14314928019649806	0	0.73353	0.072905	0.047417499999999994	2	Heart_AtrialAppendage,Heart_LeftVentricle	Heart_LeftVentricle,Heart_AtrialAppendage,Muscle_Skeletal	4.445,4.436,1.882	2	Heart_AtrialAppendage,Heart_LeftVentricle	Heart_LeftVentricle,Heart_AtrialAppendage	4.445,4.436
chr18	34978517	34978541	chr18	34978243	34978541	MAPRE2	perfect	50	0.0228326	0.049352191308791864	0	0.26552	0.01078	0.0202675	2	Skin_NotSunExposed_Suprapubic,Skin_SunExposed_Lowerleg	Skin_SunExposed_Lowerleg,Skin_NotSunExposed_Suprapubic,Brain_Spinalcord_cervicalc_1	4.917,4.193,0.944	2	Skin_NotSunExposed_Suprapubic,Skin_SunExposed_Lowerleg	Skin_SunExposed_Lowerleg,Skin_NotSunExposed_Suprapubic	4.917,4.193
chr18	35005491	35005553	chr18	35005491	35005553	MAPRE2	perfect	50	0.0228326	0.049352191308791864	0	0.26552	0.01078	0.0202675	2	Skin_NotSunExposed_Suprapubic,Skin_SunExposed_Lowerleg	Skin_SunExposed_Lowerleg,Skin_NotSunExposed_Suprapubic,Brain_Spinalcord_cervicalc_1	4.917,4.193,0.944	2	Skin_NotSunExposed_Suprapubic,Skin_SunExposed_Lowerleg	Skin_SunExposed_Lowerleg,Skin_NotSunExposed_Suprapubic	4.917,4.193
chr18	35257927	35257935	chr18	35257927	35259227	ZNF397	perfect	50	0.1109594	0.03111155841451199	0.06472	0.21093	0.104215	0.024954999999999977	1	Testis	Testis,Muscle_Skeletal,Brain_CerebellarHemisphere	3.213,2.868,2.383	1	Testis	Testis	3.213
chr18	35443890	35444022	chr18	35443868	35444022	ENSG00000267140,ZNF24TR	perfect	50	0.019999999999999993	0.14142135623730942	0	1	0	0	1	Esophagus_Mucosa	Esophagus_Mucosa,Adipose_Subcutaneous,Adipose_Visceral_Omentum	6.93,-0.141,-0.141	1	Esophagus_Mucosa	Esophagus_Mucosa	6.93
chr18	35446874	35446955	chr18	35446874	35446955	ENSG00000267140,ZNF24TR	perfect	50	0.019999999999999993	0.14142135623730942	0	1	0	0	1	Esophagus_Mucosa	Esophagus_Mucosa,Adipose_Subcutaneous,Adipose_Visceral_Omentum	6.93,-0.141,-0.141	1	Esophagus_Mucosa	Esophagus_Mucosa	6.93
chr18	35487439	35487470	chr18	35487385	35487823	INO80C	perfect	50	0.0269634	0.023913056258718854	0	0.10448	0.0281	0.032850000000000004	2	Brain_CerebellarHemisphere,Brain_Cerebellum	Brain_CerebellarHemisphere,Brain_Cerebellum,Brain_Cortex	3.242,3.14,1.461	2	Brain_CerebellarHemisphere,Brain_Cerebellum	Brain_CerebellarHemisphere,Brain_Cerebellum	3.242,3.14
chr18	36783044	36783131	chr18	36782984	36783131	TPGS2	perfect	50	0.0869134	0.061367370330374316	0	0.28003	0.07636	0.07233999999999999	1	Cells_Culturedfibroblasts	Cells_Culturedfibroblasts,Muscle_Skeletal,Brain_Spinalcord_cervicalc_1	3.147,1.816,1.626	1	Cells_Culturedfibroblasts	Cells_Culturedfibroblasts	3.147
chr18	44876564	44876750	chr18	44876564	44877414	SETBP1	perfect	50	0.1017758	0.04158488889056717	0.05132	0.33333	0.09817000000000001	0.043704999999999994	1	WholeBlood	WholeBlood,Cells_Culturedfibroblasts,Esophagus_Mucosa	5.568,1.16,1.091	1	WholeBlood	WholeBlood	5.568
chr18	46477185	46477217	chr18	46476971	46477220	LOXHD1	perfect	50	0.0027550000000000027	0.019480791821689387	0	0.13775	0	0	1	Testis	Testis,Adipose_Subcutaneous,Adipose_Visceral_Omentum	6.93,-0.141,-0.141	1	Testis	Testis	6.93
chr18	46477217	46477220	chr18	46476971	46477220	LOXHD1	perfect	50	0.0506258	0.10706701228078937	0	0.5469	0	0	1	Testis	Testis,Brain_Nucleusaccumbens_basalganglia,WholeBlood	4.635,1.862,1.862	1	Testis	Testis	4.635
chr18	46818379	46818447	chr18	46815710	46818447	PIAS2	perfect	50	0.2810412	0.0574994875093399	0.15257	0.52472	0.281875	0.06955	1	Testis	Testis,Ovary,Pancreas	4.238,1.375,1.182	1	Testis	Testis	4.238
chr18	46962770	46964408	chr18	46962767	46964408	ELOA3DP	perfect	50	0.01999999999999999	0.14142135623730948	0	1	0	0	1	Testis	Testis,Adipose_Subcutaneous,Adipose_Visceral_Omentum	6.93,-0.141,-0.141	1	Testis	Testis	6.93
chr18	46968697	46969912	chr18	46968694	46969912	ELOA3CP,ENSG00000293284	perfect	50	0.009999999999999995	0.07071067811865474	0	0.5	0	0	1	Testis	Testis,Adipose_Subcutaneous,Adipose_Visceral_Omentum	6.93,-0.141,-0.141	1	Testis	Testis	6.93
chr18	47231125	47231164	chr18	47231122	47231164	SKOR2	perfect	50	0.0030588	0.021628982222934114	0	0.15294	0	0	1	Testis	Testis,Adipose_Subcutaneous,Adipose_Visceral_Omentum	6.93,-0.141,-0.141	1	Testis	Testis	6.93
chr18	49093216	49093311	chr18	49093216	49093311	DYM	perfect	50	0.123289	0.10000670684141792	0.01282	0.48738	0.085395	0.12529250000000003	1	Testis	Testis,Liver,Brain_Substantianigra	3.641,2.1,2.034	1	Testis	Testis	3.641
chr18	50267590	50267663	chr18	50266745	50267663	MBD1	perfect	50	0.0555578	0.03196713307605236	0.01764	0.15225	0.039465	0.04559250000000001	1	Muscle_Skeletal	Muscle_Skeletal,Brain_CerebellarHemisphere,Brain_Amygdala	3.025,1.972,1.735	1	Muscle_Skeletal	Muscle_Skeletal	3.025
chr18	50275369	50275444	chr18	50275369	50275444	MBD1	perfect	50	0.0654604	0.09210443708339454	0.00999	0.60872	0.0298	0.0789075	1	Testis	Testis,Brain_FrontalCortex_BA9,Brain_Anteriorcingulatecortex_BA24	5.898,1.222,1.136	1	Testis	Testis	5.898
chr18	50704529	50704826	chr18	50704529	50706139	MAPK4	perfect	50	0.007494199999999998	0.03339990810753581	0	0.23708	8.95e-4	0.0045525	1	Testis	Testis,Ovary,Prostate	6.874,0.262,0.197	1	Testis	Testis	6.874
chr18	53530346	53530416	chr18	53530296	53530451	DCC	perfect	50	0.0102684	0.03294036636352525	0	0.15527	0	0	3	AdrenalGland,Lung,Testis	Testis,Lung,AdrenalGland	4.402,4.025,3.061	3	AdrenalGland,Lung,Testis	Testis,Lung,AdrenalGland	4.402,4.025,3.061
chr18	54202898	54203102	chr18	54202679	54203126	MBD2	perfect	50	0.007008199999999999	0.04382531454140474	0	0.31062	6.95e-4	0.0015525	1	Testis	Testis,Esophagus_Mucosa,Brain_Spinalcord_cervicalc_1	6.928,-0.058,-0.078	1	Testis	Testis	6.928
chr18	54203105	54203126	chr18	54202679	54203126	MBD2	perfect	50	0.0051813999999999975	0.03171131601346942	0	0.22446	0	0	1	Testis	Testis,Esophagus_Mucosa,Prostate	6.915,0.105,0.065	1	Testis	Testis	6.915
chr18	54587847	54587866	chr18	54587756	54587866	DYNAP	perfect	50	0.04082760000000001	0.16552955684723142	0	0.83333	0	0	3	Esophagus_Mucosa,Spleen,Testis	Testis,Spleen,Esophagus_Mucosa	4.788,3.584,3.22	3	Esophagus_Mucosa,Spleen,Testis	Testis,Spleen,Esophagus_Mucosa	4.788,3.584,3.22
chr18	55321669	55321738	chr18	55321669	55322345	TCF4	perfect	50	0.0725648	0.03169192765564462	0	0.18561	0.06564500000000001	0.0387375	1	Cells_EBV_transformedlymphocytes	Cells_EBV_transformedlymphocytes,Brain_Hippocampus,Brain_Spinalcord_cervicalc_1	3.567,1.987,1.551	1	Cells_EBV_transformedlymphocytes	Cells_EBV_transformedlymphocytes	3.567
chr18	55631297	55631388	chr18	55631297	55631388	TCF4	perfect	50	0.003855000000000002	0.027258966414741407	0	0.19275	0	0	1	Testis	Testis,Adipose_Subcutaneous,Adipose_Visceral_Omentum	6.93,-0.141,-0.141	1	Testis	Testis	6.93
chr18	55635702	55635897	chr18	55635702	55636310	RPL21P126,TCF4	perfect	50	0.003855000000000002	0.027258966414741407	0	0.19275	0	0	1	Testis	Testis,Adipose_Subcutaneous,Adipose_Visceral_Omentum	6.93,-0.141,-0.141	1	Testis	Testis	6.93
chr18	56604435	56604478	chr18	56604435	56604478	TXNL1	perfect	50	0.008207000000000004	0.03371431345337843	0	0.17416	0	0	2	Heart_LeftVentricle,Muscle_Skeletal	Muscle_Skeletal,Heart_LeftVentricle,Heart_AtrialAppendage	4.922,3.867,2.652	2	Heart_LeftVentricle,Muscle_Skeletal	Muscle_Skeletal,Heart_LeftVentricle	4.922,3.867
chr18	56605181	56605272	chr18	56605181	56605272	TXNL1	perfect	50	0.008207000000000004	0.03371431345337843	0	0.17416	0	0	2	Heart_LeftVentricle,Muscle_Skeletal	Muscle_Skeletal,Heart_LeftVentricle,Heart_AtrialAppendage	4.922,3.867,2.652	2	Heart_LeftVentricle,Muscle_Skeletal	Muscle_Skeletal,Heart_LeftVentricle	4.922,3.867
chr18	58149535	58149559	chr18	58149332	58149569	NEDD4L	perfect	50	0.019698399999999998	0.027546855767834503	0	0.11628	0.0039900000000000005	0.0289475	2	Cells_Culturedfibroblasts,Cells_EBV_transformedlymphocytes	Cells_Culturedfibroblasts,Cells_EBV_transformedlymphocytes,Adipose_Subcutaneous	3.506,3.124,1.689	2	Cells_Culturedfibroblasts,Cells_EBV_transformedlymphocytes	Cells_Culturedfibroblasts,Cells_EBV_transformedlymphocytes	3.506,3.124
chr18	58255640	58256774	chr18	58255439	58256774	NEDD4L	perfect	50	0.0069486	0.02719157012301978	0	0.16645	0	0.001515	1	Muscle_Skeletal	Muscle_Skeletal,Heart_LeftVentricle,Heart_AtrialAppendage	5.866,2.995,1.741	1	Muscle_Skeletal	Muscle_Skeletal	5.866
chr18	59276698	59276734	chr18	59275155	59276734	CPLX4	perfect	50	0.004444400000000005	0.03142665378305492	0	0.22222	0	0	1	Testis	Testis,Adipose_Subcutaneous,Adipose_Visceral_Omentum	6.93,-0.141,-0.141	1	Testis	Testis	6.93
chr18	59900427	59900578	chr18	59900427	59900714	PMAIP1	perfect	50	0.0276788	0.0460878397189452	0	0.17431	0	0.03108	1	Bladder	Bladder,Artery_Aorta,Liver	3.182,2.738,2.499	1	Bladder	Bladder	3.182
chr18	63603939	63603993	chr18	63603939	63604639	SERPINB13	perfect	50	0.010617599999999998	0.03759019746081226	0	0.22222	0	0	1	MinorSalivaryGland	MinorSalivaryGland,Esophagus_Mucosa,Vagina	5.629,2.596,1.787	1	MinorSalivaryGland	MinorSalivaryGland	5.629
chr18	79400391	79400479	chr18	79400273	79400479	NFATC1	perfect	50	0.4208762	0.09543548963139274	0.21974	0.79351	0.40986999999999996	0.07352500000000001	1	Cells_Culturedfibroblasts	Cells_Culturedfibroblasts,WholeBlood,Cells_EBV_transformedlymphocytes	3.905,2.992,2.02	1	Cells_Culturedfibroblasts	Cells_Culturedfibroblasts	3.905
chr18	80202007	80202018	chr18	80201963	80202018	PARD6G	perfect	50	0.0626878	0.10561724177598723	0	0.48905	0.003545	0.08905750000000001	2	Heart_AtrialAppendage,Heart_LeftVentricle	Heart_AtrialAppendage,Heart_LeftVentricle,Colon_Sigmoid	4.037,3.545,1.885	2	Heart_AtrialAppendage,Heart_LeftVentricle	Heart_AtrialAppendage,Heart_LeftVentricle	4.037,3.545
chr19	290951	291066	chr19	290951	291185	PLPP2	perfect	50	0.0147806	0.02173358685518423	0	0.14538	0.015870000000000002	0.02148	1	Testis	Testis,Pituitary,Uterus	6.009,0.79,0.691	1	Testis	Testis	6.009
chr19	1104734	1104929	chr19	1104649	1104929	GPX4	perfect	50	0.0277026	0.012748746366540019	0.01124	0.10089	0.0261	0.010000000000000002	1	Testis	Testis,Pituitary,Brain_Cerebellum	5.741,1.169,1.001	1	Testis	Testis	5.741
chr19	1612430	1612433	chr19	1612206	1612433	TCF3	perfect	50	0.3437944	0.028420673429813054	0.27909	0.45132	0.34919	0.0378	1	Cells_Culturedfibroblasts	Cells_Culturedfibroblasts,Ovary,Heart_AtrialAppendage	3.783,1.575,1.5	1	Cells_Culturedfibroblasts	Cells_Culturedfibroblasts	3.783
chr19	1862793	1862839	chr19	1862793	1862858	KLF16	perfect	50	0.0400078	0.049705009984006676	0	0.28145	0.02759	0.06055	1	Testis	Testis,Artery_Aorta,Uterus	4.858,1.686,1.571	1	Testis	Testis	4.858
chr19	2227362	2227467	chr19	2227362	2227467	DOT1L	perfect	50	0.1029392	0.0472002988938997	0.0497	0.38469	0.0937	0.0309025	1	Testis	Testis,Liver,Kidney_Cortex	5.969,1.436,1.142	1	Testis	Testis	5.969
chr19	2227736	2228344	chr19	2227736	2228382	DOT1L	perfect	50	0.1074968	0.07541146728259758	0.0497	0.60258	0.0937	0.0313025	1	Testis	Testis,Liver,Kidney_Cortex	6.565,0.838,0.684	1	Testis	Testis	6.565
chr19	3045725	3045730	chr19	3045725	3045799	TLE2	perfect	50	0.0526018	0.017061515315385762	0	0.12023	0.052724999999999994	0.0157025	1	Cells_Culturedfibroblasts	Cells_Culturedfibroblasts,AdrenalGland,Esophagus_Muscularis	3.964,1.213,1.077	1	Cells_Culturedfibroblasts	Cells_Culturedfibroblasts	3.964
chr19	3045730	3045788	chr19	3045725	3045799	TLE2	perfect	50	0.052107	0.01709678442734487	0	0.12023	0.052724999999999994	0.0160425	1	Cells_Culturedfibroblasts	Cells_Culturedfibroblasts,AdrenalGland,Esophagus_Muscularis	3.985,1.239,1.103	1	Cells_Culturedfibroblasts	Cells_Culturedfibroblasts	3.985
chr19	3115259	3115347	chr19	3115259	3115428	GNA11	perfect	50	0.009638400000000002	0.014644537236018858	0	0.10306	0.009275	0.011865	1	Testis	Testis,Skin_NotSunExposed_Suprapubic,MinorSalivaryGland	6.379,0.609,0.503	1	Testis	Testis	6.379
chr19	3637535	3637613	chr19	3636600	3638006	PIP5K1C	perfect	50	0.0224076	0.038009991358878795	0	0.25196	0.00872	0.0228125	1	Testis	Testis,Bladder,Esophagus_Muscularis	6.039,1.227,1.047	1	Testis	Testis	6.039
chr19	3853395	3853423	chr19	3853391	3853423	ZFR2	perfect	50	0.0125304	0.024181118368491985	0	0.11557	0	0.0222575	2	Pituitary,Testis	Testis,Pituitary,Brain_Cerebellum	4.261,3.09,1.994	1	Testis	Testis	4.261
chr19	3855401	3855448	chr19	3855401	3855696	ZFR2	perfect	50	0.0172896	0.03844002160588914	0	0.2055	0	0.0222575	2	Pituitary,Testis	Testis,Pituitary,Brain_Spinalcord_cervicalc_1	4.896,3.283,1.466	2	Pituitary,Testis	Testis,Pituitary	4.896,3.283
chr19	5140251	5140332	chr19	5140251	5141503	KDM4B	perfect	50	0.0238846	0.015304179662525437	0.00917	0.10233	0.02068	0.006784999999999999	1	Cells_EBV_transformedlymphocytes	Cells_EBV_transformedlymphocytes,WholeBlood,Spleen	5.126,2.634,2.315	1	Cells_EBV_transformedlymphocytes	Cells_EBV_transformedlymphocytes	5.126
chr19	6436322	6436417	chr19	6436078	6436464	SLC25A23	perfect	50	0.0472404	0.017932294771029783	0	0.1069	0.044735	0.015919999999999997	1	Heart_AtrialAppendage	Heart_AtrialAppendage,Heart_LeftVentricle,Testis	3.327,2.604,2.512	1	Heart_AtrialAppendage	Heart_AtrialAppendage	3.327
chr19	6436417	6436464	chr19	6436078	6436464	SLC25A23	perfect	50	0.101846	0.03682895937953707	0	0.21886	0.09695000000000001	0.03823499999999999	1	Testis	Testis,Heart_AtrialAppendage,Pituitary	3.177,2.428,1.926	1	Testis	Testis	3.177
chr19	6438446	6438534	chr19	6438446	6438534	SLC25A23	perfect	50	0.0472404	0.017932294771029783	0	0.1069	0.044735	0.015919999999999997	1	Heart_AtrialAppendage	Heart_AtrialAppendage,Heart_LeftVentricle,Testis	3.327,2.604,2.512	1	Heart_AtrialAppendage	Heart_AtrialAppendage	3.327
chr19	7355618	7355703	chr19	7355615	7355703	ARHGEF18	perfect	50	0.0169632	0.03848876297395522	0	0.19269	3.95e-4	0.010717500000000001	2	Colon_Sigmoid,Uterus	Colon_Sigmoid,Uterus,AdrenalGland	4.566,3.368,2.47	2	Colon_Sigmoid,Uterus	Colon_Sigmoid,Uterus	4.566,3.368
chr19	8054041	8054109	chr19	8054041	8054843	CCL25	perfect	50	0.023477200000000014	0.14173115698881372	0	1	0	0	1	Spleen	Spleen,Cells_EBV_transformedlymphocytes,Testis	6.89,0.416,0.305	1	Spleen	Spleen	6.89
chr19	9913482	9913617	chr19	9913482	9913836	OLFM2	perfect	50	0.051009	0.06679279541528227	0	0.31576	0.029945	0.06207250000000001	1	Pituitary	Pituitary,Artery_Aorta,Colon_Sigmoid	3.964,2.882,2.623	1	Pituitary	Pituitary	3.964
chr19	10453263	10453329	chr19	10452938	10453329	PDE4A	perfect	50	0.0427898	0.11293418696600896	0	0.73953	0	0.0373275	1	Testis	Testis,Brain_CerebellarHemisphere,Brain_Cerebellum	6.169,1.136,0.955	1	Testis	Testis	6.169
chr19	11039457	11039553	chr19	11039457	11040495	SMARCA4	perfect	50	0.0215996	0.014984079573102287	0.00414	0.10705	0.020075	0.006144999999999998	1	Testis	Testis,Muscle_Skeletal,Brain_Spinalcord_cervicalc_1	5.703,2.291,1.44	1	Testis	Testis	5.703
chr19	11137311	11137415	chr19	11137311	11137415	SPC24	perfect	50	0.020163800000000003	0.09904817232219555	0	0.66667	0	0	1	Pituitary	Pituitary,Ovary,Brain_FrontalCortex_BA9	6.527,2.04,0.47	1	Pituitary	Pituitary	6.527
chr19	11229297	11229390	chr19	11229297	11229390	DOCK6	perfect	50	0.0292368	0.018168163278052055	0	0.10925	0.022080000000000002	0.020309999999999995	1	Cells_EBV_transformedlymphocytes	Cells_EBV_transformedlymphocytes,Pancreas,Stomach	4.404,2.134,1.273	1	Cells_EBV_transformedlymphocytes	Cells_EBV_transformedlymphocytes	4.404
chr19	12513743	12513833	chr19	12513743	12513854	ZNF709	perfect	50	0.0208192	0.10610836757171743	0	0.72297	0	0	1	Testis	Testis,Brain_Caudate_basalganglia,Brain_Nucleusaccumbens_basalganglia	6.617,1.375,1.23	1	Testis	Testis	6.617
chr19	12834784	12834846	chr19	12834784	12835428	RTBDN	perfect	50	0.04180100000000001	0.1462792977561787	0	1	0	0.030157500000000004	1	Brain_Spinalcord_cervicalc_1	Brain_Spinalcord_cervicalc_1,Brain_Substantianigra,Brain_Cerebellum	6.55,1.423,0.566	1	Brain_Spinalcord_cervicalc_1	Brain_Spinalcord_cervicalc_1	6.55
chr19	12835082	12835098	chr19	12834784	12835428	RTBDN	perfect	50	0.04180100000000001	0.1462792977561787	0	1	0	0.030157500000000004	1	Brain_Spinalcord_cervicalc_1	Brain_Spinalcord_cervicalc_1,Brain_Substantianigra,Brain_Cerebellum	6.55,1.423,0.566	1	Brain_Spinalcord_cervicalc_1	Brain_Spinalcord_cervicalc_1	6.55
chr19	12970450	12970525	chr19	12970450	12970535	DAND5	perfect	50	0.008332800000000001	0.038591249512535605	0	0.20588	0	0	2	Brain_CerebellarHemisphere,Brain_Cerebellum	Brain_Cerebellum,Brain_CerebellarHemisphere,Heart_AtrialAppendage	5.119,4.535,0.297	2	Brain_CerebellarHemisphere,Brain_Cerebellum	Brain_Cerebellum,Brain_CerebellarHemisphere	5.119,4.535
chr19	13519430	13519503	chr19	13518796	13519503	CACNA1A	perfect	50	0.011745999999999998	0.024750880338909556	0	0.1085	0	0.0085325	1	Brain_Nucleusaccumbens_basalganglia	Brain_Nucleusaccumbens_basalganglia,Brain_Caudate_basalganglia,Brain_Putamen_basalganglia	3.909,2.778,2.594	1	Brain_Nucleusaccumbens_basalganglia	Brain_Nucleusaccumbens_basalganglia	3.909
chr19	13599752	13599946	chr19	13599752	13600056	CACNA1A	perfect	50	0.0118626	0.025195260552860557	0	0.1132	0	0.0085325	1	Brain_Nucleusaccumbens_basalganglia	Brain_Nucleusaccumbens_basalganglia,Brain_Caudate_basalganglia,Brain_Putamen_basalganglia	4.022,2.769,2.543	1	Brain_Nucleusaccumbens_basalganglia	Brain_Nucleusaccumbens_basalganglia	4.022
chr19	13888362	13888380	chr19	13888362	13888380	BRME1	perfect	50	0.283088	0.14086385541814944	0.07778	1	0.269245	0.17765250000000002	1	WholeBlood	WholeBlood,Esophagus_Mucosa,Kidney_Cortex	5.089,1.17,0.937	1	WholeBlood	WholeBlood	5.089
chr19	13953118	13953136	chr19	13953029	13953392	DCAF15,PODNL1	perfect	50	0.2126232	0.10175651644258767	0.06949	0.55556	0.19848500000000002	0.09578500000000004	1	Cells_EBV_transformedlymphocytes	Cells_EBV_transformedlymphocytes,WholeBlood,Liver	3.37,2.824,1.841	1	Cells_EBV_transformedlymphocytes	Cells_EBV_transformedlymphocytes	3.37
chr19	13983312	13983357	chr19	13983312	13983357	RFX1	perfect	50	0.0248896	0.021335919599184308	0	0.12492	0.02366	0.015192500000000001	1	Testis	Testis,Muscle_Skeletal,Cells_EBV_transformedlymphocytes	4.688,2.326,2.101	1	Testis	Testis	4.688
chr19	14030244	14030356	chr19	14030244	14030356	RLN3	perfect	50	0.0026665999999999986	0.01885570942712048	0	0.13333	0	0	1	Testis	Testis,Adipose_Subcutaneous,Adipose_Visceral_Omentum	6.93,-0.141,-0.141	1	Testis	Testis	6.93
chr19	14167015	14167030	chr19	14167015	14167030	ADGRL1	perfect	50	0.1631052	0.13797808834088143	0	0.58297	0.107605	0.1457625	1	Brain_Cerebellum	Brain_Cerebellum,Brain_CerebellarHemisphere,Brain_Spinalcord_cervicalc_1	3.043,2.84,2.449	1	Brain_Cerebellum	Brain_Cerebellum	3.043
chr19	15249282	15249290	chr19	15247046	15249290	BRD4	perfect	50	0.3754926	0.08874294896531908	0.24281	0.69756	0.35329	0.13526	1	Muscle_Skeletal	Muscle_Skeletal,Heart_LeftVentricle,Brain_Spinalcord_cervicalc_1	3.629,1.869,1.843	1	Muscle_Skeletal	Muscle_Skeletal	3.629
chr19	15643906	15644051	chr19	15643906	15644051	CYP4F3	perfect	50	0.020373600000000002	0.0458419361862708	0	0.2033	0	0	2	Esophagus_Mucosa,Vagina	Esophagus_Mucosa,Vagina,Bladder	3.99,3.15,2.029	2	Esophagus_Mucosa,Vagina	Esophagus_Mucosa,Vagina	3.99,3.15
chr19	16384272	16384275	chr19	16382988	16384275	EPS15L1	perfect	50	0.058174	0.03212245460415375	0.02826	0.23682	0.048424999999999996	0.021659999999999992	1	Testis	Testis,Prostate,Liver	5.561,1.794,1.35	1	Testis	Testis	5.561
chr19	17523438	17523459	chr19	17523300	17523459	NIBAN3	perfect	50	0.0111144	0.03277340404806859	0	0.15385	0	0	2	Brain_CerebellarHemisphere,Testis	Testis,Brain_CerebellarHemisphere,WholeBlood	4.355,3.251,2.617	2	Brain_CerebellarHemisphere,Testis	Testis,Brain_CerebellarHemisphere	4.355,3.251
chr19	17820395	17820490	chr19	17820395	17820490	INSL3	perfect	50	0.0163712	0.049744618399934513	0	0.18719	0	0	3	Brain_Cerebellum,Spleen,WholeBlood	Brain_Cerebellum,Spleen,WholeBlood	3.434,3.37,3.261	3	Brain_Cerebellum,Spleen,WholeBlood	Brain_Cerebellum,Spleen,WholeBlood	3.434,3.37,3.261
chr19	17982567	17982576	chr19	17982567	17982576	KCNN1	perfect	50	0.006215000000000001	0.023930978151887636	0	0.13782	0	0	2	Brain_Cerebellum,Testis	Brain_Cerebellum,Testis,Cells_EBV_transformedlymphocytes	5.499,3.664,1.16	1	Brain_Cerebellum	Brain_Cerebellum	5.499
chr19	18001314	18001573	chr19	18001125	18001573	ARRDC2	perfect	50	0.092175000000000007	0.0459124606380091	0.0068	0.24186	0.09296	0.064615	1	Cells_Culturedfibroblasts	Cells_Culturedfibroblasts,Cells_EBV_transformedlymphocytes,Artery_Tibial	3.26,2.6,1.388	1	Cells_Culturedfibroblasts	Cells_Culturedfibroblasts	3.26
chr19	18071211	18071333	chr19	18070561	18071333	IL12RB1	perfect	50	0.5277418	0.14165101426969257	0.23077	1	0.56314	0.13486750000000003	1	Cells_Culturedfibroblasts	Cells_Culturedfibroblasts,Skin_SunExposed_Lowerleg,Skin_NotSunExposed_Suprapubic	3.334,1.476,1.317	1	Cells_Culturedfibroblasts	Cells_Culturedfibroblasts	3.334
chr19	18744107	18744155	chr19	18744107	18744155	CRTC1	perfect	50	0.149091	0.124848496599123	0	0.57081	0.09447	0.1592025	2	Brain_CerebellarHemisphere,Brain_Cerebellum	Brain_Cerebellum,Brain_CerebellarHemisphere,Brain_FrontalCortex_BA9	3.378,3.241,1.341	2	Brain_CerebellarHemisphere,Brain_Cerebellum	Brain_Cerebellum,Brain_CerebellarHemisphere	3.378,3.241
chr19	19662074	19662116	chr19	19662074	19662116	ATP13A1	perfect	50	0.1296038	0.037020650215901986	0.02808	0.26475	0.1271	0.0320675	1	Cells_Culturedfibroblasts	Cells_Culturedfibroblasts,AdrenalGland,Cells_EBV_transformedlymphocytes	3.651,1.906,1.556	1	Cells_Culturedfibroblasts	Cells_Culturedfibroblasts	3.651
chr19	19786756	19786854	chr19	19785838	19788160	ZNF506,ZNF56P	perfect	50	0.2109456	0.06731933970719146	0.07345	0.4978	0.202335	0.06993249999999998	1	WholeBlood	WholeBlood,Brain_CerebellarHemisphere,Brain_Cerebellum	4.261,2.1,1.604	1	WholeBlood	WholeBlood	4.261
chr19	20551091	20551258	chr19	20551084	20551258	ZNF737	perfect	50	0.0167988	0.03088611256780335	0	0.13948	0	0.025445000000000002	1	Cells_Culturedfibroblasts	Cells_Culturedfibroblasts,AdrenalGland,Cells_EBV_transformedlymphocytes	3.972,2.636,2.399	1	Cells_Culturedfibroblasts	Cells_Culturedfibroblasts	3.972
chr19	21053438	21053455	chr19	21053438	21053544	ZNF430	perfect	50	0.006869199999999998	0.024447018919304158	0	0.12085	0	0	2	Cells_Culturedfibroblasts,Cells_EBV_transformedlymphocytes	Cells_Culturedfibroblasts,Cells_EBV_transformedlymphocytes,Skin_SunExposed_Lowerleg	4.662,4.396,1.355	2	Cells_Culturedfibroblasts,Cells_EBV_transformedlymphocytes	Cells_Culturedfibroblasts,Cells_EBV_transformedlymphocytes	4.662,4.396
chr19	21378628	21378660	chr19	21377388	21379302	ZNF738	perfect	50	0.2116056	0.08200544327777073	0.10345	0.5	0.18173	0.11158749999999998	1	WholeBlood	WholeBlood,Cells_Culturedfibroblasts,Cells_EBV_transformedlymphocytes	3.517,1.771,1.75	1	WholeBlood	WholeBlood	3.517
chr19	21541763	21541886	chr19	21541763	21541886	ZNF429	perfect	50	0.0427306	0.01981803038155108	0.01471	0.12097	0.039205000000000004	0.017225000000000004	1	WholeBlood	WholeBlood,Testis,Spleen	3.948,2.189,1.668	1	WholeBlood	WholeBlood	3.948
chr19	21554909	21555064	chr19	21553876	21556270	ENSG00000268081,ZNF429	perfect	50	0.042052	0.020075705797438507	0.01471	0.12097	0.038925	0.021537499999999998	1	WholeBlood	WholeBlood,Testis,Spleen	3.931,2.195,1.68	1	WholeBlood	WholeBlood	3.931
chr19	21851904	21851934	chr19	21851850	21852255	ENSG00000310262,ZNF43	perfect	50	0.012850199999999999	0.03172695084881725	0	0.11688	0	0	2	Bladder,Ovary	Ovary,Bladder,Uterus	3.279,3.06,2.762	2	Bladder,Ovary	Ovary,Bladder	3.279,3.06
chr19	22074371	22074553	chr19	22074371	22074553	ZNF257	perfect	50	0.011710399999999998	0.06045005420095135	0	0.4	0	0	1	Brain_FrontalCortex_BA9	Brain_FrontalCortex_BA9,Brain_Spinalcord_cervicalc_1,Cells_EBV_transformedlymphocytes	6.423,2.432,0.249	1	Brain_FrontalCortex_BA9	Brain_FrontalCortex_BA9	6.423
chr19	22081553	22081630	chr19	22081553	22081670	ZNF257	perfect	50	0.04135260000000002	0.1682219660825955	0	1	0	0	2	Brain_Cerebellum,Brain_Cortex	Brain_Cortex,Brain_Cerebellum,Brain_FrontalCortex_BA9	5.699,3.537,0.943	2	Brain_Cerebellum,Brain_Cortex	Brain_Cortex,Brain_Cerebellum	5.699,3.537
chr19	22402556	22402564	chr19	22402381	22402564	ZNF98	perfect	50	0.0706026	0.13630184940141093	0	0.57143	0	0.0900675	1	Brain_Spinalcord_cervicalc_1	Brain_Spinalcord_cervicalc_1,Heart_LeftVentricle,Brain_Hypothalamus	3.674,2.906,2.888	1	Brain_Spinalcord_cervicalc_1	Brain_Spinalcord_cervicalc_1	3.674
chr19	23143573	23143695	chr19	23143573	23144249	ZNF730	perfect	50	0.0296518	0.08139266500798491	0	0.33333	0	0	1	Brain_Substantianigra	Brain_Substantianigra,Brain_Hypothalamus,Brain_Spinalcord_cervicalc_1	3.731,2.912,2.912	1	Brain_Substantianigra	Brain_Substantianigra	3.731
chr19	23338941	23339054	chr19	23337830	23340137	ZNF91	perfect	50	0.1022138	0.05440263821221338	0	0.31661	0.09579	0.06646	1	Muscle_Skeletal	Muscle_Skeletal,WholeBlood,Cells_EBV_transformedlymphocytes	3.941,1.708,1.703	1	Muscle_Skeletal	Muscle_Skeletal	3.941
chr19	23658595	23658672	chr19	23658384	23658672	ZNF675	perfect	50	0.066842	0.03277739278147395	0	0.1875	0.066755	0.0295575	1	WholeBlood	WholeBlood,Cells_EBV_transformedlymphocytes,Adipose_Subcutaneous	3.681,1.719,1.467	1	WholeBlood	WholeBlood	3.681
chr19	23944752	23944754	chr19	23944752	23945159	ZNF726	perfect	50	0.014903799999999997	0.029443820521426214	0	0.13861	0	0.023207500000000002	1	Uterus	Uterus,Vagina,Ovary	4.201,2.721,2.106	1	Uterus	Uterus	4.201
chr19	29923691	29923733	chr19	29923643	29923754	URI1	perfect	50	0.1572154	0.058578224282072745	0.08867	0.37117	0.13846999999999998	0.04406250000000002	2	Cells_EBV_transformedlymphocytes,Muscle_Skeletal	Muscle_Skeletal,Cells_EBV_transformedlymphocytes,Testis	3.652,3.635,1.856	2	Cells_EBV_transformedlymphocytes,Muscle_Skeletal	Muscle_Skeletal,Cells_EBV_transformedlymphocytes	3.652,3.635
chr19	29923733	29923754	chr19	29923643	29923754	URI1	perfect	50	0.164876	0.08980776726555723	0.08867	0.64897	0.13846999999999998	0.04406250000000002	1	Testis	Testis,Muscle_Skeletal,Cells_EBV_transformedlymphocytes	5.39,2.297,2.286	1	Testis	Testis	5.39
chr19	29925533	29925563	chr19	29925533	29925897	URI1	perfect	50	0.007660599999999997	0.054168622079576643	0	0.38303	0	0	1	Testis	Testis,Adipose_Subcutaneous,Adipose_Visceral_Omentum	6.93,-0.141,-0.141	1	Testis	Testis	6.93
chr19	33142776	33142780	chr19	33142776	33142780	WDR88	perfect	50	0.007068800000000003	0.03346808200086052	0	0.21739	0	0	1	Brain_CerebellarHemisphere	Brain_CerebellarHemisphere,Brain_Cerebellum,Testis	6.284,2.445,1.198	1	Brain_CerebellarHemisphere	Brain_CerebellarHemisphere	6.284
chr19	33174181	33174217	chr19	33174181	33174296	WDR88	perfect	50	0.0062217999999999996	0.043994769711864605	0	0.31109	0	0	1	Testis	Testis,Adipose_Subcutaneous,Adipose_Visceral_Omentum	6.93,-0.141,-0.141	1	Testis	Testis	6.93
chr19	34736074	34736206	chr19	34736074	34736206	ZNF181	perfect	50	0.494511	0.07552129707059121	0.37861	0.9	0.48555	0.04864750000000001	1	WholeBlood	WholeBlood,Brain_Amygdala,Brain_Putamen_basalganglia	5.369,1.085,1.022	1	WholeBlood	WholeBlood	5.369
chr19	34996022	34996291	chr19	34995993	34996291	GRAMD1A	perfect	50	0.020809	0.045460895878563945	0.00364	0.33307	0.01406	0.005917499999999999	1	Muscle_Skeletal	Muscle_Skeletal,Liver,Brain_Substantianigra	6.869,0.487,0.05	1	Muscle_Skeletal	Muscle_Skeletal	6.869
chr19	35312280	35312310	chr19	35312280	35312723	MAG	perfect	50	0.11376700000000001	0.29116028465469684	0	1	0	0.028905	4	Artery_Coronary,Bladder,Esophagus_GastroesophagealJunction,Heart_AtrialAppendage	Artery_Coronary,Bladder,Esophagus_GastroesophagealJunction	3.044,3.044,3.044	4	Artery_Coronary,Bladder,Esophagus_GastroesophagealJunction,Heart_AtrialAppendage	Artery_Coronary,Bladder,Esophagus_GastroesophagealJunction	3.044,3.044,3.044
chr19	35501822	35501878	chr19	35501800	35501911	DMKN	perfect	50	0.1878742	0.21512008091438664	0.00333	0.95238	0.10433500000000001	0.18403499999999998	2	Muscle_Skeletal,WholeBlood	Muscle_Skeletal,WholeBlood,Skin_NotSunExposed_Suprapubic	3.554,3.465,1.844	2	Muscle_Skeletal,WholeBlood	Muscle_Skeletal,WholeBlood	3.554,3.465
chr19	35501878	35501892	chr19	35501800	35501911	DMKN	perfect	50	0.1878278	0.21503676141619912	0.00333	0.95238	0.10433500000000001	0.18403499999999998	2	Muscle_Skeletal,WholeBlood	Muscle_Skeletal,WholeBlood,Skin_NotSunExposed_Suprapubic	3.555,3.467,1.84	2	Muscle_Skeletal,WholeBlood	Muscle_Skeletal,WholeBlood	3.555,3.467
chr19	35501892	35501903	chr19	35501800	35501911	DMKN	perfect	50	0.1866642	0.21317421488107624	0.00333	0.95238	0.10433500000000001	0.18403499999999998	2	Muscle_Skeletal,WholeBlood	Muscle_Skeletal,WholeBlood,Skin_NotSunExposed_Suprapubic	3.592,3.503,1.769	2	Muscle_Skeletal,WholeBlood	Muscle_Skeletal,WholeBlood	3.592,3.503
chr19	35503423	35503431	chr19	35503303	35503447	DMKN	perfect	50	0.13317400000000001	0.08496618698407175	0	0.39789	0.13229000000000002	0.08066	1	Cells_Culturedfibroblasts	Cells_Culturedfibroblasts,Esophagus_Mucosa,Heart_LeftVentricle	3.116,1.857,1.714	1	Cells_Culturedfibroblasts	Cells_Culturedfibroblasts	3.116
chr19	35503431	35503447	chr19	35503303	35503447	DMKN	perfect	50	0.1337842	0.08504179162515525	0	0.39789	0.13229000000000002	0.0854275	1	Cells_Culturedfibroblasts	Cells_Culturedfibroblasts,Esophagus_Mucosa,Heart_LeftVentricle	3.106,1.848,1.705	1	Cells_Culturedfibroblasts	Cells_Culturedfibroblasts	3.106
chr19	36141678	36141683	chr19	36141592	36141683	CAPNS1	perfect	50	0.002771600000000001	0.019598171547366348	0	0.13858	0	0	1	Testis	Testis,Adipose_Subcutaneous,Adipose_Visceral_Omentum	6.93,-0.141,-0.141	1	Testis	Testis	6.93
chr19	36245475	36245530	chr19	36245475	36246257	ZNF565	perfect	50	0.0293192	0.05300790787520407	0	0.2356	0	0.0198825	1	Brain_Nucleusaccumbens_basalganglia	Brain_Nucleusaccumbens_basalganglia,Testis,Brain_CerebellarHemisphere	3.892,2.804,1.713	1	Brain_Nucleusaccumbens_basalganglia	Brain_Nucleusaccumbens_basalganglia	3.892
chr19	36714483	36714500	chr19	36714382	36714500	ZNF850	perfect	50	0.018292199999999998	0.059604710103227564	0	0.27778	0	0	3	Brain_Spinalcord_cervicalc_1,Nerve_Tibial,Testis	Testis,Brain_Spinalcord_cervicalc_1,Nerve_Tibial	4.353,3.468,3.097	3	Brain_Spinalcord_cervicalc_1,Nerve_Tibial,Testis	Testis,Brain_Spinalcord_cervicalc_1,Nerve_Tibial	4.353,3.468,3.097
chr19	36723188	36723220	chr19	36723188	36723347	ZNF567	perfect	50	0.1471352	0.10178200182182084	0	0.66092	0.14952	0.07134749999999997	1	Testis	Testis,Bladder,Muscle_Skeletal	5.048,1.245,1.19	1	Testis	Testis	5.048
chr19	36997440	36997596	chr19	36996316	37005037	ENSG00000291239,ZNF568	perfect	50	0.0300002	0.019700058685295372	0	0.10092	0.027235000000000002	0.024147500000000002	1	Muscle_Skeletal	Muscle_Skeletal,Testis,Brain_Cerebellum	3.6,2.42,1.965	1	Muscle_Skeletal	Muscle_Skeletal	3.6
chr19	37384981	37384983	chr19	37384867	37385644	ZNF527	perfect	50	0.0877816	0.04307461956244048	0	0.25	0.07854	0.045939999999999995	1	WholeBlood	WholeBlood,Cells_EBV_transformedlymphocytes,Esophagus_Mucosa	3.766,2.202,1.965	1	WholeBlood	WholeBlood	3.766
chr19	37454833	37454862	chr19	37454833	37455075	ZNF569	perfect	50	0.113472	0.07434516247660952	0	0.51276	0.116245	0.076035	1	Testis	Testis,Pituitary,Thyroid	5.371,1.243,1.065	1	Testis	Testis	5.371
chr19	37467890	37467926	chr19	37467507	37468044	ZNF570	perfect	50	0.007210599999999994	0.04585441969707066	0	0.32393	0	0	1	Testis	Testis,Nerve_Tibial,Ovary	6.907,0.323,0.16	1	Testis	Testis	6.907
chr19	38173643	38173672	chr19	38173625	38173672	SIPA1L3	perfect	50	0.056775	0.061108872105448006	0	0.29014	0.046704999999999997	0.031169999999999996	2	Heart_AtrialAppendage,Muscle_Skeletal	Muscle_Skeletal,Heart_AtrialAppendage,Heart_LeftVentricle	3.819,3.316,2.48	2	Heart_AtrialAppendage,Muscle_Skeletal	Muscle_Skeletal,Heart_AtrialAppendage	3.819,3.316
chr19	38229558	38229590	chr19	38229558	38229714	DPF1	perfect	50	0.019373600000000005	0.043460939101586764	0	0.18514	0	0	1	Brain_FrontalCortex_BA9	Brain_FrontalCortex_BA9,Brain_Cortex,Cells_Culturedfibroblasts	3.814,2.996,2.43	1	Brain_FrontalCortex_BA9	Brain_FrontalCortex_BA9	3.814
chr19	38315716	38315722	chr19	38315424	38315799	YIF1B	perfect	50	0.1049942	0.03495092665204651	0.02626	0.21545	0.09773	0.03941	1	Cells_EBV_transformedlymphocytes	Cells_EBV_transformedlymphocytes,Cells_Culturedfibroblasts,Liver	3.16,2.532,1.656	1	Cells_EBV_transformedlymphocytes	Cells_EBV_transformedlymphocytes	3.16
chr19	38595003	38595018	chr19	38595003	38595273	RYR1	perfect	50	0.267059	0.0539710327917879	0.18819	0.4625	0.257765	0.05300750000000004	2	Cells_Culturedfibroblasts,Cells_EBV_transformedlymphocytes	Cells_EBV_transformedlymphocytes,Cells_Culturedfibroblasts,Esophagus_Mucosa	3.621,3.287,1.682	2	Cells_Culturedfibroblasts,Cells_EBV_transformedlymphocytes	Cells_EBV_transformedlymphocytes,Cells_Culturedfibroblasts	3.621,3.287
chr19	39245067	39245077	chr19	39245067	39245250	IFNL3	perfect	50	0.05999999999999998	0.2398979374820953	0	1	0	0	3	Brain_CerebellarHemisphere,Brain_Cerebellum,Testis	Brain_CerebellarHemisphere,Brain_Cerebellum,Testis	3.918,3.918,3.918	3	Brain_CerebellarHemisphere,Brain_Cerebellum,Testis	Brain_CerebellarHemisphere,Brain_Cerebellum,Testis	3.918,3.918,3.918
chr19	40593165	40593181	chr19	40592882	40593181	LTBP4	perfect	50	0.0199122	0.03921846161944548	0	0.1595	0.002715	0.007050000000000002	1	Brain_Nucleusaccumbens_basalganglia	Brain_Nucleusaccumbens_basalganglia,Brain_Anteriorcingulatecortex_BA24,Brain_Amygdala	3.559,2.769,2.33	1	Brain_Nucleusaccumbens_basalganglia	Brain_Nucleusaccumbens_basalganglia	3.559
chr19	40599196	40599255	chr19	40599196	40599255	LTBP4	perfect	50	0.025118799999999997	0.03801550594702329	0	0.1595	0.00912	0.026235	1	Brain_Nucleusaccumbens_basalganglia	Brain_Nucleusaccumbens_basalganglia,Brain_Anteriorcingulatecortex_BA24,Brain_Amygdala	3.535,2.72,2.267	1	Brain_Nucleusaccumbens_basalganglia	Brain_Nucleusaccumbens_basalganglia	3.535
chr19	40599401	40599420	chr19	40599401	40599556	LTBP4	perfect	50	0.0199122	0.03921846161944548	0	0.1595	0.002715	0.007050000000000002	1	Brain_Nucleusaccumbens_basalganglia	Brain_Nucleusaccumbens_basalganglia,Brain_Anteriorcingulatecortex_BA24,Brain_Amygdala	3.559,2.769,2.33	1	Brain_Nucleusaccumbens_basalganglia	Brain_Nucleusaccumbens_basalganglia	3.559
chr19	40599420	40599556	chr19	40599401	40599556	LTBP4	perfect	50	0.025118799999999997	0.03801550594702329	0	0.1595	0.00912	0.026235	1	Brain_Nucleusaccumbens_basalganglia	Brain_Nucleusaccumbens_basalganglia,Brain_Anteriorcingulatecortex_BA24,Brain_Amygdala	3.535,2.72,2.267	1	Brain_Nucleusaccumbens_basalganglia	Brain_Nucleusaccumbens_basalganglia	3.535
chr19	40600067	40600177	chr19	40599675	40600177	LTBP4	perfect	50	0.025118799999999997	0.03801550594702329	0	0.1595	0.00912	0.026235	1	Brain_Nucleusaccumbens_basalganglia	Brain_Nucleusaccumbens_basalganglia,Brain_Anteriorcingulatecortex_BA24,Brain_Amygdala	3.535,2.72,2.267	1	Brain_Nucleusaccumbens_basalganglia	Brain_Nucleusaccumbens_basalganglia	3.535
chr19	42116708	42116782	chr19	42116708	42117005	POU2F2	perfect	50	0.013464400000000001	0.02914745048955082	0	0.10971	0	0	1	Testis	Testis,Brain_CerebellarHemisphere,Brain_Cerebellum	3.302,2.91,2.864	1	Testis	Testis	3.302
chr19	42116782	42116923	chr19	42116708	42117005	POU2F2	perfect	50	0.015473399999999998	0.035864176635677834	0	0.16165	0	0	1	Testis	Testis,Brain_Cerebellum,Brain_CerebellarHemisphere	4.076,2.971,2.907	1	Testis	Testis	4.076
chr19	42116923	42117005	chr19	42116708	42117005	POU2F2	perfect	50	0.022490199999999995	0.05327397091929799	0	0.21552	0	0	2	Brain_CerebellarHemisphere,Brain_Cerebellum	Brain_CerebellarHemisphere,Brain_Cerebellum,Testis	3.623,3.57,2.612	2	Brain_CerebellarHemisphere,Brain_Cerebellum	Brain_CerebellarHemisphere,Brain_Cerebellum	3.623,3.57
chr19	43204762	43204874	chr19	43204762	43204947	PSG4	perfect	50	0.0052527999999999984	0.021771973187788837	0	0.12034	0	0	3	Cells_Culturedfibroblasts,Skin_NotSunExposed_Suprapubic,Skin_SunExposed_Lowerleg	Skin_SunExposed_Lowerleg,Cells_Culturedfibroblasts,Skin_NotSunExposed_Suprapubic	5.286,3.04,3.014	1	Skin_SunExposed_Lowerleg	Skin_SunExposed_Lowerleg	5.286
chr19	43406504	43406519	chr19	43406222	43406519	TEX101	perfect	50	0.05275660000000001	0.15990411847269792	0	0.54098	0	0	3	MinorSalivaryGland,Skin_SunExposed_Lowerleg,Vagina	Vagina,MinorSalivaryGland,Skin_SunExposed_Lowerleg	3.053,3.005,3.005	3	MinorSalivaryGland,Skin_SunExposed_Lowerleg,Vagina	Vagina,MinorSalivaryGland,Skin_SunExposed_Lowerleg	3.053,3.005,3.005
chr19	43531804	43531880	chr19	43531804	43531880	ZNF575	perfect	50	0.0563966	0.026919419559651936	0.02834	0.16092	0.047925	0.02196	1	Esophagus_Mucosa	Esophagus_Mucosa,Colon_Transverse,SmallIntestine_TerminalIleum	3.883,2.686,2.032	1	Esophagus_Mucosa	Esophagus_Mucosa	3.883
chr19	43646459	43646548	chr19	43646094	43646548	PLAUR	perfect	50	0.0929986	0.03205582725910074	0.06003	0.24908	0.08574999999999999	0.025342500000000004	1	Cells_Culturedfibroblasts	Cells_Culturedfibroblasts,MinorSalivaryGland,Cells_EBV_transformedlymphocytes	4.869,2.333,2.298	1	Cells_Culturedfibroblasts	Cells_Culturedfibroblasts	4.869
chr19	43667776	43667778	chr19	43667776	43668320	PLAUR	perfect	50	0.005975600000000002	0.020914594373210263	0	0.14188	0	0.0020675	1	Testis	Testis,Esophagus_Mucosa,Cells_EBV_transformedlymphocytes	6.498,1.476,0.967	1	Testis	Testis	6.498
chr19	43667778	43667800	chr19	43667776	43668320	PLAUR	perfect	50	0.012089	0.029936509567784306	0	0.19509	3.3e-4	0.0136825	1	Testis	Testis,Esophagus_Mucosa,Brain_Cerebellum	6.113,1.426,1.336	1	Testis	Testis	6.113
chr19	43667800	43667816	chr19	43667776	43668320	PLAUR	perfect	50	0.005975600000000002	0.020914594373210263	0	0.14188	0	0.0020675	1	Testis	Testis,Esophagus_Mucosa,Cells_EBV_transformedlymphocytes	6.498,1.476,0.967	1	Testis	Testis	6.498
chr19	44026071	44026086	chr19	44026025	44026086	ZNF222	perfect	50	0.0800536	0.04985236762887076	0	0.25938	0.07826	0.06057749999999999	1	Testis	Testis,Muscle_Skeletal,Brain_Spinalcord_cervicalc_1	3.597,2.356,1.501	1	Testis	Testis	3.597
chr19	44304700	44304907	chr19	44304700	44304968	ZNF235	perfect	50	0.004955800000000002	0.020246575632860565	0	0.11111	0	0	2	AdrenalGland,Cells_Culturedfibroblasts	Cells_Culturedfibroblasts,AdrenalGland,Bladder	5.243,4.102,1.178	1	Cells_Culturedfibroblasts	Cells_Culturedfibroblasts	5.243
chr19	44501761	44501779	chr19	44501676	44501779	CEACAM20	perfect	50	0.012147400000000011	0.0794718055718954	0	0.56098	0	0	1	Testis	Testis,SmallIntestine_TerminalIleum,Adipose_Subcutaneous	6.906,0.431,-0.153	1	Testis	Testis	6.906
chr19	44613867	44613991	chr19	44613781	44613991	IGSF23	perfect	50	0.0102642	0.05166582030823134	0	0.30337	0	0	2	Liver,SmallIntestine_TerminalIleum	SmallIntestine_TerminalIleum,Liver,Adipose_Subcutaneous	5.673,3.863,-0.199	2	Liver,SmallIntestine_TerminalIleum	SmallIntestine_TerminalIleum,Liver	5.673,3.863
chr19	45529058	45529456	chr19	45527766	45529456	OPA3	perfect	50	0.1896402	0.09727978822920189	0.04728	0.6671	0.16319499999999998	0.08638499999999999	1	Testis	Testis,WholeBlood,Brain_Putamen_basalganglia	4.908,2.895,0.978	1	Testis	Testis	4.908
chr19	46148985	46149037	chr19	46148824	46149037	IGFL2	perfect	50	0.04486980000000001	0.11407015069487296	0	0.4375	0	0	1	Pituitary	Pituitary,Esophagus_Mucosa,Skin_NotSunExposed_Suprapubic	3.442,2.529,2.399	1	Pituitary	Pituitary	3.442
chr19	48281551	48281689	chr19	48281551	48281689	ZNF114	perfect	50	0.003196999999999997	0.022606203794533923	0	0.15985	0	0	1	Thyroid	Thyroid,Adipose_Subcutaneous,Adipose_Visceral_Omentum	6.93,-0.141,-0.141	1	Thyroid	Thyroid	6.93
chr19	48513382	48513545	chr19	48513206	48513935	LMTK3	perfect	50	0.0714812	0.08546945826720674	0	0.35433	0.06447	0.1020625	1	Spleen	Spleen,Heart_LeftVentricle,Cells_EBV_transformedlymphocytes	3.309,2.63,2.303	1	Spleen	Spleen	3.309
chr19	48513545	48513586	chr19	48513206	48513935	LMTK3	perfect	50	0.0974004	0.11184642028446408	0	0.45669	0.08502	0.150345	1	Spleen	Spleen,Cells_EBV_transformedlymphocytes,Brain_CerebellarHemisphere	3.212,2.182,1.995	1	Spleen	Spleen	3.212
chr19	49306107	49306132	chr19	49305756	49306132	SLC6A16	perfect	50	0.2487412	0.11206292111276829	0	0.63158	0.24108	0.109545	1	Cells_Culturedfibroblasts	Cells_Culturedfibroblasts,Cells_EBV_transformedlymphocytes,WholeBlood	3.416,1.92,1.653	1	Cells_Culturedfibroblasts	Cells_Culturedfibroblasts	3.416
chr19	49901638	49901717	chr19	49901638	49901879	IL4I1	perfect	50	0.063496	0.13375142249863423	0	0.62727	0	0.046364999999999996	2	Cells_Culturedfibroblasts,Testis	Testis,Cells_Culturedfibroblasts,Artery_Tibial	4.215,3.384,1.588	2	Cells_Culturedfibroblasts,Testis	Testis,Cells_Culturedfibroblasts	4.215,3.384
chr19	50153691	50153806	chr19	50153676	50153806	IZUMO2	perfect	50	0.005014000000000003	0.035454334008693494	0	0.2507	0	0	1	Testis	Testis,Adipose_Subcutaneous,Adipose_Visceral_Omentum	6.93,-0.141,-0.141	1	Testis	Testis	6.93
chr19	50789617	50789656	chr19	50789617	50789715	SMIM47	perfect	50	0.020162199999999995	0.14140259910566255	0	1	0	0	1	Cells_EBV_transformedlymphocytes	Cells_EBV_transformedlymphocytes,Testis,Adipose_Subcutaneous	6.929,-0.085,-0.143	1	Cells_EBV_transformedlymphocytes	Cells_EBV_transformedlymphocytes	6.929
chr19	51027456	51027517	chr19	51027456	51027703	KLK11	perfect	50	0.0298448	0.08059064581461256	0	0.45455	0	0.0071400000000000005	2	Bladder,Testis	Bladder,Testis,MinorSalivaryGland	5.27,3.457,1.114	2	Bladder,Testis	Bladder,Testis	5.27,3.457
chr19	51948592	51948682	chr19	51948592	51948759	ZNF613	perfect	50	0.011073199999999995	0.033656842069963264	0	0.14286	0	0	2	Testis,WholeBlood	WholeBlood,Testis,Cells_EBV_transformedlymphocytes	3.916,3.893,2.664	2	Testis,WholeBlood	WholeBlood,Testis	3.916,3.893
chr19	52013139	52013252	chr19	52012764	52013252	ZNF614	perfect	50	0.1046196	0.06999970031889205	0.02688	0.39088	0.09489	0.06922249999999999	1	Testis	Testis,Skin_SunExposed_Lowerleg,WholeBlood	4.089,2.788,2.265	1	Testis	Testis	4.089
chr19	52618935	52618969	chr19	52618494	52619062	ENSG00000269825,ZNF83	perfect	50	0.1675848	0.03806740296272561	0.08362	0.30026	0.16371000000000002	0.03514500000000001	1	Cells_EBV_transformedlymphocytes	Cells_EBV_transformedlymphocytes,Cells_Culturedfibroblasts,Brain_FrontalCortex_BA9	3.485,2.852,1.813	1	Cells_EBV_transformedlymphocytes	Cells_EBV_transformedlymphocytes	3.485
chr19	52618969	52619062	chr19	52618494	52619062	ENSG00000269825,ZNF83	perfect	50	0.160388	0.038581763747625	0.08362	0.29295	0.16251500000000002	0.03503499999999998	1	Cells_EBV_transformedlymphocytes	Cells_EBV_transformedlymphocytes,Cells_Culturedfibroblasts,Brain_FrontalCortex_BA9	3.436,2.797,1.793	1	Cells_EBV_transformedlymphocytes	Cells_EBV_transformedlymphocytes	3.436
chr19	53122403	53122418	chr19	53122403	53122616	ZNF415	perfect	50	0.028278400000000002	0.03085425597342235	0	0.12284	0.021315	0.042050000000000004	1	Adipose_Subcutaneous	Adipose_Subcutaneous,Breast_MammaryTissue,AdrenalGland	3.065,2.306,1.981	1	Adipose_Subcutaneous	Adipose_Subcutaneous	3.065
chr19	53129578	53129649	chr19	53129578	53129709	ZNF415	perfect	50	0.005308600000000003	0.034009254083353875	0	0.23962	0	0	1	Testis	Testis,Heart_LeftVentricle,Adipose_Subcutaneous	6.89,0.603,-0.156	1	Testis	Testis	6.89
chr19	53391867	53391881	chr19	53391867	53392217	ZNF525	perfect	50	0.055533599999999995	0.028496194358158762	0	0.14187	0.05991	0.029492499999999998	1	Artery_Tibial	Artery_Tibial,Adipose_Subcutaneous,Artery_Aorta	3.03,1.799,1.23	1	Artery_Tibial	Artery_Tibial	3.03
chr19	53449878	53449882	chr19	53449878	53450354	ZNF761	perfect	50	0.11779440000000001	0.04646700001559149	0.02618	0.2973	0.113375	0.03128249999999999	1	WholeBlood	WholeBlood,Muscle_Skeletal,Liver	3.863,2.504,1.648	1	WholeBlood	WholeBlood	3.863
chr19	53449882	53449895	chr19	53449878	53450354	ZNF761	perfect	50	0.130373	0.05763072512619834	0.02618	0.37838	0.127085	0.04133499999999998	1	WholeBlood	WholeBlood,Muscle_Skeletal,Stomach	4.303,1.801,1.54	1	WholeBlood	WholeBlood	4.303
chr19	53449895	53449901	chr19	53449878	53450354	ZNF761	perfect	50	0.323963	0.0901450803268978	0.13684	0.72973	0.323275	0.08453000000000005	1	WholeBlood	WholeBlood,Pancreas,Spleen	4.501,1.599,1.546	1	WholeBlood	WholeBlood	4.501
chr19	53449901	53449950	chr19	53449878	53450354	ZNF761	perfect	50	0.2061676	0.06880426966936495	0.06829	0.43243	0.20319500000000001	0.07798499999999997	1	WholeBlood	WholeBlood,Spleen,Testis	3.288,2.292,1.876	1	WholeBlood	WholeBlood	3.288
chr19	54099589	54099601	chr19	54099589	54099601	OSCAR	perfect	50	0.0052624	0.019226530093300016	0	0.10526	0	0	1	Brain_Anteriorcingulatecortex_BA24	Brain_Anteriorcingulatecortex_BA24,WholeBlood,Spleen	5.201,2.886,2.382	1	Brain_Anteriorcingulatecortex_BA24	Brain_Anteriorcingulatecortex_BA24	5.201
chr19	54370261	54370277	chr19	54370261	54370558	LAIR1	perfect	50	0.338435	0.12077783034589265	0	1	0.31298499999999996	0.084895	1	Cells_EBV_transformedlymphocytes	Cells_EBV_transformedlymphocytes,Brain_CerebellarHemisphere,Brain_Putamen_basalganglia	5.478,1.125,0.87	1	Cells_EBV_transformedlymphocytes	Cells_EBV_transformedlymphocytes	5.478
chr19	54498241	54498257	chr19	54497878	54498257	LAIR2	perfect	50	0.00888880000000001	0.06285330756610984	0	0.44444	0	0	1	Testis	Testis,Adipose_Subcutaneous,Adipose_Visceral_Omentum	6.93,-0.141,-0.141	1	Testis	Testis	6.93
chr19	54813124	54813228	chr19	54813124	54813295	KIR2DL4	perfect	50	0.085434	0.26514641593208965	0	1	0	0	3	Colon_Transverse,Lung,SmallIntestine_TerminalIleum	Colon_Transverse,Lung,SmallIntestine_TerminalIleum	3.449,3.449,3.449	3	Colon_Transverse,Lung,SmallIntestine_TerminalIleum	Colon_Transverse,Lung,SmallIntestine_TerminalIleum	3.449,3.449,3.449
chr19	55892098	55892121	chr19	55891698	55892121	NLRP13	perfect	50	0.01999999999999999	0.14142135623730948	0	1	0	0	1	Testis	Testis,Adipose_Subcutaneous,Adipose_Visceral_Omentum	6.93,-0.141,-0.141	1	Testis	Testis	6.93
chr19	56444153	56444281	chr19	56444130	56444281	ZNF667	perfect	50	0.0495808	0.026571325563548423	0	0.14343	0.051455	0.037392499999999995	1	Testis	Testis,Liver,Nerve_Tibial	3.532,1.898,1.582	1	Testis	Testis	3.532
chr19	57428458	57428582	chr19	57428458	57428582	ENSG00000268533	perfect	50	0.019999999999999993	0.14142135623730936	0	1	0	0	1	Brain_CerebellarHemisphere	Brain_CerebellarHemisphere,Adipose_Subcutaneous,Adipose_Visceral_Omentum	6.93,-0.141,-0.141	1	Brain_CerebellarHemisphere	Brain_CerebellarHemisphere	6.93
chr19	57438101	57438151	chr19	57438101	57438457	ENSG00000268533,ZNF749	perfect	50	0.019999999999999993	0.14142135623730936	0	1	0	0	1	Brain_CerebellarHemisphere	Brain_CerebellarHemisphere,Adipose_Subcutaneous,Adipose_Visceral_Omentum	6.93,-0.141,-0.141	1	Brain_CerebellarHemisphere	Brain_CerebellarHemisphere	6.93
chr19	57513021	57513065	chr19	57513021	57518404	ENSG00000268107,ZNF773	perfect	50	0.0738214	0.02744368489939248	0.0369	0.17568	0.06578500000000001	0.034095	1	Muscle_Skeletal	Muscle_Skeletal,Adipose_Subcutaneous,Breast_MammaryTissue	3.712,1.899,1.62	1	Muscle_Skeletal	Muscle_Skeletal	3.712
chr19	57799235	57799300	chr19	57799235	57799499	ZNF586	perfect	50	0.0715276	0.03262962967760988	0.0302	0.17051	0.060365	0.0376525	1	Brain_Nucleusaccumbens_basalganglia	Brain_Nucleusaccumbens_basalganglia,Brain_Caudate_basalganglia,Brain_Anteriorcingulatecortex_BA24	3.034,2.128,1.97	1	Brain_Nucleusaccumbens_basalganglia	Brain_Nucleusaccumbens_basalganglia	3.034
chr19	58247281	58247328	chr19	58247281	58247611	ZNF544	perfect	50	0.0699	0.061850569066723635	0	0.2888	0.055400000000000005	0.0695925	1	Testis	Testis,Brain_Spinalcord_cervicalc_1,Brain_Putamen_basalganglia	3.539,2.772,1.688	1	Testis	Testis	3.539
chr2	1438815	1438855	chr2	1438815	1439402	TPO	perfect	50	0.0247234	0.07953164816368799	0	0.55556	0	0.024945	1	Cells_EBV_transformedlymphocytes	Cells_EBV_transformedlymphocytes,Pituitary,Thyroid	6.675,0.868,0.782	1	Cells_EBV_transformedlymphocytes	Cells_EBV_transformedlymphocytes	6.675
chr2	1830781	1830920	chr2	1829936	1830920	MYT1L	perfect	50	0.046958200000000005	0.17129928116996565	0	1	0	0.0020975	1	Vagina	Vagina,Artery_Coronary,Artery_Aorta	5.564,2.733,2.077	1	Vagina	Vagina	5.564
chr2	1837602	1837840	chr2	1837400	1837840	ENSG00000303907,MYT1L	perfect	50	0.010875800000000005	0.03800739439817963	0	0.17674	0	0	2	Artery_Aorta,Artery_Tibial	Artery_Tibial,Artery_Aorta,Artery_Coronary	4.364,3.775,2.903	2	Artery_Aorta,Artery_Tibial	Artery_Tibial,Artery_Aorta	4.364,3.775
chr2	1972678	1972694	chr2	1972367	1972694	MYT1L	perfect	50	0.02123179999999999	0.1413374428875802	0	1	0	0	1	Liver	Liver,Testis,Pituitary	6.925,0.07,-0.018	1	Liver	Liver	6.925
chr2	3274338	3274419	chr2	3274338	3274419	EIPR1	perfect	50	0.0539748	0.011556842524792709	0.03963	0.12086	0.054985000000000006	0.009144999999999993	1	Muscle_Skeletal	Muscle_Skeletal,Brain_Substantianigra,Brain_Amygdala	5.787,0.961,0.809	1	Muscle_Skeletal	Muscle_Skeletal	5.787
chr2	3484719	3484875	chr2	3484719	3485094	TRAPPC12	perfect	50	0.0438134	0.032992294871032286	0.00461	0.17089	0.033600000000000005	0.026924999999999998	2	Brain_CerebellarHemisphere,Brain_Cerebellum	Brain_CerebellarHemisphere,Brain_Cerebellum,Brain_Cortex	3.852,3.55,1.415	2	Brain_CerebellarHemisphere,Brain_Cerebellum	Brain_CerebellarHemisphere,Brain_Cerebellum	3.852,3.55
chr2	3514807	3514909	chr2	3514807	3517747	ADI1	perfect	50	0.057682	0.05786249442622128	0.00921	0.30266	0.042249999999999996	0.033555	2	Brain_CerebellarHemisphere,Brain_Cerebellum	Brain_Cerebellum,Brain_CerebellarHemisphere,Pituitary	4.234,3.976,2.093	2	Brain_CerebellarHemisphere,Brain_Cerebellum	Brain_Cerebellum,Brain_CerebellarHemisphere	4.234,3.976
chr2	3606191	3606243	chr2	3605700	3606243	COLEC11	perfect	50	0.028579199999999996	0.10251537278130436	0	0.46922	0	0	3	Brain_Spinalcord_cervicalc_1,Kidney_Cortex,Testis	Kidney_Cortex,Brain_Spinalcord_cervicalc_1,Testis	4.298,3.689,3.627	3	Brain_Spinalcord_cervicalc_1,Kidney_Cortex,Testis	Kidney_Cortex,Brain_Spinalcord_cervicalc_1,Testis	4.298,3.689,3.627
chr2	8726895	8726943	chr2	8726886	8726943	KIDINS220	perfect	50	0.0207274	0.02117654235618424	0.00258	0.10477	0.011425000000000001	0.0183475	1	Muscle_Skeletal	Muscle_Skeletal,Brain_FrontalCortex_BA9,Brain_CerebellarHemisphere	3.969,2.347,2.148	1	Muscle_Skeletal	Muscle_Skeletal	3.969
chr2	9336035	9336044	chr2	9336035	9336044	ASAP2	perfect	50	0.0196982	0.04409657364124746	0	0.16989	0	0	2	Brain_CerebellarHemisphere,Brain_Cerebellum	Brain_CerebellarHemisphere,Brain_Cerebellum,Brain_FrontalCortex_BA9	3.406,3.031,2.549	2	Brain_CerebellarHemisphere,Brain_Cerebellum	Brain_CerebellarHemisphere,Brain_Cerebellum	3.406,3.031
chr2	10819273	10819307	chr2	10819273	10819354	PDIA6	perfect	50	0.0098182	0.034833234405418904	0	0.21122	0	0	1	Brain_Nucleusaccumbens_basalganglia	Brain_Nucleusaccumbens_basalganglia,Brain_Caudate_basalganglia,Brain_Putamen_basalganglia	5.782,2.38,2.033	1	Brain_Nucleusaccumbens_basalganglia	Brain_Nucleusaccumbens_basalganglia	5.782
chr2	10819307	10819354	chr2	10819273	10819354	PDIA6	perfect	50	0.008982799999999996	0.0321408410186752	0	0.19524	0	0	1	Brain_Nucleusaccumbens_basalganglia	Brain_Nucleusaccumbens_basalganglia,Brain_Caudate_basalganglia,Brain_Putamen_basalganglia	5.795,2.377,2.028	1	Brain_Nucleusaccumbens_basalganglia	Brain_Nucleusaccumbens_basalganglia	5.795
chr2	10820770	10820864	chr2	10820770	10820918	PDIA6	perfect	50	0.006630000000000002	0.023666086991080453	0	0.14082	0	0	1	Brain_Nucleusaccumbens_basalganglia	Brain_Nucleusaccumbens_basalganglia,Brain_Caudate_basalganglia,Brain_Putamen_basalganglia	5.67,2.466,2.253	1	Brain_Nucleusaccumbens_basalganglia	Brain_Nucleusaccumbens_basalganglia	5.67
chr2	11677647	11677728	chr2	11677543	11677728	LPIN1	perfect	50	0.009048799999999997	0.049724838274123676	0	0.35224	0	0	1	Testis	Testis,Muscle_Skeletal,Brain_Caudate_basalganglia	6.902,0.252,0.096	1	Testis	Testis	6.902
chr2	11713755	11713812	chr2	11713755	11713812	LPIN1	perfect	50	0.009048799999999997	0.049724838274123676	0	0.35224	0	0	1	Testis	Testis,Muscle_Skeletal,Brain_Caudate_basalganglia	6.902,0.252,0.096	1	Testis	Testis	6.902
chr2	11741419	11741428	chr2	11741348	11741428	LPIN1	perfect	50	0.0031587999999999985	0.019121677477434363	0	0.13557	0	0.0011375	1	Testis	Testis,Nerve_Tibial,Thyroid	6.925,-0.049,-0.063	1	Testis	Testis	6.925
chr2	11791707	11791785	chr2	11791707	11791785	LPIN1	perfect	50	0.009503999999999997	0.027074956121471244	0	0.12751	0	0	2	Brain_CerebellarHemisphere,Brain_Cerebellum	Brain_CerebellarHemisphere,Brain_Cerebellum,Brain_Cortex	4.358,4.33,1.654	2	Brain_CerebellarHemisphere,Brain_Cerebellum	Brain_CerebellarHemisphere,Brain_Cerebellum	4.358,4.33
chr2	12724628	12724821	chr2	12724628	12724825	TRIB2	perfect	50	0.1725772	0.05357286325850323	0.08696	0.33755	0.17481	0.07032499999999997	1	WholeBlood	WholeBlood,Cells_EBV_transformedlymphocytes,Muscle_Skeletal	3.079,2.126,1.959	1	WholeBlood	WholeBlood	3.079
chr2	19962294	19962327	chr2	19962294	19962327	WDR35	perfect	50	0.027505599999999995	0.08345363288359219	0	0.40196	0	0	2	Brain_CerebellarHemisphere,Brain_Cerebellum	Brain_CerebellarHemisphere,Brain_Cerebellum,Brain_Hypothalamus	4.487,3.632,1.965	2	Brain_CerebellarHemisphere,Brain_Cerebellum	Brain_CerebellarHemisphere,Brain_Cerebellum	4.487,3.632
chr2	24768078	24768120	chr2	24767770	24768135	NCOA1	perfect	50	0.5864878	0.05660808225592771	0.46672	0.76608	0.5824400000000001	0.06220249999999994	1	Muscle_Skeletal	Muscle_Skeletal,Cells_EBV_transformedlymphocytes,Cells_Culturedfibroblasts	3.173,1.807,1.524	1	Muscle_Skeletal	Muscle_Skeletal	3.173
chr2	25249656	25249703	chr2	25249617	25249724	DNMT3A	perfect	50	0.0169102	0.03750889780098712	0	0.21181	0	0.018975	1	Cells_EBV_transformedlymphocytes	Cells_EBV_transformedlymphocytes,Esophagus_Mucosa,Ovary	5.196,1.916,1.674	1	Cells_EBV_transformedlymphocytes	Cells_EBV_transformedlymphocytes	5.196
chr2	25249703	25249724	chr2	25249617	25249724	DNMT3A	perfect	50	0.0164984	0.03537797327866765	0	0.19122	0	0.018975	1	Cells_EBV_transformedlymphocytes	Cells_EBV_transformedlymphocytes,Esophagus_Mucosa,Ovary	4.939,2.043,1.787	1	Cells_EBV_transformedlymphocytes	Cells_EBV_transformedlymphocytes	4.939
chr2	25252193	25252197	chr2	25252193	25252311	DNMT3A	perfect	50	0.0164984	0.03537797327866765	0	0.19122	0	0.018975	1	Cells_EBV_transformedlymphocytes	Cells_EBV_transformedlymphocytes,Esophagus_Mucosa,Ovary	4.939,2.043,1.787	1	Cells_EBV_transformedlymphocytes	Cells_EBV_transformedlymphocytes	4.939
chr2	26261020	26261063	chr2	26260537	26261593	HADHB	perfect	50	0.3303276	0.08297747583629705	0.16913	0.62098	0.32083	0.10311750000000003	1	Liver	Liver,WholeBlood,Pancreas	3.503,1.97,1.814	1	Liver	Liver	3.503
chr2	26572115	26572151	chr2	26572115	26572151	CIMIP2C	perfect	50	0.007282199999999999	0.05149293001956675	0	0.36411	0	0	1	Testis	Testis,Adipose_Subcutaneous,Adipose_Visceral_Omentum	6.93,-0.141,-0.141	1	Testis	Testis	6.93
chr2	27299529	27299655	chr2	27299529	27299655	TRIM54	perfect	50	0.04734480000000001	0.08521449134785383	0	0.33333	0	0.0804075	1	Artery_Tibial	Artery_Tibial,Artery_Aorta,Artery_Coronary	3.356,2.544,2.378	1	Artery_Tibial	Artery_Tibial	3.356
chr2	27335326	27335428	chr2	27335326	27335428	GTF3C2	perfect	50	0.014032200000000002	0.03167019330602225	0	0.17289	0	0.006935	1	Testis	Testis,Cells_EBV_transformedlymphocytes,Cells_Culturedfibroblasts	5.016,2.027,2.006	1	Testis	Testis	5.016
chr2	27809982	27810045	chr2	27809686	27810045	RBKS	perfect	50	0.0438142	0.022620300354381877	0	0.12961	0.04505	0.02824750000000001	1	Testis	Testis,Liver,AdrenalGland	3.793,1.492,1.082	1	Testis	Testis	3.793
chr2	28310081	28310121	chr2	28310081	28310153	BABAM2	perfect	50	0.0883352	0.027472463188302817	0.05368	0.19638	0.082375	0.023817500000000005	1	Testis	Testis,Heart_LeftVentricle,AdrenalGland	3.933,2.533,2.432	1	Testis	Testis	3.933
chr2	28548499	28548565	chr2	28548499	28548565	PLB1	perfect	50	0.1726208	0.1885699322542365	0.01844	1	0.125	0.09905500000000002	2	Cells_Culturedfibroblasts,Cells_EBV_transformedlymphocytes	Cells_Culturedfibroblasts,Cells_EBV_transformedlymphocytes,Skin_SunExposed_Lowerleg	4.388,4.388,1.47	2	Cells_Culturedfibroblasts,Cells_EBV_transformedlymphocytes	Cells_Culturedfibroblasts,Cells_EBV_transformedlymphocytes	4.388,4.388
chr2	28593971	28594050	chr2	28593971	28596063	PLB1	perfect	50	0.1726208	0.1885699322542365	0.01844	1	0.125	0.09905500000000002	2	Cells_Culturedfibroblasts,Cells_EBV_transformedlymphocytes	Cells_Culturedfibroblasts,Cells_EBV_transformedlymphocytes,Skin_SunExposed_Lowerleg	4.388,4.388,1.47	2	Cells_Culturedfibroblasts,Cells_EBV_transformedlymphocytes	Cells_Culturedfibroblasts,Cells_EBV_transformedlymphocytes	4.388,4.388
chr2	36529152	36529163	chr2	36529152	36529512	CRIM1	perfect	50	0.0106024	0.01959033826420877	0	0.14286	0.008455	0.006490000000000001	1	WholeBlood	WholeBlood,Cells_EBV_transformedlymphocytes,AdrenalGland	6.751,0.255,0.237	1	WholeBlood	WholeBlood	6.751
chr2	37950578	37950595	chr2	37949910	37950595	RMDN2,RMDN2-AS1	perfect	50	0.023900799999999993	0.08915730129864374	0	0.61022	0.0050799999999999994	0.0109825	1	Testis	Testis,Spleen,Brain_Hippocampus	6.576,1.76,0.659	1	Testis	Testis	6.576
chr2	37951232	37952201	chr2	37951232	37953110	RMDN2	perfect	50	0.010169200000000002	0.029935878606086833	0	0.20987	0.00482	0.0083475	1	Testis	Testis,Cells_EBV_transformedlymphocytes,Brain_Cerebellum	6.671,0.843,0.691	1	Testis	Testis	6.671
chr2	38066981	38066987	chr2	38066892	38067142	CYP1B1,RMDN2,RMDN2-AS1	perfect	50	0.0025801999999999986	0.018244769168175305	0	0.12901	0	0	1	Testis	Testis,Adipose_Subcutaneous,Adipose_Visceral_Omentum	6.93,-0.141,-0.141	1	Testis	Testis	6.93
chr2	44359496	44359715	chr2	44359496	44360676	PREPL	perfect	50	0.0544002	0.04916017060007595	0	0.24382	0.054825	0.07582	1	Cells_EBV_transformedlymphocytes	Cells_EBV_transformedlymphocytes,Cells_Culturedfibroblasts,Muscle_Skeletal	3.853,1.87,1.553	1	Cells_EBV_transformedlymphocytes	Cells_EBV_transformedlymphocytes	3.853
chr2	44549554	44549595	chr2	44549554	44549785	CAMKMT	perfect	50	0.0346962	0.027030288596162574	0	0.13848	0.039365	0.03841	1	Testis	Testis,Cells_EBV_transformedlymphocytes,Bladder	3.84,1.518,1.314	1	Testis	Testis	3.84
chr2	46010683	46010734	chr2	46010683	46010964	PRKCE	perfect	50	0.0567368	0.062475975707238285	0.00327	0.29498	0.04288	0.04295	3	Liver,Testis,WholeBlood	Liver,WholeBlood,Testis	3.813,3.433,3.155	3	Liver,Testis,WholeBlood	Liver,WholeBlood,Testis	3.813,3.433,3.155
chr2	46588107	46588179	chr2	46588074	46588622	PIGF	perfect	50	0.099689	0.07035613125451144	0.02469	0.49027	0.09440499999999999	0.069665	1	Testis	Testis,Brain_CerebellarHemisphere,Esophagus_Mucosa	5.551,1.55,1.192	1	Testis	Testis	5.551
chr2	46770818	46770876	chr2	46770818	46770919	SOCS5	perfect	50	0.043685	0.057619897507506124	0.0043	0.23529	0.014114999999999999	0.0345675	1	WholeBlood	WholeBlood,Brain_Putamen_basalganglia,Brain_Caudate_basalganglia	3.325,2.728,2.123	1	WholeBlood	WholeBlood	3.325
chr2	46917195	46917277	chr2	46917183	46920222	TTC7A	perfect	50	0.0618482	0.03630585181875939	0.00173	0.25935	0.052965	0.0317025	1	Testis	Testis,Pituitary,Ovary	5.44,1.489,1.273	1	Testis	Testis	5.44
chr2	48721688	48721779	chr2	48720039	48721779	LHCGR	perfect	50	0.2206972	0.24266924232706505	0	1	0.196	0.3235275	2	Heart_AtrialAppendage,Heart_LeftVentricle	Heart_AtrialAppendage,Heart_LeftVentricle,Uterus	3.211,3.211,2.181	2	Heart_AtrialAppendage,Heart_LeftVentricle	Heart_AtrialAppendage,Heart_LeftVentricle	3.211,3.211
chr2	48776279	48776312	chr2	48776279	48776517	STON1-GTF2A1L	perfect	50	0.09871100000000001	0.17760827768733423	0	1	0	0.19678500000000002	1	Stomach	Stomach,Artery_Aorta,Uterus	5.075,1.584,1.267	1	Stomach	Stomach	5.075
chr2	50656351	50656388	chr2	50656351	50656414	NRXN1	perfect	50	0.0048523999999999954	0.03353120815975859	0	0.23715	0	0	1	Testis	Testis,Pituitary,Adipose_Subcutaneous	6.928,0.018,-0.145	1	Testis	Testis	6.928
chr2	53975245	53975303	chr2	53975245	53975376	ACYP2	perfect	50	0.0281258	0.02152583384717829	0.00248	0.11429	0.029775	0.030502499999999995	1	Testis	Testis,Cells_EBV_transformedlymphocytes,Esophagus_Mucosa	4.003,2.18,2.042	1	Testis	Testis	4.003
chr2	54267295	54267320	chr2	54267295	54267365	ACYP2	perfect	50	0.0409774	0.018319220285742267	0	0.12803	0.03812	0.012680000000000004	1	Testis	Testis,Brain_Spinalcord_cervicalc_1,Spleen	4.752,2.879,1.014	1	Testis	Testis	4.752
chr2	55520404	55520479	chr2	55520404	55520479	CFAP36	perfect	50	0.0697494	0.02526001190960664	0.03953	0.16193	0.06386	0.026289999999999994	1	Testis	Testis,Brain_CerebellarHemisphere,Muscle_Skeletal	3.649,2.615,2.405	1	Testis	Testis	3.649
chr2	61134136	61134229	chr2	61134136	61134276	ENSG00000274769,SANBR	perfect	50	0.0389932	0.04422304000294463	0	0.31505	0.030525	0.019597499999999997	1	Testis	Testis,Liver,AdrenalGland	6.242,2.036,0.57	1	Testis	Testis	6.242
chr2	63229830	63229872	chr2	63228387	63229872	WDPCP	perfect	50	0.067731	0.03168318186775606	0.02786	0.17363	0.058085	0.03661500000000001	2	Brain_CerebellarHemisphere,Brain_Cerebellum	Brain_CerebellarHemisphere,Brain_Cerebellum,Brain_Cortex	3.342,3.038,1.808	2	Brain_CerebellarHemisphere,Brain_Cerebellum	Brain_CerebellarHemisphere,Brain_Cerebellum	3.342,3.038
chr2	63437861	63437883	chr2	63437861	63438007	WDPCP	perfect	50	0.012118200000000003	0.034375054831273524	0	0.15	0	0	3	Heart_AtrialAppendage,Heart_LeftVentricle,Testis	Heart_AtrialAppendage,Testis,Heart_LeftVentricle	4.011,3.637,3.381	3	Heart_AtrialAppendage,Heart_LeftVentricle,Testis	Heart_AtrialAppendage,Testis,Heart_LeftVentricle	4.011,3.637,3.381
chr2	63842391	63842437	chr2	63842324	63842471	UGP2	perfect	50	0.1587198	0.08792972375918934	0.03157	0.51555	0.123145	0.11455249999999997	1	Liver	Liver,Brain_Putamen_basalganglia,Pancreas	4.058,1.714,1.513	1	Liver	Liver	4.058
chr2	65242048	65242063	chr2	65241971	65242063	ACTR2	perfect	50	0.0083564	0.03162165815270495	0	0.21599	0	0.002675	1	Muscle_Skeletal	Muscle_Skeletal,Brain_CerebellarHemisphere,Brain_FrontalCortex_BA9	6.566,1.445,0.773	1	Muscle_Skeletal	Muscle_Skeletal	6.566
chr2	65344522	65344594	chr2	65344195	65344594	SPRED2	perfect	50	0.11376119999999999	0.042710152577864785	0.04721	0.29412	0.10389999999999999	0.043935	1	Testis	Testis,WholeBlood,Liver	4.223,2.399,2.114	1	Testis	Testis	4.223
chr2	68256055	68256115	chr2	68256055	68256237	PPP3R1	perfect	50	0.0025775999999999998	0.01822638439186445	0	0.12888	0	0	1	Testis	Testis,Adipose_Subcutaneous,Adipose_Visceral_Omentum	6.93,-0.141,-0.141	1	Testis	Testis	6.93
chr2	69145325	69145327	chr2	69145325	69146401	ANTXR1	perfect	50	0.0588356	0.037067813099777004	0	0.27378	0.05609	0.030982499999999996	1	Cells_Culturedfibroblasts	Cells_Culturedfibroblasts,Bladder,Prostate	5.799,0.867,0.79	1	Cells_Culturedfibroblasts	Cells_Culturedfibroblasts	5.799
chr2	69145327	69145376	chr2	69145325	69146401	ANTXR1	perfect	50	0.0588992	0.037444945210213874	0	0.27696	0.05609	0.030982499999999996	1	Cells_Culturedfibroblasts	Cells_Culturedfibroblasts,Bladder,Prostate	5.824,0.857,0.781	1	Cells_Culturedfibroblasts	Cells_Culturedfibroblasts	5.824
chr2	71453998	71454086	chr2	71453080	71454470	DYSF,ENSG00000289327	perfect	50	0.0498894	0.0651598807458725	0	0.30623	0.025255	0.07513249999999999	1	Muscle_Skeletal	Muscle_Skeletal,Artery_Tibial,Bladder	3.934,2.282,1.855	1	Muscle_Skeletal	Muscle_Skeletal	3.934
chr2	71549349	71549391	chr2	71549349	71549391	DYSF	perfect	50	0.0479474	0.06841136702332441	0	0.35526	0.024005	0.0639725	1	Muscle_Skeletal	Muscle_Skeletal,Artery_Tibial,Bladder	4.492,1.953,1.795	1	Muscle_Skeletal	Muscle_Skeletal	4.492
chr2	73732583	73732700	chr2	73732583	73732700	TPRKB	perfect	50	0.172164	0.02474331606304859	0.11017	0.28834	0.17235	0.013545000000000001	1	WholeBlood	WholeBlood,Muscle_Skeletal,Artery_Tibial	4.695,2.06,1.028	1	WholeBlood	WholeBlood	4.695
chr2	73768768	73768952	chr2	73767418	73768952	DUSP11	perfect	50	0.0674352	0.02395839661426721	0.02235	0.14394	0.06587	0.03613499999999999	1	Brain_Spinalcord_cervicalc_1	Brain_Spinalcord_cervicalc_1,Brain_Cortex,Vagina	3.193,1.373,1.175	1	Brain_Spinalcord_cervicalc_1	Brain_Spinalcord_cervicalc_1	3.193
chr2	74514223	74514234	chr2	74513996	74514352	TLX2	perfect	50	0.0051779999999999994	0.024624866559257226	0	0.1625	0	0	1	Colon_Sigmoid	Colon_Sigmoid,Colon_Transverse,Brain_Cortex	6.389,1.771,1.724	1	Colon_Sigmoid	Colon_Sigmoid	6.389
chr2	84838233	84838241	chr2	84835918	84838241	TRABD2A	perfect	50	0.002127000000000001	0.014720320017872289	0	0.10411	0	0	1	Cells_Culturedfibroblasts	Cells_Culturedfibroblasts,Ovary,Adipose_Subcutaneous	6.928,0.008,-0.144	1	Cells_Culturedfibroblasts	Cells_Culturedfibroblasts	6.928
chr2	86239921	86240071	chr2	86239921	86240071	REEP1	perfect	50	0.0039910000000000015	0.02391775237290136	0	0.16821	0	0	1	Muscle_Skeletal	Muscle_Skeletal,Heart_AtrialAppendage,Heart_LeftVentricle	6.866,0.679,0.298	1	Muscle_Skeletal	Muscle_Skeletal	6.866
chr2	86815609	86815614	chr2	86815338	86815718	CD8B	perfect	50	0.0074623999999999975	0.026640282568826834	0	0.13319	0	0	2	Lung,WholeBlood	WholeBlood,Lung,Spleen	4.719,3.458,2.55	1	WholeBlood	WholeBlood	4.719
chr2	86822331	86822374	chr2	86822320	86822374	CD8B	perfect	50	0.0119088	0.037245021726783456	0	0.17173	0	0	1	Spleen	Spleen,WholeBlood,SmallIntestine_TerminalIleum	4.291,2.916,2.697	1	Spleen	Spleen	4.291
chr2	88185550	88185688	chr2	88185550	88185724	THNSL2	perfect	50	0.0897834	0.035387724125978015	0	0.2098	0.08654	0.038247500000000004	1	Heart_LeftVentricle	Heart_LeftVentricle,Muscle_Skeletal,Heart_AtrialAppendage	3.391,2.971,2.124	1	Heart_LeftVentricle	Heart_LeftVentricle	3.391
chr2	95259075	95259144	chr2	95259075	95259236	ZNF892	perfect	50	0.05027620000000001	0.08731439198969787	0	0.375	0	0.0962575	1	Muscle_Skeletal	Muscle_Skeletal,Esophagus_Muscularis,Heart_AtrialAppendage	3.719,1.908,1.878	1	Muscle_Skeletal	Muscle_Skeletal	3.719
chr2	96606969	96607047	chr2	96606969	96607047	KANSL3	perfect	50	0.017761600000000002	0.06859838114231954	0	0.43559	0	0	1	Muscle_Skeletal	Muscle_Skeletal,Brain_Cerebellum,Brain_CerebellarHemisphere	6.091,2.223,1.455	1	Muscle_Skeletal	Muscle_Skeletal	6.091
chr2	96713106	96713139	chr2	96713106	96713139	LMAN2L	perfect	50	0.015130799999999998	0.03594762595209644	0	0.16549	0	0.00979	2	Brain_CerebellarHemisphere,Brain_Cerebellum	Brain_CerebellarHemisphere,Brain_Cerebellum,Brain_Cortex	4.183,4.179,1.755	2	Brain_CerebellarHemisphere,Brain_Cerebellum	Brain_CerebellarHemisphere,Brain_Cerebellum	4.183,4.179
chr2	98245560	98245599	chr2	98245432	98245599	VWA3B	perfect	50	0.0056795999999999965	0.04016083674427115	0	0.28398	0	0	1	Testis	Testis,Adipose_Subcutaneous,Adipose_Visceral_Omentum	6.93,-0.141,-0.141	1	Testis	Testis	6.93
chr2	98581575	98581753	chr2	98581575	98582164	INPP4A	perfect	50	0.030389	0.027803739746256276	0.00539	0.18378	0.02419	0.015950000000000002	1	Muscle_Skeletal	Muscle_Skeletal,Cells_Culturedfibroblasts,Artery_Tibial	5.517,2.674,1.255	1	Muscle_Skeletal	Muscle_Skeletal	5.517
chr2	98869077	98869151	chr2	98869077	98869362	CRACDL	perfect	50	0.026748399999999995	0.04731364368784557	0	0.19824	0	0.026695	1	Esophagus_Mucosa	Esophagus_Mucosa,Colon_Transverse,Vagina	3.625,2.454,2.032	1	Esophagus_Mucosa	Esophagus_Mucosa	3.625
chr2	100011496	100011571	chr2	100011496	100011571	AFF3	perfect	50	0.029043200000000005	0.03947811635809988	0	0.16175	0.00272	0.0477375	2	Brain_CerebellarHemisphere,Brain_Cerebellum	Brain_Cerebellum,Brain_CerebellarHemisphere,Brain_Cortex	3.362,3.09,1.439	2	Brain_CerebellarHemisphere,Brain_Cerebellum	Brain_Cerebellum,Brain_CerebellarHemisphere	3.362,3.09
chr2	102932884	102933003	chr2	102932884	102933463	TMEM182	perfect	50	0.024861800000000003	0.03531368328716395	0	0.13514	0	0.0569925	1	Spleen	Spleen,Ovary,Colon_Transverse	3.123,2.049,1.689	1	Spleen	Spleen	3.123
chr2	106391481	106391513	chr2	106390905	106391720	ENSG00000291125,PLGLA,RGPD3	perfect	50	0.008239799999999999	0.052187596715882516	0	0.36721	0	0	1	Testis	Testis,Liver,Adipose_Subcutaneous	6.878,0.7,-0.158	1	Testis	Testis	6.878
chr2	108474788	108474850	chr2	108474788	108475394	GCC2	perfect	50	0.10864	0.05596858506596102	0.02664	0.33556	0.11499000000000001	0.06492250000000001	1	Testis	Testis,WholeBlood,Skin_NotSunExposed_Suprapubic	4.054,1.632,1.443	1	Testis	Testis	4.054
chr2	108680968	108681112	chr2	108680968	108681160	LIMS1	perfect	50	0.016035000000000004	0.03225691757798088	0	0.16214	0	0.022985000000000002	1	Muscle_Skeletal	Muscle_Skeletal,Brain_CerebellarHemisphere,Heart_LeftVentricle	4.529,2.732,2.43	1	Muscle_Skeletal	Muscle_Skeletal	4.529
chr2	109545427	109545459	chr2	109545384	109545542	SEPTIN10	perfect	50	0.0125764	0.022440762542975317	0	0.16587	0.009245	0.004145	1	Testis	Testis,Cells_EBV_transformedlymphocytes,Muscle_Skeletal	6.831,0.357,0.197	1	Testis	Testis	6.831
chr2	109545459	109545542	chr2	109545384	109545542	SEPTIN10	perfect	50	0.038285	0.042011767605599964	0	0.31568	0.03282	0.0171875	1	Testis	Testis,Brain_FrontalCortex_BA9,Ovary	6.603,0.45,0.375	1	Testis	Testis	6.603
chr2	110532513	110532573	chr2	110532495	110532573	RGPD6	perfect	50	0.0180806	0.07238607793784997	0	0.4	0	0	2	Muscle_Skeletal,WholeBlood	WholeBlood,Muscle_Skeletal,Testis	5.276,3.381,2.63	2	Muscle_Skeletal,WholeBlood	WholeBlood,Muscle_Skeletal	5.276,3.381
chr2	110886780	110886829	chr2	110886780	110888017	ACOXL	perfect	50	0.005645400000000001	0.02177988186190106	0	0.1462	0	0	1	Cells_EBV_transformedlymphocytes	Cells_EBV_transformedlymphocytes,Lung,Testis	6.453,1.417,0.951	1	Cells_EBV_transformedlymphocytes	Cells_EBV_transformedlymphocytes	6.453
chr2	111093486	111093495	chr2	111093486	111094344	ACOXL	perfect	50	0.0060402	0.020986438623111642	0	0.11696	0	0	2	Bladder,Cells_EBV_transformedlymphocytes	Cells_EBV_transformedlymphocytes,Bladder,Lung	5.285,3.735,1.104	1	Cells_EBV_transformedlymphocytes	Cells_EBV_transformedlymphocytes	5.285
chr2	111128626	111128748	chr2	111128626	111128837	BCL2L11	perfect	50	0.037424	0.0337434898936681	0	0.14533	0.037864999999999996	0.055865	1	Testis	Testis,Spleen,Cells_EBV_transformedlymphocytes	3.198,2.229,1.946	1	Testis	Testis	3.198
chr2	112095227	112095299	chr2	112095188	112095299	TMEM87B	perfect	50	0.024086200000000002	0.03521397802763291	0	0.14747	0	0.0407425	1	Muscle_Skeletal	Muscle_Skeletal,Brain_Cerebellum,Brain_CerebellarHemisphere	3.504,2.505,2.49	1	Muscle_Skeletal	Muscle_Skeletal	3.504
chr2	112181882	112182018	chr2	112181882	112182018	FBLN7	perfect	50	0.541559	0.1440623952866059	0.29678	1	0.5215650000000001	0.16957000000000005	2	Cells_EBV_transformedlymphocytes,WholeBlood	Cells_EBV_transformedlymphocytes,WholeBlood,Pituitary	3.182,3.182,1.353	2	Cells_EBV_transformedlymphocytes,WholeBlood	Cells_EBV_transformedlymphocytes,WholeBlood	3.182,3.182
chr2	112721536	112721547	chr2	112721485	112721547	NT5DC4	perfect	50	0.013549000000000007	0.041757906510293936	0	0.21429	0	0	2	Lung,SmallIntestine_TerminalIleum	SmallIntestine_TerminalIleum,Lung,Testis	4.807,3.268,1.929	2	Lung,SmallIntestine_TerminalIleum	SmallIntestine_TerminalIleum,Lung	4.807,3.268
chr2	112740519	112740669	chr2	112740519	112740810	NT5DC4	perfect	50	0.042785200000000016	0.19812293926298413	0	1	0	0	2	Cells_Culturedfibroblasts,Esophagus_Mucosa	Cells_Culturedfibroblasts,Esophagus_Mucosa,Cells_EBV_transformedlymphocytes	4.831,4.831,0.393	2	Cells_Culturedfibroblasts,Esophagus_Mucosa	Cells_Culturedfibroblasts,Esophagus_Mucosa	4.831,4.831
chr2	112915192	112915259	chr2	112915192	112915259	IL37	perfect	50	0.016039599999999994	0.11341709927519748	0	0.80198	0	0	1	Testis	Testis,Adipose_Subcutaneous,Adipose_Visceral_Omentum	6.93,-0.141,-0.141	1	Testis	Testis	6.93
chr2	115161956	115162028	chr2	115161601	115162028	DPP10	perfect	50	0.038626	0.07136173615989946	0	0.41722	0.004775	0.044349999999999994	1	Testis	Testis,MinorSalivaryGland,SmallIntestine_TerminalIleum	5.305,2.007,1.615	1	Testis	Testis	5.305
chr2	119367584	119367644	chr2	119367558	119367644	DBI	perfect	50	0.0245358	0.01634801430742946	0.00535	0.11149	0.02074	0.013029999999999998	1	Testis	Testis,Prostate,Pancreas	5.319,1.616,1.531	1	Testis	Testis	5.319
chr2	119572538	119572572	chr2	119572538	119573470	CFAP221	perfect	50	0.0139376	0.024596038054938856	0	0.11111	0	0.018335	2	Heart_AtrialAppendage,Stomach	Heart_AtrialAppendage,Stomach,Thyroid	3.951,3.568,2.081	2	Heart_AtrialAppendage,Stomach	Heart_AtrialAppendage,Stomach	3.951,3.568
chr2	119685657	119685711	chr2	119685657	119686507	TMEM177	perfect	50	0.0643196	0.0457265228246436	0	0.22097	0.062665	0.07097	1	Artery_Tibial	Artery_Tibial,Artery_Aorta,Artery_Coronary	3.426,1.812,1.612	1	Artery_Tibial	Artery_Tibial	3.426
chr2	121444938	121444962	chr2	121444938	121444962	CLASP1	perfect	50	0.017871800000000004	0.06315045619076744	0	0.34655	0	0.001055	2	Brain_CerebellarHemisphere,Brain_Cerebellum	Brain_CerebellarHemisphere,Brain_Cerebellum,Brain_Hypothalamus	5.205,4.226,0.564	2	Brain_CerebellarHemisphere,Brain_Cerebellum	Brain_CerebellarHemisphere,Brain_Cerebellum	5.205,4.226
chr2	127060595	127060640	chr2	127060586	127060640	BIN1	perfect	50	0.1118664	0.13971889536304452	0.00578	0.96809	0.08376	0.06196	1	Muscle_Skeletal	Muscle_Skeletal,Heart_LeftVentricle,WholeBlood	6.128,1.455,1.429	1	Muscle_Skeletal	Muscle_Skeletal	6.128
chr2	127485907	127486033	chr2	127485873	127486033	IWS1	perfect	50	0.1388358	0.10941933150266363	0.02481	0.5133	0.1005	0.08847000000000002	2	Heart_LeftVentricle,Muscle_Skeletal	Heart_LeftVentricle,Muscle_Skeletal,Heart_AtrialAppendage	3.422,3.272,2.772	2	Heart_LeftVentricle,Muscle_Skeletal	Heart_LeftVentricle,Muscle_Skeletal	3.422,3.272
chr2	130106548	130106568	chr2	130106460	130106568	POTEF	perfect	50	0.007934999999999992	0.05610892308715254	0	0.39675	0	0	1	Testis	Testis,Adipose_Subcutaneous,Adipose_Visceral_Omentum	6.93,-0.141,-0.141	1	Testis	Testis	6.93
chr2	130343269	130343347	chr2	130343269	130343347	IMP4	perfect	50	0.07654180000000001	0.04269399048138379	0	0.22604	0.07082	0.04809000000000001	1	Testis	Testis,Liver,Heart_LeftVentricle	3.502,2.11,1.615	1	Testis	Testis	3.502
chr2	135167692	135167713	chr2	135167692	135167713	RAB3GAP1	perfect	50	0.026103000000000008	0.07056660785298918	0	0.35075	0	0	1	Brain_CerebellarHemisphere	Brain_CerebellarHemisphere,Brain_Cerebellum,Muscle_Skeletal	4.601,2.841,2.727	1	Brain_CerebellarHemisphere	Brain_CerebellarHemisphere	4.601
chr2	144513696	144513797	chr2	144511384	144514451	ZEB2	perfect	50	0.0788536	0.048262266951162855	0.02041	0.33363	0.075455	0.05005000000000001	1	WholeBlood	WholeBlood,Cells_EBV_transformedlymphocytes,Kidney_Cortex	5.279,1.554,1.273	1	WholeBlood	WholeBlood	5.279
chr2	148691620	148691838	chr2	148691541	148692833	EPC2	perfect	50	0.0520296	0.019722867175759537	0.00694	0.11405	0.05219	0.024395	1	Brain_Spinalcord_cervicalc_1	Brain_Spinalcord_cervicalc_1,WholeBlood,Brain_Substantianigra	3.145,2.616,1.389	1	Brain_Spinalcord_cervicalc_1	Brain_Spinalcord_cervicalc_1	3.145
chr2	148947942	148947960	chr2	148947899	148947960	KIF5C	perfect	50	0.0302088	0.05268336261562843	0	0.32857	0.00648	0.056729999999999996	1	Testis	Testis,Brain_Putamen_basalganglia,Brain_Amygdala	5.663,0.937,0.882	1	Testis	Testis	5.663
chr2	151261308	151261509	chr2	151260984	151261509	RBM43	perfect	50	0.1163062	0.07003134146441951	0	0.35135	0.09195500000000001	0.057330000000000006	1	WholeBlood	WholeBlood,Spleen,Thyroid	3.356,2.857,1.993	1	WholeBlood	WholeBlood	3.356
chr2	151973668	151973713	chr2	151967082	151974051	CACNB4,ENSG00000283228	perfect	50	0.014379400000000002	0.02574033564708296	0	0.11915	0	0.0237275	1	Brain_CerebellarHemisphere	Brain_CerebellarHemisphere,Brain_Nucleusaccumbens_basalganglia,Brain_Cerebellum	4.07,2.652,2.643	1	Brain_CerebellarHemisphere	Brain_CerebellarHemisphere	4.07
chr2	152643418	152643507	chr2	152643418	152643544	FMNL2	perfect	50	0.566909	0.08564605806600148	0.32361	0.85714	0.5609649999999999	0.06549249999999995	1	WholeBlood	WholeBlood,Spleen,Liver	3.389,2.196,2.011	1	WholeBlood	WholeBlood	3.389
chr2	157327472	157327479	chr2	157327472	157327713	ERMN	perfect	50	0.0125416	0.026269124684189012	0	0.13119	0	0.019687500000000004	2	Cells_EBV_transformedlymphocytes,Lung	Cells_EBV_transformedlymphocytes,Lung,SmallIntestine_TerminalIleum	4.517,3.263,2.481	1	Cells_EBV_transformedlymphocytes	Cells_EBV_transformedlymphocytes	4.517
chr2	158366013	158366065	chr2	158366013	158366076	CCDC148	perfect	50	0.007571399999999998	0.023842675254805674	0	0.12235	0	0	2	Kidney_Cortex,Thyroid	Kidney_Cortex,Thyroid,Testis	4.814,3.028,2.809	1	Kidney_Cortex	Kidney_Cortex	4.814
chr2	159397073	159397100	chr2	159397073	159397100	BAZ2B	perfect	50	0.0815352	0.03408634421882291	0.02128	0.19954	0.07594000000000001	0.039877499999999996	1	Cells_Culturedfibroblasts	Cells_Culturedfibroblasts,Cells_EBV_transformedlymphocytes,Muscle_Skeletal	3.462,2.116,1.706	1	Cells_Culturedfibroblasts	Cells_Culturedfibroblasts	3.462
chr2	165122896	165122899	chr2	165121046	165122899	SCN3A	perfect	50	0.049483599999999996	0.06122799375635764	0	0.33333	0.03333	0.06247	1	Vagina	Vagina,Brain_Putamen_basalganglia,Brain_Caudate_basalganglia	4.636,2.052,1.52	1	Vagina	Vagina	4.636
chr2	165309164	165309256	chr2	165309164	165309256	SCN2A	perfect	50	0.008936000000000001	0.03354373897599663	0	0.21615	0	0	1	Pituitary	Pituitary,Kidney_Cortex,Brain_Hypothalamus	6.177,1.887,1.476	1	Pituitary	Pituitary	6.177
chr2	168915607	168915682	chr2	168915497	168915682	ABCB11	perfect	50	0.011891000000000002	0.0626877717545537	0	0.40424	0	0	1	Testis	Testis,Liver,Adipose_Subcutaneous	6.259,2.846,-0.19	1	Testis	Testis	6.259
chr2	168929291	168929351	chr2	168929291	168929351	ABCB11	perfect	50	0.0034822	0.024622872334477953	0	0.17411	0	0	1	Testis	Testis,Adipose_Subcutaneous,Adipose_Visceral_Omentum	6.93,-0.141,-0.141	1	Testis	Testis	6.93
chr2	169773319	169773354	chr2	169773319	169773385	KLHL23	perfect	50	0.007557600000000002	0.02359565279574065	0	0.11533	0	0	3	Brain_CerebellarHemisphere,Brain_Cerebellum,Cells_EBV_transformedlymphocytes	Cells_EBV_transformedlymphocytes,Brain_Cerebellum,Brain_CerebellarHemisphere	4.567,3.407,3.145	1	Cells_EBV_transformedlymphocytes	Cells_EBV_transformedlymphocytes	4.567
chr2	170842568	170842602	chr2	170842568	170842759	GAD1	perfect	50	0.024258199999999997	0.07732714645146645	0	0.48837	0	0.0027775	1	Cells_EBV_transformedlymphocytes	Cells_EBV_transformedlymphocytes,Esophagus_Mucosa,AdrenalGland	6.002,1.935,1.663	1	Cells_EBV_transformedlymphocytes	Cells_EBV_transformedlymphocytes	6.002
chr2	172562740	172562800	chr2	172562740	172562800	PDK1	perfect	50	0.0660212	0.05039581350607187	0	0.30847	0.060594999999999996	0.04841000000000001	1	Testis	Testis,Muscle_Skeletal,Skin_SunExposed_Lowerleg	4.811,1.399,1.335	1	Testis	Testis	4.811
chr2	174757945	174758020	chr2	174757945	174758020	CHRNA1	perfect	50	0.0056732000000000015	0.04011558191027521	0	0.28366	0	0	1	Muscle_Skeletal	Muscle_Skeletal,Adipose_Subcutaneous,Adipose_Visceral_Omentum	6.93,-0.141,-0.141	1	Muscle_Skeletal	Muscle_Skeletal	6.93
chr2	177213292	177213418	chr2	177213265	177213418	HNRNPA3	perfect	50	0.0214698	0.027405845979220106	0	0.13008	0.012855	0.0313425	2	Pancreas,WholeBlood	WholeBlood,Pancreas,Cells_EBV_transformedlymphocytes	3.963,3.215,2.01	2	Pancreas,WholeBlood	WholeBlood,Pancreas	3.963,3.215
chr2	177227908	177227953	chr2	177227288	177227953	NFE2L2	perfect	50	0.044205	0.02415404527322959	0.00664	0.1628	0.040209999999999996	0.01963999999999999	1	WholeBlood	WholeBlood,Brain_CerebellarHemisphere,Brain_Cerebellum	4.91,2.922,1.347	1	WholeBlood	WholeBlood	4.91
chr2	177558751	177558783	chr2	177558751	177559299	AGPS	perfect	50	0.0144098	0.018753636653041077	0	0.11215	0.009600000000000001	0.0229525	1	Testis	Testis,Pituitary,Brain_Spinalcord_cervicalc_1	5.212,1.689,1.662	1	Testis	Testis	5.212
chr2	178104301	178104463	chr2	178104301	178104476	CYCTP,PDE11A	perfect	50	0.003033000000000002	0.021446548673387984	0	0.15165	0	0	1	Testis	Testis,Adipose_Subcutaneous,Adipose_Visceral_Omentum	6.93,-0.141,-0.141	1	Testis	Testis	6.93
chr2	178320363	178320402	chr2	178320243	178320402	OSBPL6	perfect	50	0.040059199999999996	0.05418939156818991	0	0.23529	0	0.0658175	1	Testis	Testis,Pituitary,Brain_Cortex	3.603,2.599,1.83	1	Testis	Testis	3.603
chr2	178344285	178344360	chr2	178344285	178344360	OSBPL6	perfect	50	0.040059199999999996	0.05418939156818991	0	0.23529	0	0.0658175	1	Testis	Testis,Pituitary,Brain_Cortex	3.603,2.599,1.83	1	Testis	Testis	3.603
chr2	178502335	178502475	chr2	178502335	178502483	PLEKHA3	perfect	50	0.13388919999999999	0.03305163714121111	0.03636	0.29355	0.13272499999999998	0.02374000000000001	1	Testis	Testis,Bladder,Pituitary	4.831,1.206,0.992	1	Testis	Testis	4.831
chr2	178753848	178754009	chr2	178753360	178754009	TTN	perfect	50	0.10146759999999999	0.19472323382185489	0	0.73913	0	0.1171825	1	Brain_FrontalCortex_BA9	Brain_FrontalCortex_BA9,Brain_Anteriorcingulatecortex_BA24,Brain_Cortex	3.275,2.817,2.605	1	Brain_FrontalCortex_BA9	Brain_FrontalCortex_BA9	3.275
chr2	179745712	179745737	chr2	179745712	179746042	ZNF385B	perfect	50	0.037423200000000004	0.1462354258210413	0	1	0	0	1	Cells_Culturedfibroblasts	Cells_Culturedfibroblasts,Bladder,Brain_Hypothalamus	6.582,1.038,0.939	1	Cells_Culturedfibroblasts	Cells_Culturedfibroblasts	6.582
chr2	181475819	181475848	chr2	181475819	181476218	ITGA4	perfect	50	0.029673199999999997	0.02985514398230365	0	0.12903	0.029685	0.04887999999999999	1	Testis	Testis,Pituitary,Prostate	3.328,1.857,1.807	1	Testis	Testis	3.328
chr2	181565432	181565510	chr2	181565432	181565510	CERKL	perfect	50	0.004211600000000001	0.017574060588009265	0	0.10909	0	0	1	Testis	Testis,Brain_Cerebellum,Brain_CerebellarHemisphere	5.968,2.34,2.246	1	Testis	Testis	5.968
chr2	182241801	182241914	chr2	182241801	182242063	PDE1A	perfect	50	0.048451799999999996	0.14469013694563612	0	0.95733	0	0.031155000000000002	1	Testis	Testis,Brain_Hippocampus,Brain_Amygdala	6.282,1.345,1.218	1	Testis	Testis	6.282
chr2	188582340	188582565	chr2	188582340	188582565	GULP1	perfect	50	0.0931398	0.07273486398375055	0	0.34774	0.08185999999999999	0.09456	1	Muscle_Skeletal	Muscle_Skeletal,Brain_FrontalCortex_BA9,Brain_Anteriorcingulatecortex_BA24	3.5,2.249,1.55	1	Muscle_Skeletal	Muscle_Skeletal	3.5
chr2	189857484	189857504	chr2	189857359	189857504	PMS1	perfect	50	0.01601020000000001	0.07343172573797474	0	0.51415	0	0	1	Testis	Testis,WholeBlood,Pancreas	6.784,0.69,0.606	1	Testis	Testis	6.784
chr2	191131822	191131900	chr2	191131490	191131900	STAT4	perfect	50	0.0057560000000000016	0.017559774183848582	0	0.11354	0	0.0025575	1	Testis	Testis,Liver,Cells_EBV_transformedlymphocytes	6.138,1.899,1.533	1	Testis	Testis	6.138
chr2	195999092	195999242	chr2	195998759	195999242	DNAH7	perfect	50	0.061934	0.13312049527110578	0	0.75	0.014775	0.0532975	1	Heart_LeftVentricle	Heart_LeftVentricle,Cells_EBV_transformedlymphocytes,Cells_Culturedfibroblasts	5.169,2.754,2.424	1	Heart_LeftVentricle	Heart_LeftVentricle	5.169
chr2	196713356	196713683	chr2	196713098	196713683	CCDC150	perfect	50	0.02184	0.06379884980730215	0	0.33333	0	0	2	Kidney_Cortex,Muscle_Skeletal	Muscle_Skeletal,Kidney_Cortex,Brain_Anteriorcingulatecortex_BA24	4.882,3.749,1.748	2	Kidney_Cortex,Muscle_Skeletal	Muscle_Skeletal,Kidney_Cortex	4.882,3.749
chr2	196967441	196967446	chr2	196967016	196967446	ANKRD44	perfect	50	0.015780800000000005	0.05987770287333805	0	0.42839	0.00669	0.0033525000000000004	1	Testis	Testis,WholeBlood,Cells_EBV_transformedlymphocytes	6.891,0.415,0.185	1	Testis	Testis	6.891
chr2	197587991	197588021	chr2	197587991	197588021	RFTN2	perfect	50	0.0072380000000000005	0.027618465872362594	0	0.19248	0	0	1	Testis	Testis,Brain_Hypothalamus,Brain_Putamen_basalganglia	6.707,0.515,0.459	1	Testis	Testis	6.707
chr2	197785982	197786003	chr2	197785982	197786574	BOLL	perfect	50	0.016954800000000003	0.11846816617512892	0	0.83784	0	0	1	Muscle_Skeletal	Muscle_Skeletal,Testis,Adipose_Subcutaneous	6.929,-0.06,-0.143	1	Muscle_Skeletal	Muscle_Skeletal	6.929
chr2	197810304	197810322	chr2	197810257	197810322	PLCL1	perfect	50	0.0234742	0.0720296845862304	0	0.34483	0	0.0022949999999999997	3	Cells_Culturedfibroblasts,Cells_EBV_transformedlymphocytes,Testis	Testis,Cells_Culturedfibroblasts,Cells_EBV_transformedlymphocytes	4.461,3.641,3.145	3	Cells_Culturedfibroblasts,Cells_EBV_transformedlymphocytes,Testis	Testis,Cells_Culturedfibroblasts,Cells_EBV_transformedlymphocytes	4.461,3.641,3.145
chr2	201141373	201141407	chr2	201141373	201141602	CFLAR	perfect	50	0.1573312	0.04733817933782845	0.04833	0.33571	0.159625	0.05313250000000003	1	Cells_EBV_transformedlymphocytes	Cells_EBV_transformedlymphocytes,Cells_Culturedfibroblasts,Esophagus_Mucosa	3.768,2.106,1.405	1	Cells_EBV_transformedlymphocytes	Cells_EBV_transformedlymphocytes	3.768
chr2	201141407	201141430	chr2	201141373	201141602	CFLAR	perfect	50	0.145221	0.04676365688333239	0.04372	0.30493	0.14443	0.05382249999999998	1	Cells_EBV_transformedlymphocytes	Cells_EBV_transformedlymphocytes,Cells_Culturedfibroblasts,Brain_Hypothalamus	3.415,2.086,1.393	1	Cells_EBV_transformedlymphocytes	Cells_EBV_transformedlymphocytes	3.415
chr2	201200442	201200499	chr2	201200442	201200728	CASP10	perfect	50	0.0612926	0.03936949491467645	0	0.24525	0.055265	0.030857499999999996	2	Cells_Culturedfibroblasts,Cells_EBV_transformedlymphocytes	Cells_Culturedfibroblasts,Cells_EBV_transformedlymphocytes,MinorSalivaryGland	4.673,3.377,1.031	2	Cells_Culturedfibroblasts,Cells_EBV_transformedlymphocytes	Cells_Culturedfibroblasts,Cells_EBV_transformedlymphocytes	4.673,3.377
chr2	201888459	201888461	chr2	201888459	201889457	CDK15	perfect	50	0.0177654	0.026506517659024228	0	0.11765	0	0.036595	1	Brain_Cerebellum	Brain_Cerebellum,Nerve_Tibial,Brain_CerebellarHemisphere	3.768,1.879,1.845	1	Brain_Cerebellum	Brain_Cerebellum	3.768
chr2	202076931	202077099	chr2	202076931	202077099	KIAA2012	perfect	50	0.018024599999999998	0.046752327682312064	0	0.19048	0	0	2	Brain_Caudate_basalganglia,Brain_Hypothalamus	Brain_Hypothalamus,Brain_Caudate_basalganglia,Pituitary	3.689,3.434,2.67	2	Brain_Caudate_basalganglia,Brain_Hypothalamus	Brain_Hypothalamus,Brain_Caudate_basalganglia	3.689,3.434
chr2	203226122	203226147	chr2	203226122	203226378	NBEAL1	perfect	50	0.0173134	0.02182470446395038	0	0.13234	0.0118	0.0219725	1	Testis	Testis,Brain_CerebellarHemisphere,Brain_Cerebellum	5.27,1.977,1.447	1	Testis	Testis	5.27
chr2	203477075	203477156	chr2	203477075	203477156	RAPH1	perfect	50	0.0165662	0.020628438750067975	0	0.10949	0.013225	0.02023	1	Testis	Testis,Brain_Cerebellum,Cells_Culturedfibroblasts	4.505,2.026,1.837	1	Testis	Testis	4.505
chr2	206605789	206605880	chr2	206605789	206605880	ADAM23	perfect	50	0.0517486	0.0989656741359532	0	0.48434	0.00841	0.0493875	2	Cells_Culturedfibroblasts,Cells_EBV_transformedlymphocytes	Cells_Culturedfibroblasts,Cells_EBV_transformedlymphocytes,Artery_Aorta	4.371,3.519,1.576	2	Cells_Culturedfibroblasts,Cells_EBV_transformedlymphocytes	Cells_Culturedfibroblasts,Cells_EBV_transformedlymphocytes	4.371,3.519
chr2	207581824	207581946	chr2	207581352	207582160	METTL21A	perfect	50	0.1123778	0.03999040820149813	0.04878	0.28131	0.10363	0.033057500000000004	1	Muscle_Skeletal	Muscle_Skeletal,Heart_AtrialAppendage,Heart_LeftVentricle	4.224,2.442,2.01	1	Muscle_Skeletal	Muscle_Skeletal	4.224
chr2	207901285	207901307	chr2	207900040	207901307	PLEKHM3	perfect	50	0.030670000000000003	0.029565732991876568	0.00198	0.14815	0.023489999999999997	0.030072500000000005	2	Liver,WholeBlood	WholeBlood,Liver,Prostate	3.974,3.036,2.083	2	Liver,WholeBlood	WholeBlood,Liver	3.974,3.036
chr2	207929896	207929940	chr2	207929896	207929940	PLEKHM3	perfect	50	0.030670000000000003	0.029565732991876568	0.00198	0.14815	0.023489999999999997	0.030072500000000005	2	Liver,WholeBlood	WholeBlood,Liver,Prostate	3.974,3.036,2.083	2	Liver,WholeBlood	WholeBlood,Liver	3.974,3.036
chr2	210016203	210016257	chr2	210016203	210016257	RPE	perfect	50	0.1302092	0.06639489738938482	0	0.36356	0.12458	0.06242500000000001	1	Brain_FrontalCortex_BA9	Brain_FrontalCortex_BA9,Brain_Cortex,Muscle_Skeletal	3.515,2.2,1.611	1	Brain_FrontalCortex_BA9	Brain_FrontalCortex_BA9	3.515
chr2	211657949	211657994	chr2	211657949	211657994	ERBB4	perfect	50	0.008163400000000001	0.02615002186052855	0	0.13459	0	0	2	Artery_Aorta,Artery_Tibial	Artery_Aorta,Artery_Tibial,Heart_AtrialAppendage	4.835,3.763,1.982	2	Artery_Aorta,Artery_Tibial	Artery_Aorta,Artery_Tibial	4.835,3.763
chr2	216529269	216529270	chr2	216529024	216529587	RPL37A	perfect	50	0.23189099999999999	0.01585649757374315	0.20254	0.28736	0.22847	0.012725000000000014	2	Cells_Culturedfibroblasts,Cells_EBV_transformedlymphocytes	Cells_EBV_transformedlymphocytes,Cells_Culturedfibroblasts,Bladder	3.498,3.046,1.833	2	Cells_Culturedfibroblasts,Cells_EBV_transformedlymphocytes	Cells_EBV_transformedlymphocytes,Cells_Culturedfibroblasts	3.498,3.046
chr2	217829843	217829882	chr2	217829843	217829882	TNS1	perfect	50	0.1053722	0.0961633814070234	0	0.64365000000000006	0.09432	0.09225499999999999	1	Muscle_Skeletal	Muscle_Skeletal,Artery_Tibial,Brain_Spinalcord_cervicalc_1	5.598,1.195,1.102	1	Muscle_Skeletal	Muscle_Skeletal	5.598
chr2	217842051	217842079	chr2	217842051	217842160	TNS1	perfect	50	0.012157000000000015	0.0858966145599298	0	0.60739	0	0	1	WholeBlood	WholeBlood,Spleen,Adipose_Subcutaneous	6.93,-0.136,-0.142	1	WholeBlood	WholeBlood	6.93
chr2	218323267	218323431	chr2	218323172	218323431	PNKD	perfect	50	0.0439668	0.04488157866916821	0.0026	0.24176	0.030015	0.040240000000000005	1	Liver	Liver,Testis,WholeBlood	4.407,2.434,2.197	1	Liver	Liver	4.407
chr2	218528757	218528800	chr2	218528270	218528800	USP37	perfect	50	0.004381000000000002	0.02121863392186698	0	0.14286	0	0	1	WholeBlood	WholeBlood,Pancreas,Ovary	6.526,2.038,0.539	1	WholeBlood	WholeBlood	6.526
chr2	219399865	219399925	chr2	219399865	219400022	DNPEP	perfect	50	0.1421658	0.06187030431046373	0.04196	0.38745	0.13282	0.0636575	2	Muscle_Skeletal,Testis	Testis,Muscle_Skeletal,Heart_LeftVentricle	3.964,3.046,1.764	2	Muscle_Skeletal,Testis	Testis,Muscle_Skeletal	3.964,3.046
chr2	219442050	219442083	chr2	219442015	219442083	SPEG	perfect	50	0.0364446	0.01964703126662745	0	0.10686	0.03627	0.022719999999999997	1	Cells_Culturedfibroblasts	Cells_Culturedfibroblasts,Skin_NotSunExposed_Suprapubic,Pancreas	3.584,1.369,1.316	1	Cells_Culturedfibroblasts	Cells_Culturedfibroblasts	3.584
chr2	219443107	219443150	chr2	219443107	219443637	SPEG	perfect	50	0.0364446	0.01964703126662745	0	0.10686	0.03627	0.022719999999999997	1	Cells_Culturedfibroblasts	Cells_Culturedfibroblasts,Skin_NotSunExposed_Suprapubic,Pancreas	3.584,1.369,1.316	1	Cells_Culturedfibroblasts	Cells_Culturedfibroblasts	3.584
chr2	219444029	219444059	chr2	219443673	219444059	SPEG	perfect	50	0.0362274	0.019737135909710084	0	0.10686	0.035345	0.023934999999999998	1	Cells_Culturedfibroblasts	Cells_Culturedfibroblasts,Skin_NotSunExposed_Suprapubic,Pancreas	3.579,1.374,1.321	1	Cells_Culturedfibroblasts	Cells_Culturedfibroblasts	3.579
chr2	219631238	219631455	chr2	219631129	219631455	SLC4A3	perfect	50	0.007097399999999999	0.025357378172751195	0	0.14614	0	0.00401	2	Heart_AtrialAppendage,Heart_LeftVentricle	Heart_LeftVentricle,Heart_AtrialAppendage,Brain_Cerebellum	5.483,4.01,0.182	2	Heart_AtrialAppendage,Heart_LeftVentricle	Heart_LeftVentricle,Heart_AtrialAppendage	5.483,4.01
chr2	227342744	227342819	chr2	227342744	227342819	MFF	perfect	50	0.1083416	0.08837834378652375	0.03775	0.64702	0.08821499999999999	0.0295425	1	Muscle_Skeletal	Muscle_Skeletal,Heart_AtrialAppendage,Heart_LeftVentricle	6.095,1.935,1.841	1	Muscle_Skeletal	Muscle_Skeletal	6.095
chr2	227532137	227532209	chr2	227532137	227532209	AGFG1	perfect	50	0.0102828	0.030287578449366515	0	0.15896	0.00182	0.003495	2	Heart_LeftVentricle,Muscle_Skeletal	Muscle_Skeletal,Heart_LeftVentricle,Testis	4.909,3.51,2.109	2	Heart_LeftVentricle,Muscle_Skeletal	Muscle_Skeletal,Heart_LeftVentricle	4.909,3.51
chr2	232340723	232340927	chr2	232340723	232340999	DIS3L2	perfect	50	0.0416508	0.023809311918676194	0	0.14364	0.038735	0.017345	2	Brain_CerebellarHemisphere,Brain_Cerebellum	Brain_Cerebellum,Brain_CerebellarHemisphere,Ovary	4.284,3.535,1.496	2	Brain_CerebellarHemisphere,Brain_Cerebellum	Brain_Cerebellum,Brain_CerebellarHemisphere	4.284,3.535
chr2	232343344	232343572	chr2	232343115	232344350	DIS3L2,NRBF2P6	perfect	50	0.0960366	0.04437608422866293	0.02532	0.2632	0.091515	0.04541999999999999	2	Brain_CerebellarHemisphere,Brain_Cerebellum	Brain_CerebellarHemisphere,Brain_Cerebellum,Pituitary	3.767,3.69,1.613	2	Brain_CerebellarHemisphere,Brain_Cerebellum	Brain_CerebellarHemisphere,Brain_Cerebellum	3.767,3.69
chr2	232551213	232551218	chr2	232550805	232551218	EIF4E2	perfect	50	0.006043799999999999	0.01998724796423143	0	0.14112	0.002675	0.0044975	1	Testis	Testis,Kidney_Cortex,Cells_Culturedfibroblasts	6.758,0.858,0.512	1	Testis	Testis	6.758
chr2	232574073	232574136	chr2	232572015	232574341	EIF4E2	perfect	50	0.005761	0.023464589669699047	0	0.13965	0	0	1	Muscle_Skeletal	Muscle_Skeletal,Heart_AtrialAppendage,Heart_LeftVentricle	5.706,2.631,2.608	1	Muscle_Skeletal	Muscle_Skeletal	5.706
chr2	232574308	232574341	chr2	232572015	232574341	EIF4E2	perfect	50	0.005761	0.023464589669699047	0	0.13965	0	0	1	Muscle_Skeletal	Muscle_Skeletal,Heart_AtrialAppendage,Heart_LeftVentricle	5.706,2.631,2.608	1	Muscle_Skeletal	Muscle_Skeletal	5.706
chr2	232580943	232581124	chr2	232580903	232583644	EIF4E2,ENSG00000237126	perfect	50	0.005761	0.023464589669699047	0	0.13965	0	0	1	Muscle_Skeletal	Muscle_Skeletal,Heart_AtrialAppendage,Heart_LeftVentricle	5.706,2.631,2.608	1	Muscle_Skeletal	Muscle_Skeletal	5.706
chr2	233273990	233274041	chr2	233273990	233274041	ATG16L1	perfect	50	0.0605328	0.1258284640105938	0	0.61151	0	0.05762	2	Heart_LeftVentricle,Muscle_Skeletal	Muscle_Skeletal,Heart_LeftVentricle,Heart_AtrialAppendage	4.379,3.506,2.138	2	Heart_LeftVentricle,Muscle_Skeletal	Muscle_Skeletal,Heart_LeftVentricle	4.379,3.506
chr2	233487990	233488006	chr2	233487680	233488006	USP40	perfect	50	0.0693014	0.01953007121526876	0.03303	0.12987	0.06715499999999999	0.015732499999999996	1	WholeBlood	WholeBlood,Heart_LeftVentricle,Heart_AtrialAppendage	3.101,2.786,2.346	1	WholeBlood	WholeBlood	3.101
chr2	233689898	233689904	chr2	233689898	233689904	UGT1A7	perfect	50	0.11038760000000002	0.2822872017207775	0	1	0	0	4	Bladder,MinorSalivaryGland,Prostate,Stomach	Bladder,MinorSalivaryGland,Prostate	3.151,3.151,3.151	4	Bladder,MinorSalivaryGland,Prostate,Stomach	Bladder,MinorSalivaryGland,Prostate	3.151,3.151,3.151
chr2	233690519	233690558	chr2	233690519	233692347	UGT1A6,UGT1A7	perfect	50	0.11038760000000002	0.2822872017207775	0	1	0	0	4	Bladder,MinorSalivaryGland,Prostate,Stomach	Bladder,MinorSalivaryGland,Prostate	3.151,3.151,3.151	4	Bladder,MinorSalivaryGland,Prostate,Stomach	Bladder,MinorSalivaryGland,Prostate	3.151,3.151,3.151
chr2	235670099	235671057	chr2	235669603	235671057	AGAP1	perfect	50	0.021587	0.0461410464593874	0	0.33333	0.01351	0.015209999999999998	1	WholeBlood	WholeBlood,Pituitary,Adipose_Subcutaneous	6.756,0.412,0.296	1	WholeBlood	WholeBlood	6.756
chr2	235852685	235852850	chr2	235852685	235853202	AGAP1	perfect	50	0.0119302	0.03704746070727578	0	0.25	0	0.0070275	1	Cells_EBV_transformedlymphocytes	Cells_EBV_transformedlymphocytes,Testis,Prostate	6.426,1.6,0.859	1	Cells_EBV_transformedlymphocytes	Cells_EBV_transformedlymphocytes	6.426
chr2	236503630	236503662	chr2	236503630	236503697	IQCA1	perfect	50	0.3850312	0.16006869815533223	0	1	0.394135	0.16671250000000004	1	Muscle_Skeletal	Muscle_Skeletal,Brain_Substantianigra,Heart_AtrialAppendage	3.842,1.23,1.164	1	Muscle_Skeletal	Muscle_Skeletal	3.842
chr2	240728388	240728412	chr2	240728388	240728412	KIF1A	perfect	50	0.012963399999999998	0.025377351433021965	0	0.125	0	0.0181175	2	Spleen,Thyroid	Thyroid,Spleen,Ovary	4.415,3.867,1.878	2	Spleen,Thyroid	Thyroid,Spleen	4.415,3.867
chr2	240734718	240734745	chr2	240734718	240734745	KIF1A	perfect	50	0.018074200000000002	0.027530479219977862	0	0.125	4.75e-4	0.02477	2	Spleen,Thyroid	Thyroid,Spleen,Testis	3.884,3.379,2.384	2	Spleen,Thyroid	Thyroid,Spleen	3.884,3.379
chr2	240891872	240891929	chr2	240891872	240892038	MAB21L4	perfect	50	0.012260599999999995	0.04009677117694548	0	0.17548	0	0	3	Kidney_Cortex,Skin_NotSunExposed_Suprapubic,Skin_SunExposed_Lowerleg	Skin_SunExposed_Lowerleg,Skin_NotSunExposed_Suprapubic,Kidney_Cortex	4.071,3.587,3.136	3	Kidney_Cortex,Skin_NotSunExposed_Suprapubic,Skin_SunExposed_Lowerleg	Skin_SunExposed_Lowerleg,Skin_NotSunExposed_Suprapubic,Kidney_Cortex	4.071,3.587,3.136
chr2	241040885	241040896	chr2	241040885	241041362	SNED1	perfect	50	0.0395974	0.04577487060403696	0	0.22105	0.016864999999999998	0.030627500000000002	1	Brain_Nucleusaccumbens_basalganglia	Brain_Nucleusaccumbens_basalganglia,Brain_Amygdala,Brain_Anteriorcingulatecortex_BA24	3.964,2.114,1.984	1	Brain_Nucleusaccumbens_basalganglia	Brain_Nucleusaccumbens_basalganglia	3.964
chr2	241465673	241465694	chr2	241465459	241466036	FARP2	perfect	50	0.0892542	0.02949301024698177	0.06445	0.22496	0.08144499999999999	0.012569999999999998	2	Cells_Culturedfibroblasts,Cells_EBV_transformedlymphocytes	Cells_Culturedfibroblasts,Cells_EBV_transformedlymphocytes,WholeBlood	4.601,3.722,2.292	2	Cells_Culturedfibroblasts,Cells_EBV_transformedlymphocytes	Cells_Culturedfibroblasts,Cells_EBV_transformedlymphocytes	4.601,3.722
chr20	1540287	1540335	chr20	1540143	1540335	ENSG00000260861	perfect	50	0.02108700000000001	0.14147335828014132	0	1	0	0	1	Testis	Testis,WholeBlood,Adipose_Subcutaneous	6.919,0.235,-0.149	1	Testis	Testis	6.919
chr20	2258001	2258065	chr20	2257953	2258065	ENSG00000286022	perfect	50	0.01999999999999999	0.14142135623730948	0	1	0	0	1	Testis	Testis,Adipose_Subcutaneous,Adipose_Visceral_Omentum	6.93,-0.141,-0.141	1	Testis	Testis	6.93
chr20	3901551	3901617	chr20	3901547	3901617	PANK2	perfect	50	0.0500824	0.051997559854834945	0	0.27649	0.036735000000000004	0.06458749999999999	1	Muscle_Skeletal	Muscle_Skeletal,Esophagus_Mucosa,Skin_SunExposed_Lowerleg	4.354,1.728,1.63	1	Muscle_Skeletal	Muscle_Skeletal	4.354
chr20	3974331	3974387	chr20	3974331	3974400	RNF24	perfect	50	0.08312	0.09978240794195074	0	0.48301	0.047165	0.034572500000000006	2	Esophagus_Mucosa,Testis	Testis,Esophagus_Mucosa,Cells_EBV_transformedlymphocytes	4.008,3.265,2.378	2	Esophagus_Mucosa,Testis	Testis,Esophagus_Mucosa	4.008,3.265
chr20	4186742	4186832	chr20	4186742	4186832	SMOX	perfect	50	0.0128986	0.029687021008638553	0	0.18674	0	0.011897499999999998	1	WholeBlood	WholeBlood,Spleen,Testis	5.856,1.948,1.269	1	WholeBlood	WholeBlood	5.856
chr20	8651412	8651562	chr20	8651412	8653531	PLCB1	perfect	50	0.1451576	0.07022928691835925	0.07478	0.5	0.13239499999999998	0.0568825	1	Cells_EBV_transformedlymphocytes	Cells_EBV_transformedlymphocytes,WholeBlood,Cells_Culturedfibroblasts	5.053,2.49,1.949	1	Cells_EBV_transformedlymphocytes	Cells_EBV_transformedlymphocytes	5.053
chr20	8792624	8792633	chr20	8792586	8792790	PLCB1	perfect	50	0.0268902	0.03593130540520966	0	0.21717	0.021159999999999998	0.0310825	1	Testis	Testis,WholeBlood,Cells_Culturedfibroblasts	5.296,2.591,1.392	1	Testis	Testis	5.296
chr20	13164356	13164380	chr20	13164356	13164471	SPTLC3	perfect	50	0.022869400000000005	0.04836535125142243	0	0.26225	0	0.0248625	1	Testis	Testis,Esophagus_Mucosa,Cells_Culturedfibroblasts	4.949,2.102,1.867	1	Testis	Testis	4.949
chr20	16367148	16369266	chr20	16366842	16369266	KIF16B	perfect	50	0.1791474	0.1485608603770158	0.04072	0.71472	0.12749	0.11257499999999998	1	Liver	Liver,Kidney_Cortex,SmallIntestine_TerminalIleum	3.605,2.737,2.355	1	Liver	Liver	3.605
chr20	17693688	17693706	chr20	17693671	17693706	BANF2	perfect	50	0.03405799999999999	0.17119454512814553	0	1	0	0	2	Pancreas,Thyroid	Thyroid,Pancreas,Adipose_Subcutaneous	5.642,3.907,-0.199	2	Pancreas,Thyroid	Thyroid,Pancreas	5.642,3.907
chr20	18394674	18394703	chr20	18394674	18394858	DZANK1	perfect	50	0.4927942	0.10308997435547379	0.23574	0.9	0.49398	0.1087800000000001	1	WholeBlood	WholeBlood,Liver,Spleen	3.95,1.935,1.525	1	WholeBlood	WholeBlood	3.95
chr20	20171780	20171805	chr20	20171780	20172336	CFAP61	perfect	50	0.0947644	0.19228892958636332	0	1	0	0.122595	2	Thyroid,Uterus	Uterus,Thyroid,Artery_Aorta	4.708,3.668,2.107	2	Thyroid,Uterus	Uterus,Thyroid	4.708,3.668
chr20	20598678	20598819	chr20	20598678	20598819	RALGAPA2	perfect	50	0.0275224	0.04738242559585714	0	0.23316	0	0.0550925	1	Muscle_Skeletal	Muscle_Skeletal,Brain_Cerebellum,Brain_CerebellarHemisphere	4.34,2.337,1.866	1	Muscle_Skeletal	Muscle_Skeletal	4.34
chr20	24964374	24964398	chr20	24964374	24964416	APMAP	perfect	50	0.0109778	0.03643866993305048	0	0.19323	0	0.0062875	2	Brain_CerebellarHemisphere,Brain_Cerebellum	Brain_Cerebellum,Brain_CerebellarHemisphere,WholeBlood	5.002,4.498,0.504	2	Brain_CerebellarHemisphere,Brain_Cerebellum	Brain_Cerebellum,Brain_CerebellarHemisphere	5.002,4.498
chr20	25339621	25339677	chr20	25339621	25339749	ABHD12	perfect	50	0.010849800000000001	0.02427290994302168	0	0.12106	0	0	1	Pancreas	Pancreas,Stomach,Artery_Tibial	4.54,2.84,1.737	1	Pancreas	Pancreas	4.54
chr20	31378351	31378391	chr20	31378351	31378391	DEFB119	perfect	50	0.004678599999999997	0.033082697864593814	0	0.23393	0	0	1	Testis	Testis,Adipose_Subcutaneous,Adipose_Visceral_Omentum	6.93,-0.141,-0.141	1	Testis	Testis	6.93
chr20	31848406	31848565	chr20	31847636	31848565	DUSP15	perfect	50	0.0060198	0.02208828422397683	0	0.15385	0	0.004515	1	Esophagus_Mucosa	Esophagus_Mucosa,Testis,Brain_CerebellarHemisphere	6.693,0.944,0.456	1	Esophagus_Mucosa	Esophagus_Mucosa	6.693
chr20	31848805	31848903	chr20	31848805	31848903	DUSP15	perfect	50	0.0060198	0.02208828422397683	0	0.15385	0	0.004515	1	Esophagus_Mucosa	Esophagus_Mucosa,Testis,Brain_CerebellarHemisphere	6.693,0.944,0.456	1	Esophagus_Mucosa	Esophagus_Mucosa	6.693
chr20	31849537	31849558	chr20	31849537	31849558	DUSP15	perfect	50	0.005482199999999999	0.021896492151269615	0	0.15385	0	0.00433	1	Esophagus_Mucosa	Esophagus_Mucosa,Brain_CerebellarHemisphere,Brain_Cerebellum	6.776,0.484,0.411	1	Esophagus_Mucosa	Esophagus_Mucosa	6.776
chr20	32359307	32359334	chr20	32358965	32359851	ASXL1	perfect	50	0.07409400000000001	0.02923320372453215	0.02997	0.20914	0.06681999999999999	0.021600000000000008	1	Testis	Testis,Cells_EBV_transformedlymphocytes,Muscle_Skeletal	4.62,2.039,2.031	1	Testis	Testis	4.62
chr20	32465117	32465134	chr20	32464779	32465134	NOL4L	perfect	50	0.012005400000000001	0.036922139987618625	0	0.25868	0.003875	0.0120275	1	Testis	Testis,Cells_EBV_transformedlymphocytes,Pituitary	6.681,0.875,0.861	1	Testis	Testis	6.681
chr20	32485762	32485764	chr20	32485148	32486121	ENSG00000286311,NOL4L	perfect	50	0.0197668	0.031361083672967305	0	0.20443	0.013965	0.026337500000000003	1	Cells_EBV_transformedlymphocytes	Cells_EBV_transformedlymphocytes,Pituitary,WholeBlood	5.888,1.59,1.117	1	Cells_EBV_transformedlymphocytes	Cells_EBV_transformedlymphocytes	5.888
chr20	32486695	32486801	chr20	32486513	32487302	ENSG00000286311,NOL4L	perfect	50	0.0197668	0.031361083672967305	0	0.20443	0.013965	0.026337500000000003	1	Cells_EBV_transformedlymphocytes	Cells_EBV_transformedlymphocytes,Pituitary,WholeBlood	5.888,1.59,1.117	1	Cells_EBV_transformedlymphocytes	Cells_EBV_transformedlymphocytes	5.888
chr20	32509868	32509940	chr20	32509783	32509940	NOL4L	perfect	50	0.004612999999999997	0.0261966327677308	0	0.17893	0	0	1	Testis	Testis,Cells_EBV_transformedlymphocytes,Adipose_Subcutaneous	6.654,1.798,-0.176	1	Testis	Testis	6.654
chr20	34549977	34550029	chr20	34549904	34550029	MAP1LC3A	perfect	50	0.0131734	0.03516067676033693	0	0.15568	0	7.650000000000001e-4	2	Colon_Transverse,SmallIntestine_TerminalIleum	SmallIntestine_TerminalIleum,Colon_Transverse,Pituitary	4.053,3.717,2.527	2	Colon_Transverse,SmallIntestine_TerminalIleum	SmallIntestine_TerminalIleum,Colon_Transverse	4.053,3.717
chr20	34697140	34697243	chr20	34696917	34697246	NCOA6	perfect	50	0.0196864	0.01676477864757065	0	0.10677	0.0158	0.0179075	1	Testis	Testis,Colon_Transverse,Esophagus_Muscularis	5.194,1.147,1.123	1	Testis	Testis	5.194
chr20	34915217	34915256	chr20	34915217	34915256	ACSS2	perfect	50	0.0283752	0.10509265005154812	0	0.55933	0	0.0065125	2	Heart_LeftVentricle,Muscle_Skeletal	Muscle_Skeletal,Heart_LeftVentricle,Heart_AtrialAppendage	5.052,3.832,2.448	2	Heart_LeftVentricle,Muscle_Skeletal	Muscle_Skeletal,Heart_LeftVentricle	5.052,3.832
chr20	35215892	35215900	chr20	35215892	35216240	PROCR	perfect	50	0.1145888	0.06302783562709999	0.02067	0.38647	0.098775	0.059032500000000016	1	Brain_CerebellarHemisphere	Brain_CerebellarHemisphere,Brain_Cerebellum,Skin_SunExposed_Lowerleg	4.314,2.611,1.797	1	Brain_CerebellarHemisphere	Brain_CerebellarHemisphere	4.314
chr20	35554371	35554386	chr20	35554371	35554386	ERGIC3	perfect	50	0.11589200000000001	0.17298706728822125	0.01425	0.64881	0.02732	0.09119999999999999	1	Brain_CerebellarHemisphere	Brain_CerebellarHemisphere,Brain_Cerebellum,Brain_FrontalCortex_BA9	3.081,2.678,2.429	1	Brain_CerebellarHemisphere	Brain_CerebellarHemisphere	3.081
chr20	35957720	35957774	chr20	35957720	35957774	CNBD2	perfect	50	0.005587999999999998	0.026135099161152336	0	0.17959	0	0	1	Testis	Testis,Nerve_Tibial,Kidney_Cortex	6.658,1.487,0.577	1	Testis	Testis	6.658
chr20	36700434	36700500	chr20	36700434	36700675	NDRG3	perfect	50	0.010680800000000002	0.07552466108497276	0	0.53404	0	0	1	Testis	Testis,Adipose_Subcutaneous,Adipose_Visceral_Omentum	6.93,-0.141,-0.141	1	Testis	Testis	6.93
chr20	37102689	37102835	chr20	37102663	37102879	MROH8	perfect	50	0.2989048	0.06574901505400235	0.0885	0.5	0.29510000000000003	0.08862500000000001	1	WholeBlood	WholeBlood,Liver,Brain_Cerebellum	3.059,1.264,1.103	1	WholeBlood	WholeBlood	3.059
chr20	37108598	37108664	chr20	37108598	37108664	MROH8	perfect	50	0.2989048	0.06574901505400235	0.0885	0.5	0.29510000000000003	0.08862500000000001	1	WholeBlood	WholeBlood,Liver,Brain_Cerebellum	3.059,1.264,1.103	1	WholeBlood	WholeBlood	3.059
chr20	37110255	37110355	chr20	37110255	37110355	MROH8	perfect	50	0.2989048	0.06574901505400235	0.0885	0.5	0.29510000000000003	0.08862500000000001	1	WholeBlood	WholeBlood,Liver,Brain_Cerebellum	3.059,1.264,1.103	1	WholeBlood	WholeBlood	3.059
chr20	37112323	37112446	chr20	37112323	37112446	MROH8	perfect	50	0.2989048	0.06574901505400235	0.0885	0.5	0.29510000000000003	0.08862500000000001	1	WholeBlood	WholeBlood,Liver,Brain_Cerebellum	3.059,1.264,1.103	1	WholeBlood	WholeBlood	3.059
chr20	37113989	37114145	chr20	37113989	37114145	MROH8	perfect	50	0.2989048	0.06574901505400235	0.0885	0.5	0.29510000000000003	0.08862500000000001	1	WholeBlood	WholeBlood,Liver,Brain_Cerebellum	3.059,1.264,1.103	1	WholeBlood	WholeBlood	3.059
chr20	37115172	37115337	chr20	37115172	37115337	MROH8	perfect	50	0.2989048	0.06574901505400235	0.0885	0.5	0.29510000000000003	0.08862500000000001	1	WholeBlood	WholeBlood,Liver,Brain_Cerebellum	3.059,1.264,1.103	1	WholeBlood	WholeBlood	3.059
chr20	37119697	37119838	chr20	37119697	37119838	MROH8	perfect	50	0.2989048	0.06574901505400235	0.0885	0.5	0.29510000000000003	0.08862500000000001	1	WholeBlood	WholeBlood,Liver,Brain_Cerebellum	3.059,1.264,1.103	1	WholeBlood	WholeBlood	3.059
chr20	37120503	37120618	chr20	37120503	37120618	MROH8	perfect	50	0.2989048	0.06574901505400235	0.0885	0.5	0.29510000000000003	0.08862500000000001	1	WholeBlood	WholeBlood,Liver,Brain_Cerebellum	3.059,1.264,1.103	1	WholeBlood	WholeBlood	3.059
chr20	37120898	37121036	chr20	37120898	37121036	MROH8	perfect	50	0.2989048	0.06574901505400235	0.0885	0.5	0.29510000000000003	0.08862500000000001	1	WholeBlood	WholeBlood,Liver,Brain_Cerebellum	3.059,1.264,1.103	1	WholeBlood	WholeBlood	3.059
chr20	37123608	37123799	chr20	37123608	37123799	MROH8	perfect	50	0.2989048	0.06574901505400235	0.0885	0.5	0.29510000000000003	0.08862500000000001	1	WholeBlood	WholeBlood,Liver,Brain_Cerebellum	3.059,1.264,1.103	1	WholeBlood	WholeBlood	3.059
chr20	37129031	37129167	chr20	37128820	37129167	MROH8	perfect	50	0.2989048	0.06574901505400235	0.0885	0.5	0.29510000000000003	0.08862500000000001	1	WholeBlood	WholeBlood,Liver,Brain_Cerebellum	3.059,1.264,1.103	1	WholeBlood	WholeBlood	3.059
chr20	37137809	37137970	chr20	37137809	37137970	MROH8	perfect	50	0.2989048	0.06574901505400235	0.0885	0.5	0.29510000000000003	0.08862500000000001	1	WholeBlood	WholeBlood,Liver,Brain_Cerebellum	3.059,1.264,1.103	1	WholeBlood	WholeBlood	3.059
chr20	37143716	37143841	chr20	37143716	37143841	MROH8	perfect	50	0.2989048	0.06574901505400235	0.0885	0.5	0.29510000000000003	0.08862500000000001	1	WholeBlood	WholeBlood,Liver,Brain_Cerebellum	3.059,1.264,1.103	1	WholeBlood	WholeBlood	3.059
chr20	37147773	37147909	chr20	37147773	37147909	MROH8	perfect	50	0.2989048	0.06574901505400235	0.0885	0.5	0.29510000000000003	0.08862500000000001	1	WholeBlood	WholeBlood,Liver,Brain_Cerebellum	3.059,1.264,1.103	1	WholeBlood	WholeBlood	3.059
chr20	37157859	37157955	chr20	37157859	37157955	MROH8	perfect	50	0.2989048	0.06574901505400235	0.0885	0.5	0.29510000000000003	0.08862500000000001	1	WholeBlood	WholeBlood,Liver,Brain_Cerebellum	3.059,1.264,1.103	1	WholeBlood	WholeBlood	3.059
chr20	37158891	37158904	chr20	37158891	37159036	MROH8	perfect	50	0.2989048	0.06574901505400235	0.0885	0.5	0.29510000000000003	0.08862500000000001	1	WholeBlood	WholeBlood,Liver,Brain_Cerebellum	3.059,1.264,1.103	1	WholeBlood	WholeBlood	3.059
chr20	37386459	37386477	chr20	37386459	37386477	SRC	perfect	50	0.029023199999999992	0.056437562156812546	0	0.20321	0	0	1	Brain_Nucleusaccumbens_basalganglia	Brain_Nucleusaccumbens_basalganglia,Brain_FrontalCortex_BA9,Brain_Anteriorcingulatecortex_BA24	3.086,2.169,1.952	1	Brain_Nucleusaccumbens_basalganglia	Brain_Nucleusaccumbens_basalganglia	3.086
chr20	38070224	38070248	chr20	38070224	38070617	RPRD1B	perfect	50	0.0219382	0.026305144192336066	0	0.18032	0.018520000000000002	0.0190725	1	Testis	Testis,Prostate,Vagina	6.021,1.221,0.665	1	Testis	Testis	6.021
chr20	38317728	38317737	chr20	38317648	38317737	BPI	perfect	50	0.007816599999999995	0.055271708658227676	0	0.39083	0	0	1	Testis	Testis,Adipose_Subcutaneous,Adipose_Visceral_Omentum	6.93,-0.141,-0.141	1	Testis	Testis	6.93
chr20	38585434	38585487	chr20	38585434	38585695	ADIG	perfect	50	0.0030095999999999994	0.02128108568659033	0	0.15048	0	0	1	Testis	Testis,Adipose_Subcutaneous,Adipose_Visceral_Omentum	6.93,-0.141,-0.141	1	Testis	Testis	6.93
chr20	38650681	38650716	chr20	38650681	38651035	ARHGAP40	perfect	50	0.050647000000000005	0.1101085512490436	0	0.5	0	0	2	Brain_Caudate_basalganglia,Brain_Nucleusaccumbens_basalganglia	Brain_Nucleusaccumbens_basalganglia,Brain_Caudate_basalganglia,Testis	4.081,3.072,2.451	2	Brain_Caudate_basalganglia,Brain_Nucleusaccumbens_basalganglia	Brain_Nucleusaccumbens_basalganglia,Brain_Caudate_basalganglia	4.081,3.072
chr20	42116038	42116098	chr20	42116038	42116098	PTPRT	perfect	50	0.0255448	0.057117457577900516	0	0.26923	0	0.03459	2	Breast_MammaryTissue,MinorSalivaryGland	Breast_MammaryTissue,MinorSalivaryGland,Skin_NotSunExposed_Suprapubic	4.266,3.532,2.835	2	Breast_MammaryTissue,MinorSalivaryGland	Breast_MammaryTissue,MinorSalivaryGland	4.266,3.532
chr20	44177964	44177972	chr20	44176816	44177972	JPH2	perfect	50	0.0773592	0.06682112164058698	0	0.30909	0.07353000000000001	0.05712500000000002	2	Cells_Culturedfibroblasts,Pituitary	Pituitary,Cells_Culturedfibroblasts,Cells_EBV_transformedlymphocytes	3.468,3.352,2.584	2	Cells_Culturedfibroblasts,Pituitary	Pituitary,Cells_Culturedfibroblasts	3.468,3.352
chr20	44390639	44390679	chr20	44390457	44390679	HNF4A	perfect	50	0.002330000000000001	0.016475588001646557	0	0.1165	0	0	1	Testis	Testis,Adipose_Subcutaneous,Adipose_Visceral_Omentum	6.93,-0.141,-0.141	1	Testis	Testis	6.93
chr20	45537535	45537550	chr20	45536795	45537550	ENSG00000232135,EPPIN-WFDC6	perfect	50	0.026022600000000014	0.14685967836624433	0	1	0	0	1	Thyroid	Thyroid,Testis,Adipose_Subcutaneous	6.632,1.873,-0.177	1	Thyroid	Thyroid	6.632
chr20	45790929	45790940	chr20	45790929	45790940	WFDC3	perfect	50	0.0037735999999999985	0.0163403787781142	0	0.10756	0	0	1	Testis	Testis,Skin_SunExposed_Lowerleg,Skin_NotSunExposed_Suprapubic	6.352,1.615,1.512	1	Testis	Testis	6.352
chr20	45853956	45853979	chr20	45853419	45853984	ACOT8	perfect	50	0.0384622	0.022190727176283453	0.01286	0.13002	0.03268	0.016097500000000004	2	Skin_NotSunExposed_Suprapubic,Skin_SunExposed_Lowerleg	Skin_SunExposed_Lowerleg,Skin_NotSunExposed_Suprapubic,Kidney_Cortex	4.126,3.496,1.683	2	Skin_NotSunExposed_Suprapubic,Skin_SunExposed_Lowerleg	Skin_SunExposed_Lowerleg,Skin_NotSunExposed_Suprapubic	4.126,3.496
chr20	46585700	46585743	chr20	46585347	46585743	SLC13A3	perfect	50	0.030347799999999998	0.02934033013809226	0	0.14377	0.02746	0.040115	2	Cells_Culturedfibroblasts,Testis	Testis,Cells_Culturedfibroblasts,Skin_NotSunExposed_Suprapubic	3.866,3.328,1.111	2	Cells_Culturedfibroblasts,Testis	Testis,Cells_Culturedfibroblasts	3.866,3.328
chr20	46600587	46600616	chr20	46600587	46600616	SLC13A3	perfect	50	0.005645999999999997	0.03338887753215347	0	0.23163	0	0	1	Testis	Testis,Cells_Culturedfibroblasts,Adipose_Subcutaneous	6.768,1.348,-0.169	1	Testis	Testis	6.768
chr20	46608902	46609057	chr20	46608708	46609057	SLC13A3	perfect	50	0.0401398	0.061788815264543794	0	0.32	0.01551	0.06158999999999999	2	Cells_Culturedfibroblasts,Testis	Cells_Culturedfibroblasts,Testis,Esophagus_Mucosa	4.529,3.073,2.148	2	Cells_Culturedfibroblasts,Testis	Cells_Culturedfibroblasts,Testis	4.529,3.073
chr20	47356379	47356414	chr20	47356379	47356414	ZMYND8	perfect	50	0.0310904	0.043554246493216216	0	0.1967	0.01264	0.039557499999999995	2	Liver,Pancreas	Liver,Pancreas,Adipose_Subcutaneous	3.802,3.255,2.105	2	Liver,Pancreas	Liver,Pancreas	3.802,3.255
chr20	50941128	50941209	chr20	50941104	50941209	DPM1	perfect	50	0.0760006	0.01873169794214925	0.02805	0.15698	0.076695	0.013697500000000015	1	Cells_Culturedfibroblasts	Cells_Culturedfibroblasts,Cells_EBV_transformedlymphocytes,WholeBlood	4.323,2.213,0.988	1	Cells_Culturedfibroblasts	Cells_Culturedfibroblasts	4.323
chr20	52084559	52085240	chr20	52084010	52085266	ZFP64	perfect	50	0.2135202	0.08082725483677507	0.08889	0.58841	0.189725	0.05571999999999999	1	Testis	Testis,WholeBlood,Pituitary	4.638,2.2,1.937	1	Testis	Testis	4.638
chr20	52085240	52085266	chr20	52084010	52085266	ZFP64	perfect	50	0.2175138	0.08628600065917474	0.08889	0.58841	0.189725	0.05571999999999999	1	Testis	Testis,Pituitary,WholeBlood	4.298,2.115,2.014	1	Testis	Testis	4.298
chr20	52088391	52088643	chr20	52088264	52088643	ZFP64	perfect	50	0.2183716	0.08785029444528031	0.08889	0.59797	0.189725	0.05571999999999999	1	Testis	Testis,Pituitary,WholeBlood	4.321,2.067,1.968	1	Testis	Testis	4.321
chr20	52097372	52097435	chr20	52097372	52097435	ZFP64	perfect	50	0.218491	0.08837921198576333	0.08889	0.60394	0.189725	0.05571999999999999	1	Testis	Testis,Pituitary,WholeBlood	4.361,2.054,1.955	1	Testis	Testis	4.361
chr20	52098437	52098587	chr20	52098437	52098587	ZFP64	perfect	50	0.218491	0.08837921198576333	0.08889	0.60394	0.189725	0.05571999999999999	1	Testis	Testis,Pituitary,WholeBlood	4.361,2.054,1.955	1	Testis	Testis	4.361
chr20	52105131	52105237	chr20	52105131	52105644	ZFP64	perfect	50	0.016838	0.036605057139188636	0	0.15944	0	0.0071725	1	Skin_NotSunExposed_Suprapubic	Skin_NotSunExposed_Suprapubic,Skin_SunExposed_Lowerleg,Pituitary	3.896,2.86,2.554	1	Skin_NotSunExposed_Suprapubic	Skin_NotSunExposed_Suprapubic	3.896
chr20	53185645	53185676	chr20	53185282	53185676	TSHZ2	perfect	50	0.025297399999999998	0.05047106678977529	0	0.32031	0	0.0314375	1	Cells_Culturedfibroblasts	Cells_Culturedfibroblasts,Skin_SunExposed_Lowerleg,Bladder	5.845,1.393,1.37	1	Cells_Culturedfibroblasts	Cells_Culturedfibroblasts	5.845
chr20	53941460	53941524	chr20	53936776	53941582	BCAS1,BCAS1-AS1	perfect	50	0.0897034	0.11710218779409405	0	0.5	0.031555	0.1226325	1	Ovary	Ovary,WholeBlood,Cells_EBV_transformedlymphocytes	3.504,2.65,2.218	1	Ovary	Ovary	3.504
chr20	56360181	56360253	chr20	56360181	56360712	FAM210B	perfect	50	0.0587262	0.08548420352680515	0.02143	0.62262	0.04236	0.020179999999999997	1	WholeBlood	WholeBlood,Cells_EBV_transformedlymphocytes,Brain_Spinalcord_cervicalc_1	6.596,1.358,0.597	1	WholeBlood	WholeBlood	6.596
chr20	58899948	58899952	chr20	58899948	58900410	GNAS	perfect	50	0.0171342	0.03122220834990533	0.00115	0.2155	0.0064150000000000006	0.01744	1	Testis	Testis,Brain_Hypothalamus,Pituitary	6.353,1.26,0.696	1	Testis	Testis	6.353
chr20	62953231	62953272	chr20	62953045	62953272	SLC17A9	perfect	50	0.0781214	0.0643426897679249	0	0.30474	0.081265	0.1101025	1	Cells_Culturedfibroblasts	Cells_Culturedfibroblasts,Cells_EBV_transformedlymphocytes,MinorSalivaryGland	3.522,2.206,1.327	1	Cells_Culturedfibroblasts	Cells_Culturedfibroblasts	3.522
chr20	63283850	63283880	chr20	63283850	63283880	ARFGAP1	perfect	50	0.044383599999999995	0.07200704664383444	0.00323	0.321	0.011255000000000001	0.022445	2	Brain_CerebellarHemisphere,Brain_Cerebellum	Brain_CerebellarHemisphere,Brain_Cerebellum,Brain_FrontalCortex_BA9	3.842,3.036,2.462	2	Brain_CerebellarHemisphere,Brain_Cerebellum	Brain_CerebellarHemisphere,Brain_Cerebellum	3.842,3.036
chr20	63886015	63886042	chr20	63886015	63886042	TPD52L2	perfect	50	0.0532066	0.1139440953975201	0	0.39763	0	0.006915000000000001	2	Brain_CerebellarHemisphere,Brain_FrontalCortex_BA9	Brain_CerebellarHemisphere,Brain_FrontalCortex_BA9,Brain_Cerebellum	3.023,3,2.753	2	Brain_CerebellarHemisphere,Brain_FrontalCortex_BA9	Brain_CerebellarHemisphere,Brain_FrontalCortex_BA9	3.023,3
chr21	5011798	5011874	chr21	5011798	5011874	ENSG00000279493	perfect	50	0.05999999999999997	0.23989793748209526	0	1	0	0	3	Kidney_Cortex,Liver,Testis	Kidney_Cortex,Liver,Testis	3.918,3.918,3.918	3	Kidney_Cortex,Liver,Testis	Kidney_Cortex,Liver,Testis	3.918,3.918,3.918
chr21	5012547	5012687	chr21	5012547	5012687	ENSG00000279493	perfect	50	0.05999999999999997	0.23989793748209526	0	1	0	0	3	Kidney_Cortex,Liver,Testis	Kidney_Cortex,Liver,Testis	3.918,3.918,3.918	3	Kidney_Cortex,Liver,Testis	Kidney_Cortex,Liver,Testis	3.918,3.918,3.918
chr21	5014385	5014471	chr21	5014385	5014471	ENSG00000279493	perfect	50	0.05999999999999997	0.23989793748209526	0	1	0	0	3	Kidney_Cortex,Liver,Testis	Kidney_Cortex,Liver,Testis	3.918,3.918,3.918	3	Kidney_Cortex,Liver,Testis	Kidney_Cortex,Liver,Testis	3.918,3.918,3.918
chr21	5016934	5017097	chr21	5016934	5017145	ENSG00000279493	perfect	50	0.05999999999999997	0.23989793748209526	0	1	0	0	3	Kidney_Cortex,Liver,Testis	Kidney_Cortex,Liver,Testis	3.918,3.918,3.918	3	Kidney_Cortex,Liver,Testis	Kidney_Cortex,Liver,Testis	3.918,3.918,3.918
chr21	7754951	7755113	chr21	7754951	7755118	ENSG00000273590	perfect	50	0.8142516	0.05024741131965438	0.7192	1	0.80968	0.043199999999999905	1	WholeBlood	WholeBlood,Testis,Muscle_Skeletal	3.697,2.074,1.799	1	WholeBlood	WholeBlood	3.697
chr21	7819622	7819631	chr21	7816676	7819672	ENSG00000276289	perfect	50	0.05441860000000001	0.19395195167676055	0	0.87654	0	0	2	Heart_AtrialAppendage,Heart_LeftVentricle	Heart_LeftVentricle,Heart_AtrialAppendage,Testis	4.239,4.082,2.635	2	Heart_AtrialAppendage,Heart_LeftVentricle	Heart_LeftVentricle,Heart_AtrialAppendage	4.239,4.082
chr21	13624312	13624329	chr21	13624312	13624533	POTED	perfect	50	0.003297000000000002	0.023313310575720475	0	0.16485	0	0	1	Testis	Testis,Adipose_Subcutaneous,Adipose_Visceral_Omentum	6.93,-0.141,-0.141	1	Testis	Testis	6.93
chr21	17593151	17593190	chr21	17593151	17593579	CXADR	perfect	50	0.1290838	0.1151224265973988	0	0.5	0.11166999999999999	0.12813750000000002	1	Cells_Culturedfibroblasts	Cells_Culturedfibroblasts,Artery_Aorta,Spleen	3.222,2.601,2.024	1	Cells_Culturedfibroblasts	Cells_Culturedfibroblasts	3.222
chr21	26843741	26843757	chr21	26843741	26843777	ADAMTS1	perfect	50	0.5820198	0.08693888297780557	0.40617	1	0.5833999999999999	0.07260500000000014	1	Cells_EBV_transformedlymphocytes	Cells_EBV_transformedlymphocytes,Spleen,Brain_CerebellarHemisphere	4.808,1.902,1.35	1	Cells_EBV_transformedlymphocytes	Cells_EBV_transformedlymphocytes	4.808
chr21	28964628	28964766	chr21	28964576	28964766	LTN1	perfect	50	0.013714400000000002	0.04069188206459839	0	0.29242	0.00796	0.008562499999999999	1	Testis	Testis,Cells_EBV_transformedlymphocytes,Cells_Culturedfibroblasts	6.849,0.383,0.128	1	Testis	Testis	6.849
chr21	29091667	29091761	chr21	29091667	29091842	MAP3K7CL	perfect	50	0.010953	0.022515575765252288	0	0.10338	0	0.010804999999999999	2	Cells_EBV_transformedlymphocytes,Testis	Testis,Cells_EBV_transformedlymphocytes,Brain_Spinalcord_cervicalc_1	4.105,3.04,1.974	1	Testis	Testis	4.105
chr21	29092438	29092581	chr21	29092253	29092581	MAP3K7CL	perfect	50	0.010953	0.022515575765252288	0	0.10338	0	0.010804999999999999	2	Cells_EBV_transformedlymphocytes,Testis	Testis,Cells_EBV_transformedlymphocytes,Brain_Spinalcord_cervicalc_1	4.105,3.04,1.974	1	Testis	Testis	4.105
chr21	29553557	29553704	chr21	29550946	29553704	GRIK1	perfect	50	0.025081199999999984	0.0774522776740488	0	0.38462	0	0.0046125	2	Nerve_Tibial,Testis	Nerve_Tibial,Testis,Vagina	4.642,4.305,1.478	2	Nerve_Tibial,Testis	Nerve_Tibial,Testis	4.642,4.305
chr21	29597569	29597659	chr21	29597569	29597694	BACH1	perfect	50	0.0319018	0.01798915497442494	0	0.12813	0.0306	0.014634999999999995	1	Kidney_Cortex	Kidney_Cortex,Cells_EBV_transformedlymphocytes,Testis	5.349,1.23,0.718	1	Kidney_Cortex	Kidney_Cortex	5.349
chr21	33557545	33557548	chr21	33557545	33559056	SON	perfect	50	0.0863324	0.026885476054812146	0.04727	0.1874	0.07946500000000001	0.020267500000000008	1	Cells_EBV_transformedlymphocytes	Cells_EBV_transformedlymphocytes,Skin_SunExposed_Lowerleg,Skin_NotSunExposed_Suprapubic	3.759,2.565,2.337	1	Cells_EBV_transformedlymphocytes	Cells_EBV_transformedlymphocytes	3.759
chr21	33641178	33641244	chr21	33641178	33641305	CRYZL1	perfect	50	0.0386666	0.018791698515622287	0.02093	0.12317	0.034905	0.01304	1	Muscle_Skeletal	Muscle_Skeletal,Heart_LeftVentricle,Cells_EBV_transformedlymphocytes	4.497,2.809,2.43	1	Muscle_Skeletal	Muscle_Skeletal	4.497
chr21	33817230	33817578	chr21	33817230	33817736	ITSN1	perfect	50	0.0599158	0.04262080526202752	0.01183	0.28125	0.05702	0.039354999999999994	1	WholeBlood	WholeBlood,Esophagus_Mucosa,Cells_EBV_transformedlymphocytes	5.193,2.058,1.064	1	WholeBlood	WholeBlood	5.193
chr21	34821670	34821696	chr21	34821278	34821696	RUNX1	perfect	50	0.0252348	0.040344397089184456	0	0.21222	0.005735	0.039020000000000006	1	Liver	Liver,Brain_Spinalcord_cervicalc_1,WholeBlood	4.635,2.376,1.932	1	Liver	Liver	4.635
chr21	37072144	37072148	chr21	37072144	37072310	PIGP	perfect	50	0.1536084	0.05239108579574528	0.06612	0.33714	0.156255	0.06954250000000001	1	Muscle_Skeletal	Muscle_Skeletal,Testis,Skin_NotSunExposed_Suprapubic	3.503,2.72,1.266	1	Muscle_Skeletal	Muscle_Skeletal	3.503
chr21	38575661	38575700	chr21	38575661	38575747	ERG	perfect	50	0.03716160000000002	0.1390855140619525	0	0.70208	0	0	2	Artery_Aorta,Artery_Tibial	Artery_Aorta,Artery_Tibial,Artery_Coronary	4.781,4.262,2.171	2	Artery_Aorta,Artery_Tibial	Artery_Aorta,Artery_Tibial	4.781,4.262
chr21	41834504	41834564	chr21	41834504	41834564	PRDM15	perfect	50	0.063779	0.04717784780455111	0	0.28103	0.066705	0.040944999999999995	1	Muscle_Skeletal	Muscle_Skeletal,Nerve_Tibial,Brain_CerebellarHemisphere	4.605,1.37,0.94	1	Muscle_Skeletal	Muscle_Skeletal	4.605
chr21	44059464	44059502	chr21	44059464	44060262	TRAPPC10	perfect	50	0.0882426	0.037988090980823806	0.03662	0.23194	0.08607	0.046475	1	Testis	Testis,Cells_Culturedfibroblasts,WholeBlood	3.783,2.579,2.478	1	Testis	Testis	3.783
chr21	45134795	45134832	chr21	45134714	45134832	ADARB1	perfect	50	0.05058	0.026846596105446582	0.00168	0.13672	0.04615	0.03427500000000001	1	Muscle_Skeletal	Muscle_Skeletal,Testis,Heart_AtrialAppendage	3.209,2.569,1.324	1	Muscle_Skeletal	Muscle_Skeletal	3.209
chr21	45455530	45456176	chr21	45455521	45456881	COL18A1	perfect	50	0.0833854	0.06905807039420829	0	0.30443	0.061215000000000006	0.07940749999999999	2	Brain_Spinalcord_cervicalc_1,Liver	Brain_Spinalcord_cervicalc_1,Liver,Bladder	3.201,3.05,2	2	Brain_Spinalcord_cervicalc_1,Liver	Brain_Spinalcord_cervicalc_1,Liver	3.201,3.05
chr21	45456176	45456881	chr21	45455521	45456881	COL18A1	perfect	50	0.0292118	0.0470572052081294	0	0.26376	0.014345	0.017474999999999997	1	Brain_Spinalcord_cervicalc_1	Brain_Spinalcord_cervicalc_1,Nerve_Tibial,Brain_Substantianigra	4.984,2.657,2.234	1	Brain_Spinalcord_cervicalc_1	Brain_Spinalcord_cervicalc_1	4.984
chr21	45534537	45534606	chr21	45534537	45534706	SLC19A1	perfect	50	0.059119	0.054947461334832	0	0.25439	0.055365	0.08367	1	Cells_EBV_transformedlymphocytes	Cells_EBV_transformedlymphocytes,Spleen,Brain_Caudate_basalganglia	3.554,1.787,1.452	1	Cells_EBV_transformedlymphocytes	Cells_EBV_transformedlymphocytes	3.554
chr21	46600281	46600375	chr21	46600279	46600375	S100B	perfect	50	0.1263774	0.05181845218625883	0	0.2931	0.12048500000000001	0.04034749999999998	1	Spleen	Spleen,Pituitary,Liver	3.217,1.818,1.816	1	Spleen	Spleen	3.217
chr22	17477099	17477159	chr22	17477092	17477159	CECR2	perfect	50	0.3545038	0.13971495509465703	0	1	0.36966	0.118815	1	Cells_EBV_transformedlymphocytes	Cells_EBV_transformedlymphocytes,Adipose_Subcutaneous,Artery_Aorta	4.62,1.041,1.041	1	Cells_EBV_transformedlymphocytes	Cells_EBV_transformedlymphocytes	4.62
chr22	17793728	17793794	chr22	17793728	17793794	MICAL3	perfect	50	0.029927799999999997	0.045269394323407534	0	0.20935	0	0.052820000000000006	1	Muscle_Skeletal	Muscle_Skeletal,WholeBlood,Liver	3.963,2.686,1.627	1	Muscle_Skeletal	Muscle_Skeletal	3.963
chr22	17803574	17803810	chr22	17803553	17803861	MICAL3	perfect	50	0.0288892	0.024285259478094262	0	0.13986	0.02373	0.008645	2	Cells_EBV_transformedlymphocytes,Liver	Cells_EBV_transformedlymphocytes,Liver,Testis	4.569,4.297,1.532	2	Cells_EBV_transformedlymphocytes,Liver	Cells_EBV_transformedlymphocytes,Liver	4.569,4.297
chr22	17884274	17884358	chr22	17884274	17884358	MICAL3	perfect	50	0.1140758	0.07046772658574466	0.02352	0.32555	0.09698	0.09480749999999999	1	Brain_Substantianigra	Brain_Substantianigra,Brain_Spinalcord_cervicalc_1,Brain_Hypothalamus	3.001,2.83,2.256	1	Brain_Substantianigra	Brain_Substantianigra	3.001
chr22	18140027	18140085	chr22	18140027	18141272	TUBA8	perfect	50	0.046108	0.04300007062167907	0.01887	0.33333	0.03861	0.01093000000000001	1	Cells_Culturedfibroblasts	Cells_Culturedfibroblasts,Cells_EBV_transformedlymphocytes,Brain_CerebellarHemisphere	6.68,0.63,0.576	1	Cells_Culturedfibroblasts	Cells_Culturedfibroblasts	6.68
chr22	18145655	18145742	chr22	18145655	18146683	TUBA8	perfect	50	0.032764	0.024111778982776978	0	0.10526	0.028990000000000002	0.0301675	1	Prostate	Prostate,MinorSalivaryGland,Spleen	3.007,2.554,1.667	1	Prostate	Prostate	3.007
chr22	19759643	19759677	chr22	19759457	19759677	TBX1	perfect	50	0.034180999999999996	0.04781091034438881	0	0.21429	0.02011	0.05054	1	Brain_CerebellarHemisphere	Brain_CerebellarHemisphere,Testis,Brain_Cerebellum	3.767,2.784,2.771	1	Brain_CerebellarHemisphere	Brain_CerebellarHemisphere	3.767
chr22	19779219	19779404	chr22	19779219	19779546	TBX1	perfect	50	0.011818599999999999	0.040407000808356575	0	0.21429	0	0	2	Brain_CerebellarHemisphere,Brain_Cerebellum	Brain_CerebellarHemisphere,Brain_Cerebellum,Spleen	5.011,3.832,2.398	2	Brain_CerebellarHemisphere,Brain_Cerebellum	Brain_CerebellarHemisphere,Brain_Cerebellum	5.011,3.832
chr22	19895135	19895200	chr22	19893901	19895320	TXNRD2	perfect	50	0.0564412	0.03913783928421106	0.02203	0.21339	0.045829999999999996	0.0245075	2	Cells_EBV_transformedlymphocytes,Muscle_Skeletal	Muscle_Skeletal,Cells_EBV_transformedlymphocytes,Brain_Cerebellum	4.01,3.914,1.533	2	Cells_EBV_transformedlymphocytes,Muscle_Skeletal	Muscle_Skeletal,Cells_EBV_transformedlymphocytes	4.01,3.914
chr22	19895255	19895320	chr22	19893901	19895320	TXNRD2	perfect	50	0.0239026	0.02104403224436897	0	0.12394	0.019075	0.011365	2	Cells_EBV_transformedlymphocytes,WholeBlood	Cells_EBV_transformedlymphocytes,WholeBlood,Vagina	4.754,4.144,0.637	2	Cells_EBV_transformedlymphocytes,WholeBlood	Cells_EBV_transformedlymphocytes,WholeBlood	4.754,4.144
chr22	19933433	19933440	chr22	19933433	19933526	TXNRD2	perfect	50	0.049884200000000004	0.027557240619688842	0.01867	0.15361	0.04221	0.024572499999999997	1	Muscle_Skeletal	Muscle_Skeletal,Cells_EBV_transformedlymphocytes,WholeBlood	3.764,2.918,2.054	1	Muscle_Skeletal	Muscle_Skeletal	3.764
chr22	20243405	20243684	chr22	20243405	20243684	RTN4R	perfect	50	0.028338800000000004	0.11826796931493141	0	0.76923	0	0	1	Cells_Culturedfibroblasts	Cells_Culturedfibroblasts,Cells_EBV_transformedlymphocytes,Testis	6.265,2.579,0.813	1	Cells_Culturedfibroblasts	Cells_Culturedfibroblasts	6.265
chr22	23136319	23136322	chr22	23135992	23136322	RSPH14	perfect	50	0.0240776	0.057865558278986415	0	0.33333	0	0.0302775	1	Cells_EBV_transformedlymphocytes	Cells_EBV_transformedlymphocytes,Testis,Brain_Nucleusaccumbens_basalganglia	5.344,2.903,1.397	1	Cells_EBV_transformedlymphocytes	Cells_EBV_transformedlymphocytes	5.344
chr22	23976875	23976892	chr22	23976871	23977069	DDT,ENSG00000250470,GSTT3P	perfect	50	0.01999999999999999	0.14142135623730948	0	1	0	0	1	Testis	Testis,Adipose_Subcutaneous,Adipose_Visceral_Omentum	6.93,-0.141,-0.141	1	Testis	Testis	6.93
chr22	24220491	24220584	chr22	24220491	24220584	GGT5	perfect	50	0.2823228	0.11444211384176468	0.15926	0.88889	0.25826	0.08199249999999997	1	WholeBlood	WholeBlood,Cells_EBV_transformedlymphocytes,Kidney_Cortex	5.3,1.902,1.624	1	WholeBlood	WholeBlood	5.3
chr22	24555614	24555825	chr22	24555614	24555935	GUCD1	perfect	50	0.0582452	0.01764276879561454	0.03334	0.13823	0.054285	0.010812499999999996	2	Cells_EBV_transformedlymphocytes,Testis	Testis,Cells_EBV_transformedlymphocytes,Cells_Culturedfibroblasts	4.534,3.22,1.777	2	Cells_EBV_transformedlymphocytes,Testis	Testis,Cells_EBV_transformedlymphocytes	4.534,3.22
chr22	25112177	25112462	chr22	25111841	25112462	KIAA1671,KIAA1671-AS1	perfect	50	0.1402544	0.11745022089552733	0	0.69064	0.12691	0.12037	1	Muscle_Skeletal	Muscle_Skeletal,MinorSalivaryGland,Breast_MammaryTissue	4.686,2.392,1.383	1	Muscle_Skeletal	Muscle_Skeletal	4.686
chr22	28028989	28029116	chr22	28028814	28029116	TTC28	perfect	50	0.004797599999999996	0.03392415493420581	0	0.23988	0	0	1	Testis	Testis,Adipose_Subcutaneous,Adipose_Visceral_Omentum	6.93,-0.141,-0.141	1	Testis	Testis	6.93
chr22	29167043	29167103	chr22	29167043	29168333	KREMEN1	perfect	50	0.0134348	0.03782854516831199	0	0.21739	0.00273	0.005000000000000001	1	Cells_EBV_transformedlymphocytes	Cells_EBV_transformedlymphocytes,Skin_NotSunExposed_Suprapubic,Skin_SunExposed_Lowerleg	5.392,2.649,2.613	1	Cells_EBV_transformedlymphocytes	Cells_EBV_transformedlymphocytes	5.392
chr22	29274264	29274267	chr22	29274264	29274453	EWSR1	perfect	50	0.029573400000000007	0.05624972357700783	0	0.21095	0	0.0366	1	Brain_CerebellarHemisphere	Brain_CerebellarHemisphere,Brain_FrontalCortex_BA9,Brain_Cerebellum	3.224,2.804,2.431	1	Brain_CerebellarHemisphere	Brain_CerebellarHemisphere	3.224
chr22	29274267	29274282	chr22	29274264	29274453	EWSR1	perfect	50	0.03025099999999999	0.0578165333408275	0	0.2179	0	0.0366	1	Brain_CerebellarHemisphere	Brain_CerebellarHemisphere,Brain_FrontalCortex_BA9,Brain_Cerebellum	3.246,2.796,2.459	1	Brain_CerebellarHemisphere	Brain_CerebellarHemisphere	3.246
chr22	29531077	29531110	chr22	29531077	29531110	THOC5	perfect	50	0.1043466	0.07759929895564883	0.00989	0.37353	0.081255	0.11230500000000002	1	Muscle_Skeletal	Muscle_Skeletal,Heart_LeftVentricle,Artery_Tibial	3.469,2.206,1.693	1	Muscle_Skeletal	Muscle_Skeletal	3.469
chr22	30449089	30449244	chr22	30447958	30449244	SEC14L3	perfect	50	0.05582100000000003	0.2109932947019494	0	1	0	0	2	Esophagus_Mucosa,WholeBlood	Esophagus_Mucosa,WholeBlood,Testis	4.475,4.475,2.369	2	Esophagus_Mucosa,WholeBlood	Esophagus_Mucosa,WholeBlood	4.475,4.475
chr22	30665492	30665554	chr22	30665492	30665559	SLC35E4	perfect	50	0.04487120000000001	0.13302327173476228	0	0.96354	0.02685	0.013937500000000005	1	Testis	Testis,SmallIntestine_TerminalIleum,Pituitary	6.906,0.105,0.092	1	Testis	Testis	6.906
chr22	30881680	30881802	chr22	30881680	30881802	OSBP2	perfect	50	0.010189599999999993	0.06306571467274175	0	0.44524	0	0	1	WholeBlood	WholeBlood,Testis,Heart_AtrialAppendage	6.898,0.35,0.282	1	WholeBlood	WholeBlood	6.898
chr22	31093447	31093783	chr22	31093357	31093876	SMTN	perfect	50	0.0531776	0.10527535745842899	0	0.52706	0.018029999999999997	0.036212499999999995	2	Heart_LeftVentricle,Muscle_Skeletal	Muscle_Skeletal,Heart_LeftVentricle,Heart_AtrialAppendage	4.501,4.164,2.558	2	Heart_LeftVentricle,Muscle_Skeletal	Muscle_Skeletal,Heart_LeftVentricle	4.501,4.164
chr22	31093783	31093876	chr22	31093357	31093876	SMTN	perfect	50	0.059560800000000004	0.1041487508589008	0	0.5304	0.029199999999999997	0.032400000000000005	2	Heart_LeftVentricle,Muscle_Skeletal	Muscle_Skeletal,Heart_LeftVentricle,Heart_AtrialAppendage	4.521,4.181,2.559	2	Heart_LeftVentricle,Muscle_Skeletal	Muscle_Skeletal,Heart_LeftVentricle	4.521,4.181
chr22	35752612	35752655	chr22	35752612	35752655	RBFOX2	perfect	50	0.013232800000000003	0.048811503915050396	0	0.27908	0	0.003175	2	Heart_LeftVentricle,Muscle_Skeletal	Muscle_Skeletal,Heart_LeftVentricle,Heart_AtrialAppendage	5.446,3.114,2.615	2	Heart_LeftVentricle,Muscle_Skeletal	Muscle_Skeletal,Heart_LeftVentricle	5.446,3.114
chr22	35840191	35840218	chr22	35840191	35840587	RBFOX2	perfect	50	0.637543	0.11160656001219238	0.17195	1	0.62866	0.10214250000000002	1	WholeBlood	WholeBlood,Brain_Nucleusaccumbens_basalganglia,Brain_Amygdala	3.248,1.186,1.153	1	WholeBlood	WholeBlood	3.248
chr22	37083082	37083086	chr22	37082849	37083086	TMPRSS6	perfect	50	0.005707799999999996	0.036292418969435775	0	0.25641	0	0	1	Testis	Testis,Pituitary,Liver	6.908,0.274,0.209	1	Testis	Testis	6.908
chr22	37759416	37759524	chr22	37759416	37760346	TRIOBP	perfect	50	0.0673632	0.022897499858174512	0.03807	0.19582	0.065215	0.014787500000000002	1	Muscle_Skeletal	Muscle_Skeletal,Brain_CerebellarHemisphere,Pituitary	5.61,1.362,1.227	1	Muscle_Skeletal	Muscle_Skeletal	5.61
chr22	37971244	37971298	chr22	37970685	37971298	SOX10	perfect	50	0.111739	0.07034996428207904	0	0.33333	0.102015	0.04267749999999999	1	Spleen	Spleen,Pituitary,Uterus	3.15,2.658,2.166	1	Spleen	Spleen	3.15
chr22	38025578	38025663	chr22	38025578	38025768	POLR2F	perfect	50	0.031066800000000002	0.02306117723953982	0	0.10854	0.027135	0.025609999999999997	1	Muscle_Skeletal	Muscle_Skeletal,Cells_EBV_transformedlymphocytes,Cells_Culturedfibroblasts	3.359,2.85,2.203	1	Muscle_Skeletal	Muscle_Skeletal	3.359
chr22	38097690	38097782	chr22	38097690	38097782	BAIAP2L2	perfect	50	0.0707864	0.11396432429170679	0	0.48492	0.020745	0.058905	1	Cells_Culturedfibroblasts	Cells_Culturedfibroblasts,Esophagus_Mucosa,WholeBlood	3.634,2.497,2.121	1	Cells_Culturedfibroblasts	Cells_Culturedfibroblasts	3.634
chr22	38665594	38665685	chr22	38665311	38665685	CBY1	perfect	50	0.044986799999999993	0.038236856535472236	0.00406	0.17245	0.030205000000000003	0.04094249999999999	1	Testis	Testis,Pancreas,WholeBlood	3.334,2.741,2.248	1	Testis	Testis	3.334
chr22	39102511	39102558	chr22	39102511	39102605	APOBEC3H	perfect	50	0.014375800000000005	0.0525232344734311	0	0.30303	0	0	2	Brain_CerebellarHemisphere,Brain_Cerebellum	Brain_Cerebellum,Brain_CerebellarHemisphere,Cells_EBV_transformedlymphocytes	5.496,3.388,1.248	2	Brain_CerebellarHemisphere,Brain_Cerebellum	Brain_Cerebellum,Brain_CerebellarHemisphere	5.496,3.388
chr22	39377014	39377038	chr22	39377014	39377075	SYNGR1	perfect	50	0.018067399999999997	0.041585982666356824	0	0.18007	0	0	2	Heart_AtrialAppendage,Muscle_Skeletal	Muscle_Skeletal,Heart_AtrialAppendage,Heart_LeftVentricle	3.896,3.324,2.177	2	Heart_AtrialAppendage,Muscle_Skeletal	Muscle_Skeletal,Heart_AtrialAppendage	3.896,3.324
chr22	39486165	39486248	chr22	39486165	39486269	MGAT3	perfect	50	0.006514599999999999	0.029541669167189477	0	0.20939	0	0.0064399999999999995	1	Testis	Testis,SmallIntestine_TerminalIleum,Brain_Cerebellum	6.867,0.258,0.173	1	Testis	Testis	6.867
chr22	40387218	40387227	chr22	40387218	40387489	ADSL	perfect	50	0.215949	0.12682683830840427	0.05373	0.66318	0.2074	0.147835	1	WholeBlood	WholeBlood,Cells_EBV_transformedlymphocytes,Pancreas	3.526,2.489,2.298	1	WholeBlood	WholeBlood	3.526
chr22	41682355	41682358	chr22	41682355	41682622	SNU13	perfect	50	0.1847874	0.05479415993050533	0.1026	0.40008	0.17783	0.02283999999999997	1	Testis	Testis,Heart_LeftVentricle,Heart_AtrialAppendage	3.929,2.995,2.849	1	Testis	Testis	3.929
chr22	41690434	41690449	chr22	41690434	41690504	SNU13	perfect	50	0.07353420000000001	0.06797442640629862	0	0.29985	0.07912	0.0983	1	Testis	Testis,Cells_Culturedfibroblasts,Cells_EBV_transformedlymphocytes	3.329,2.716,2.252	1	Testis	Testis	3.329
chr22	41940138	41940174	chr22	41940138	41940219	CENPM	perfect	50	0.10887419999999999	0.18319777927414838	0	0.66105	0	0.12794	1	Skin_NotSunExposed_Suprapubic	Skin_NotSunExposed_Suprapubic,Skin_SunExposed_Lowerleg,MinorSalivaryGland	3.014,2.617,2.223	1	Skin_NotSunExposed_Suprapubic	Skin_NotSunExposed_Suprapubic	3.014
chr22	42880616	42880622	chr22	42880616	42880622	PACSIN2	perfect	50	0.014383	0.027231603357653615	0	0.12537	0.0017699999999999999	0.015582499999999999	2	Brain_CerebellarHemisphere,Brain_Cerebellum	Brain_CerebellarHemisphere,Brain_Cerebellum,Brain_FrontalCortex_BA9	4.076,3.064,2.303	1	Brain_CerebellarHemisphere	Brain_CerebellarHemisphere	4.076
chr22	43999340	43999411	chr22	43999210	43999411	PARVB	perfect	50	0.0160136	0.039792295467995335	0	0.20654	0	0.014727500000000001	2	Brain_CerebellarHemisphere,Brain_Cerebellum	Brain_CerebellarHemisphere,Brain_Cerebellum,Heart_LeftVentricle	4.788,3.93,2.108	2	Brain_CerebellarHemisphere,Brain_Cerebellum	Brain_CerebellarHemisphere,Brain_Cerebellum	4.788,3.93
chr22	43999533	43999673	chr22	43999533	43999673	PARVB	perfect	50	0.0160136	0.039792295467995335	0	0.20654	0	0.014727500000000001	2	Brain_CerebellarHemisphere,Brain_Cerebellum	Brain_CerebellarHemisphere,Brain_Cerebellum,Heart_LeftVentricle	4.788,3.93,2.108	2	Brain_CerebellarHemisphere,Brain_Cerebellum	Brain_CerebellarHemisphere,Brain_Cerebellum	4.788,3.93
chr22	44809005	44809098	chr22	44809005	44809801	ARHGAP8,PRR5-ARHGAP8	perfect	50	0.019354999999999997	0.029258778780295768	0	0.12233	0	0.0404025	1	Testis	Testis,Bladder,Breast_MammaryTissue	3.519,2.343,1.645	1	Testis	Testis	3.519
chr22	45793652	45793778	chr22	45792417	45793778	ATXN10,TRNT1P2	perfect	50	0.057054	0.030490287848120166	0	0.15678	0.057165	0.0315125	1	Liver	Liver,Spleen,Pituitary	3.271,1.753,1.686	1	Liver	Liver	3.271
chr22	46390845	46391075	chr22	46390527	46391075	CELSR1	perfect	50	0.026476399999999997	0.029696874140459396	0	0.14286	0.025795	0.04428	1	Cells_EBV_transformedlymphocytes	Cells_EBV_transformedlymphocytes,Heart_AtrialAppendage,WholeBlood	3.919,2.562,1.514	1	Cells_EBV_transformedlymphocytes	Cells_EBV_transformedlymphocytes	3.919
chr22	48693356	48693381	chr22	48693246	48693381	TAFA5	perfect	50	0.030258199999999996	0.06158970410544215	0	0.28219	0	0.0334025	1	Nerve_Tibial	Nerve_Tibial,Ovary,Liver	4.09,2.784,2.58	1	Nerve_Tibial	Nerve_Tibial	4.09
chr22	49922296	49922443	chr22	49922293	49922443	CRELD2	perfect	50	0.0522652	0.01944953126133672	0.01997	0.14766	0.047	0.0191075	1	Testis	Testis,Colon_Sigmoid,Heart_LeftVentricle	4.905,1.68,1.519	1	Testis	Testis	4.905
chr22	50147141	50147149	chr22	50146964	50147149	MOV10L1	perfect	50	0.22453120000000001	0.13614413157310865	0	0.63636	0.22671000000000002	0.10025499999999998	1	Liver	Liver,Testis,Pancreas	3.025,2.091,2.023	1	Liver	Liver	3.025
chr22	50697564	50697715	chr22	50697563	50697715	SHANK3	perfect	50	0.6557568	0.11101306592414044	0.5344	1	0.608395	0.17751749999999988	1	WholeBlood	WholeBlood,Cells_Culturedfibroblasts,Brain_Spinalcord_cervicalc_1	3.101,2.911,1.697	1	WholeBlood	WholeBlood	3.101
chr22	50698689	50698803	chr22	50697998	50698803	SHANK3	perfect	50	0.6557568	0.11101306592414044	0.5344	1	0.608395	0.17751749999999988	1	WholeBlood	WholeBlood,Cells_Culturedfibroblasts,Brain_Spinalcord_cervicalc_1	3.101,2.911,1.697	1	WholeBlood	WholeBlood	3.101
chr22	50703859	50703935	chr22	50703859	50703935	SHANK3	perfect	50	0.6557568	0.11101306592414044	0.5344	1	0.608395	0.17751749999999988	1	WholeBlood	WholeBlood,Cells_Culturedfibroblasts,Brain_Spinalcord_cervicalc_1	3.101,2.911,1.697	1	WholeBlood	WholeBlood	3.101
chr22	50704165	50704248	chr22	50704165	50704248	SHANK3	perfect	50	0.6557568	0.11101306592414044	0.5344	1	0.608395	0.17751749999999988	1	WholeBlood	WholeBlood,Cells_Culturedfibroblasts,Brain_Spinalcord_cervicalc_1	3.101,2.911,1.697	1	WholeBlood	WholeBlood	3.101
chr22	50704737	50704862	chr22	50704737	50704862	SHANK3	perfect	50	0.6557568	0.11101306592414044	0.5344	1	0.608395	0.17751749999999988	1	WholeBlood	WholeBlood,Cells_Culturedfibroblasts,Brain_Spinalcord_cervicalc_1	3.101,2.911,1.697	1	WholeBlood	WholeBlood	3.101
chr22	50704963	50705096	chr22	50704963	50705096	SHANK3	perfect	50	0.6557568	0.11101306592414044	0.5344	1	0.608395	0.17751749999999988	1	WholeBlood	WholeBlood,Cells_Culturedfibroblasts,Brain_Spinalcord_cervicalc_1	3.101,2.911,1.697	1	WholeBlood	WholeBlood	3.101
chr22	50705899	50706071	chr22	50705375	50706152	SHANK3	perfect	50	0.0664454	0.05733938291881248	0	0.33333	0.0548	0.0232425	2	Cells_EBV_transformedlymphocytes,Pituitary	Cells_EBV_transformedlymphocytes,Pituitary,Brain_Cerebellum	4.654,3.721,1.336	2	Cells_EBV_transformedlymphocytes,Pituitary	Cells_EBV_transformedlymphocytes,Pituitary	4.654,3.721
chr3	3090245	3090256	chr3	3089970	3090256	IL5RA	perfect	50	0.021691799999999997	0.08653479646208627	0	0.51648	0	0	1	Spleen	Spleen,MinorSalivaryGland,SmallIntestine_TerminalIleum	5.718,2.831,2.182	1	Spleen	Spleen	5.718
chr3	9727346	9727379	chr3	9727346	9727450	CPNE9	perfect	50	0.007351800000000002	0.03688229013043125	0	0.25856	0	0	1	Testis	Testis,Pituitary,Brain_CerebellarHemisphere	6.811,0.858,0.213	1	Testis	Testis	6.811
chr3	9878778	9878792	chr3	9878720	9878813	CIDEC	perfect	50	0.060546	0.16593896672436834	0	0.91211	0	0	1	SmallIntestine_TerminalIleum	SmallIntestine_TerminalIleum,Colon_Transverse,Cells_Culturedfibroblasts	5.132,2.579,2.546	1	SmallIntestine_TerminalIleum	SmallIntestine_TerminalIleum	5.132
chr3	10332032	10332037	chr3	10331910	10332037	ATP2B2	perfect	50	0.0203216	0.06814824732679693	0	0.40329	0	0.0085275	1	Muscle_Skeletal	Muscle_Skeletal,Uterus,Nerve_Tibial	5.62,2.832,2.445	1	Muscle_Skeletal	Muscle_Skeletal	5.62
chr3	10336128	10336300	chr3	10336128	10336300	ATP2B2	perfect	50	0.0223106	0.0682963118019934	0	0.40329	0	0.0139325	1	Muscle_Skeletal	Muscle_Skeletal,Uterus,Nerve_Tibial	5.578,2.797,2.411	1	Muscle_Skeletal	Muscle_Skeletal	5.578
chr3	11510184	11510319	chr3	11510184	11510339	ATG7	perfect	50	0.0098072	0.018604850918894397	0	0.10498	0	0.018555	1	WholeBlood	WholeBlood,Testis,Adipose_Visceral_Omentum	5.115,2.803,0.974	1	WholeBlood	WholeBlood	5.115
chr3	12351592	12351674	chr3	12351416	12351674	PPARG	perfect	50	0.0197638	0.027417965575252192	0	0.11886	0	0.029859999999999998	1	Lung	Lung,Adipose_Visceral_Omentum,Adipose_Subcutaneous	3.614,2.321,2.023	1	Lung	Lung	3.614
chr3	12539160	12539370	chr3	12538801	12539658	MKRN2OS,TSEN2	perfect	50	0.0818258	0.10677423925139569	0	0.46263	0.046045	0.12135	2	Brain_Spinalcord_cervicalc_1,Heart_LeftVentricle	Heart_LeftVentricle,Brain_Spinalcord_cervicalc_1,Brain_Substantianigra	3.566,3.359,2.486	2	Brain_Spinalcord_cervicalc_1,Heart_LeftVentricle	Heart_LeftVentricle,Brain_Spinalcord_cervicalc_1	3.566,3.359
chr3	12557466	12557525	chr3	12557268	12557876	MKRN2	perfect	50	0.029956	0.04085600313095659	0	0.18746	0.01051	0.04607	1	Pituitary	Pituitary,Liver,Prostate	3.855,2.391,2.232	1	Pituitary	Pituitary	3.855
chr3	12850658	12850860	chr3	12850658	12850860	ENSG00000289809,IFT122P1	perfect	50	0.002700799999999998	0.017001688132269065	0	0.12005	0	0	1	Testis	Testis,Brain_CerebellarHemisphere,Brain_Cerebellum	6.902,0.367,0.197	1	Testis	Testis	6.902
chr3	12871735	12871755	chr3	12871735	12871919	ENSG00000289809	perfect	50	0.002700799999999998	0.017001688132269065	0	0.12005	0	0	1	Testis	Testis,Brain_CerebellarHemisphere,Brain_Cerebellum	6.902,0.367,0.197	1	Testis	Testis	6.902
chr3	13022032	13022100	chr3	13022032	13022596	IQSEC1	perfect	50	0.0122462	0.034619907914967316	0	0.23492	0.004875	0.0056099999999999995	1	Cells_EBV_transformedlymphocytes	Cells_EBV_transformedlymphocytes,AdrenalGland,Spleen	6.432,1.607,1.32	1	Cells_EBV_transformedlymphocytes	Cells_EBV_transformedlymphocytes	6.432
chr3	14555893	14555899	chr3	14555893	14556075	GRIP2	perfect	50	0.0139828	0.028169250570689416	0	0.11685	0	0.011587499999999999	1	Brain_FrontalCortex_BA9	Brain_FrontalCortex_BA9,Brain_Cortex,Brain_Anteriorcingulatecortex_BA24	3.652,2.773,2.714	1	Brain_FrontalCortex_BA9	Brain_FrontalCortex_BA9	3.652
chr3	15671609	15671630	chr3	15671609	15672955	BTD	perfect	50	0.073195	0.04908806294272965	0.02128	0.26065	0.059355	0.03197	2	Cells_Culturedfibroblasts,Cells_EBV_transformedlymphocytes	Cells_EBV_transformedlymphocytes,Cells_Culturedfibroblasts,Brain_Cerebellum	3.819,3.465,2.533	2	Cells_Culturedfibroblasts,Cells_EBV_transformedlymphocytes	Cells_EBV_transformedlymphocytes,Cells_Culturedfibroblasts	3.819,3.465
chr3	16226428	16226586	chr3	16226428	16226762	GALNT15	perfect	50	0.0366526	0.023482240689421407	0	0.15413	0.03927	0.018784999999999996	1	Testis	Testis,Spleen,Pituitary	5.003,1.942,1.068	1	Testis	Testis	5.003
chr3	16231792	16231870	chr3	16231792	16231992	GALNT15	perfect	50	0.012931400000000003	0.046878108071543884	0	0.33578	0.00647	0.008002500000000001	1	Testis	Testis,Skin_SunExposed_Lowerleg,Cells_Culturedfibroblasts	6.887,0.116,0.111	1	Testis	Testis	6.887
chr3	19936140	19936303	chr3	19936140	19936334	EFHB	perfect	50	0.3194476	0.1434811401893671	0.09091	1	0.30791500000000005	0.1813025	1	Muscle_Skeletal	Muscle_Skeletal,Brain_Cortex,Adipose_Subcutaneous	4.743,1.114,1.053	1	Muscle_Skeletal	Muscle_Skeletal	4.743
chr3	20161107	20161226	chr3	20160592	20161226	SGO1	perfect	50	0.04242519999999998	0.10243595855490017	0	0.36517	0	0	2	Esophagus_Mucosa,Testis	Esophagus_Mucosa,Testis,SmallIntestine_TerminalIleum	3.151,3.087,2.735	2	Esophagus_Mucosa,Testis	Esophagus_Mucosa,Testis	3.151,3.087
chr3	22168816	22169035	chr3	22168492	22169035	ZNF385D	perfect	50	0.014099800000000003	0.047844755731214564	0	0.21028	0	0	3	Brain_CerebellarHemisphere,Brain_Cerebellum,Testis	Brain_CerebellarHemisphere,Testis,Brain_Cerebellum	4.1,3.823,3.616	3	Brain_CerebellarHemisphere,Brain_Cerebellum,Testis	Brain_CerebellarHemisphere,Testis,Brain_Cerebellum	4.1,3.823,3.616
chr3	22372449	22372555	chr3	22372449	22372837	ZNF385D	perfect	50	0.014099800000000003	0.047844755731214564	0	0.21028	0	0	3	Brain_CerebellarHemisphere,Brain_Cerebellum,Testis	Brain_CerebellarHemisphere,Testis,Brain_Cerebellum	4.1,3.823,3.616	3	Brain_CerebellarHemisphere,Brain_Cerebellum,Testis	Brain_CerebellarHemisphere,Testis,Brain_Cerebellum	4.1,3.823,3.616
chr3	24165026	24165354	chr3	24165026	24165595	THRB	perfect	50	0.011202999999999996	0.05363668434143611	0	0.35714	0	0	1	Testis	Testis,Pituitary,Vagina	6.45,2.342,0.194	1	Testis	Testis	6.45
chr3	25174397	25174575	chr3	25174118	25174575	RARB	perfect	50	0.030807200000000003	0.06195022175645114	0	0.3432	0	0.04878	1	Esophagus_Muscularis	Esophagus_Muscularis,Esophagus_GastroesophagealJunction,Stomach	5.043,2.615,1.352	1	Esophagus_Muscularis	Esophagus_Muscularis	5.043
chr3	25462308	25462323	chr3	25462308	25466868	RARB	perfect	50	0.0336228	0.04711229516023716	0	0.33333	0.02564	0.012480000000000002	1	Testis	Testis,Skin_NotSunExposed_Suprapubic,Skin_SunExposed_Lowerleg	6.362,1.56,0.878	1	Testis	Testis	6.362
chr3	27215834	27215880	chr3	27215606	27215880	NEK10	perfect	50	0.02525700000000001	0.11388219077858754	0	0.8	0	0.014787500000000002	1	Cells_EBV_transformedlymphocytes	Cells_EBV_transformedlymphocytes,Testis,Muscle_Skeletal	6.803,0.886,0.304	1	Cells_EBV_transformedlymphocytes	Cells_EBV_transformedlymphocytes	6.803
chr3	27255267	27255304	chr3	27255111	27255304	NEK10	perfect	50	0.009893599999999999	0.03952525773502822	0	0.24446	0	0	1	Testis	Testis,Pituitary,Heart_LeftVentricle	5.935,2.439,1.666	1	Testis	Testis	5.935
chr3	27456650	27456683	chr3	27456650	27456754	SLC4A7	perfect	50	0.1520306	0.061039219824433444	0.05405	0.42935	0.13152	0.06148250000000001	1	Muscle_Skeletal	Muscle_Skeletal,Heart_AtrialAppendage,Heart_LeftVentricle	4.543,1.834,1.7	1	Muscle_Skeletal	Muscle_Skeletal	4.543
chr3	28331872	28331898	chr3	28331688	28331954	AZI2	perfect	50	0.128759	0.0324470403197303	0.05982	0.22636	0.12772499999999998	0.030600000000000002	1	Testis	Testis,Cells_EBV_transformedlymphocytes,Cells_Culturedfibroblasts	3.008,2.886,1.737	1	Testis	Testis	3.008
chr3	28331898	28331950	chr3	28331688	28331954	AZI2	perfect	50	0.20282239999999999	0.06749376178460298	0.10101	0.43699	0.187905	0.07943999999999998	1	Testis	Testis,Heart_LeftVentricle,Heart_AtrialAppendage	3.469,1.977,1.8	1	Testis	Testis	3.469
chr3	28331950	28331954	chr3	28331688	28331954	AZI2	perfect	50	0.128759	0.0324470403197303	0.05982	0.22636	0.12772499999999998	0.030600000000000002	1	Testis	Testis,Cells_EBV_transformedlymphocytes,Cells_Culturedfibroblasts	3.008,2.886,1.737	1	Testis	Testis	3.008
chr3	28478288	28478387	chr3	28478288	28478387	ZCWPW2	perfect	50	0.008773400000000006	0.05215173731076092	0	0.36611	0	0	1	Testis	Testis,Brain_Amygdala,Brain_Substantianigra	6.852,0.815,0.24	1	Testis	Testis	6.852
chr3	28511002	28511127	chr3	28511002	28511127	ZCWPW2	perfect	50	0.004811799999999997	0.034024564097134294	0	0.24059	0	0	1	Testis	Testis,Adipose_Subcutaneous,Adipose_Visceral_Omentum	6.93,-0.141,-0.141	1	Testis	Testis	6.93
chr3	28537110	28537251	chr3	28537110	28537251	ZCWPW2	perfect	50	0.004811799999999997	0.034024564097134294	0	0.24059	0	0	1	Testis	Testis,Adipose_Subcutaneous,Adipose_Visceral_Omentum	6.93,-0.141,-0.141	1	Testis	Testis	6.93
chr3	28537881	28537935	chr3	28537881	28538122	ZCWPW2	perfect	50	0.004811799999999997	0.034024564097134294	0	0.24059	0	0	1	Testis	Testis,Adipose_Subcutaneous,Adipose_Visceral_Omentum	6.93,-0.141,-0.141	1	Testis	Testis	6.93
chr3	30623198	30623273	chr3	30623198	30623273	TGFBR2	perfect	50	0.1767476	0.02476865527069177	0.1337	0.26585	0.175025	0.03317250000000002	1	Cells_Culturedfibroblasts	Cells_Culturedfibroblasts,Adipose_Subcutaneous,Artery_Tibial	3.597,1.559,1.429	1	Cells_Culturedfibroblasts	Cells_Culturedfibroblasts	3.597
chr3	32695625	32695827	chr3	32695540	32695827	CNOT10	perfect	50	0.003999199999999999	0.02827861439321241	0	0.19996	0	0	1	Testis	Testis,Adipose_Subcutaneous,Adipose_Visceral_Omentum	6.93,-0.141,-0.141	1	Testis	Testis	6.93
chr3	37273535	37273601	chr3	37273535	37273601	GOLGA4	perfect	50	0.050689	0.02828233026294051	0.01449	0.16084	0.04599	0.016765000000000002	3	Cells_Culturedfibroblasts,Cells_EBV_transformedlymphocytes,Muscle_Skeletal	Muscle_Skeletal,Cells_Culturedfibroblasts,Cells_EBV_transformedlymphocytes	3.895,3.542,3.238	3	Cells_Culturedfibroblasts,Cells_EBV_transformedlymphocytes,Muscle_Skeletal	Muscle_Skeletal,Cells_Culturedfibroblasts,Cells_EBV_transformedlymphocytes	3.895,3.542,3.238
chr3	38024336	38024433	chr3	38024155	38024787	ENSG00000300099,PLCD1	perfect	50	0.0897442	0.059062025960607105	0.0121	0.36667	0.07826	0.0704775	1	Cells_EBV_transformedlymphocytes	Cells_EBV_transformedlymphocytes,SmallIntestine_TerminalIleum,Brain_CerebellarHemisphere	4.689,1.358,1.357	1	Cells_EBV_transformedlymphocytes	Cells_EBV_transformedlymphocytes	4.689
chr3	39281608	39281695	chr3	39281608	39281735	CX3CR1	perfect	50	0.0172578	0.0411044864371921	0	0.15957	0	0	1	Brain_Caudate_basalganglia	Brain_Caudate_basalganglia,Brain_Substantianigra,Brain_Nucleusaccumbens_basalganglia	3.462,2.615,2.355	1	Brain_Caudate_basalganglia	Brain_Caudate_basalganglia	3.462
chr3	41882196	41882280	chr3	41882149	41882280	ULK4	perfect	50	0.1593336	0.10147040583463189	0.00593	0.51111	0.129735	0.09926999999999998	2	Brain_CerebellarHemisphere,Brain_Cerebellum	Brain_CerebellarHemisphere,Brain_Cerebellum,Muscle_Skeletal	3.467,3.067,1.715	2	Brain_CerebellarHemisphere,Brain_Cerebellum	Brain_CerebellarHemisphere,Brain_Cerebellum	3.467,3.067
chr3	42149535	42149599	chr3	42149234	42149599	TRAK1	perfect	50	0.0898772	0.14030408103567518	0.00858	0.64134	0.02345	0.12081	2	Heart_AtrialAppendage,Heart_LeftVentricle	Heart_LeftVentricle,Heart_AtrialAppendage,Muscle_Skeletal	3.93,3.394,2.817	2	Heart_AtrialAppendage,Heart_LeftVentricle	Heart_LeftVentricle,Heart_AtrialAppendage	3.93,3.394
chr3	42856330	42856471	chr3	42856004	42856471	ACKR2,CYP8B1	perfect	50	0.003759999999999998	0.022129929037022992	0	0.15385	0	0	1	Testis	Testis,Nerve_Tibial,Liver	6.782,1.28,-0.077	1	Testis	Testis	6.782
chr3	43551471	43551588	chr3	43551471	43551588	ANO10	perfect	50	0.048819	0.020882013865075957	0.02395	0.11753	0.046045	0.021339999999999998	3	Brain_CerebellarHemisphere,Brain_Cerebellum,Testis	Brain_CerebellarHemisphere,Testis,Brain_Cerebellum	3.29,3.286,3.171	3	Brain_CerebellarHemisphere,Brain_Cerebellum,Testis	Brain_CerebellarHemisphere,Testis,Brain_Cerebellum	3.29,3.286,3.171
chr3	44499184	44499299	chr3	44491765	44499299	ZNF852	perfect	50	0.3814598	0.04109897741863102	0.29032	0.53333	0.381295	0.043749999999999956	1	Brain_Hippocampus	Brain_Hippocampus,Pancreas,Muscle_Skeletal	3.695,1.649,1.604	1	Brain_Hippocampus	Brain_Hippocampus	3.695
chr3	44499301	44499893	chr3	44499301	44503110	ZNF852	perfect	50	0.3814598	0.04109897741863102	0.29032	0.53333	0.381295	0.043749999999999956	1	Brain_Hippocampus	Brain_Hippocampus,Pancreas,Muscle_Skeletal	3.695,1.649,1.604	1	Brain_Hippocampus	Brain_Hippocampus	3.695
chr3	44502641	44502668	chr3	44499301	44503110	ZNF852	perfect	50	0.3814598	0.04109897741863102	0.29032	0.53333	0.381295	0.043749999999999956	1	Brain_Hippocampus	Brain_Hippocampus,Pancreas,Muscle_Skeletal	3.695,1.649,1.604	1	Brain_Hippocampus	Brain_Hippocampus	3.695
chr3	44502964	44502979	chr3	44499301	44503110	ZNF852	perfect	50	0.3814598	0.04109897741863102	0.29032	0.53333	0.381295	0.043749999999999956	1	Brain_Hippocampus	Brain_Hippocampus,Pancreas,Muscle_Skeletal	3.695,1.649,1.604	1	Brain_Hippocampus	Brain_Hippocampus	3.695
chr3	44582971	44582988	chr3	44582971	44583483	ZKSCAN7	perfect	50	0.0567524	0.07511365297674054	0	0.44613	0.043625	0.0685325	1	Testis	Testis,Brain_FrontalCortex_BA9,Brain_Anteriorcingulatecortex_BA24	5.184,1.71,1.665	1	Testis	Testis	5.184
chr3	44799288	44799291	chr3	44799186	44799291	KIF15	perfect	50	0.004813799999999995	0.034038706232758016	0	0.24069	0	0	1	Testis	Testis,Adipose_Subcutaneous,Adipose_Visceral_Omentum	6.93,-0.141,-0.141	1	Testis	Testis	6.93
chr3	46468251	46468255	chr3	46468251	46468319	LTF	perfect	50	0.006079800000000002	0.030576957343191418	0	0.19504	0	0	1	Pancreas	Pancreas,Thyroid,Stomach	6.18,2.987,0.179	1	Pancreas	Pancreas	6.18
chr3	46743073	46743082	chr3	46742912	46743082	ENSG00000284672,PRSS45P	perfect	50	0.009354400000000004	0.046794984562930436	0	0.26772	0	0	2	Testis,Thyroid	Thyroid,Testis,Adipose_Subcutaneous	5.521,4.074,-0.2	2	Testis,Thyroid	Thyroid,Testis	5.521,4.074
chr3	46744755	46744790	chr3	46744642	46744790	ENSG00000284672,PRSS45P	perfect	50	0.009354400000000004	0.046794984562930436	0	0.26772	0	0	2	Testis,Thyroid	Thyroid,Testis,Adipose_Subcutaneous	5.521,4.074,-0.2	2	Testis,Thyroid	Thyroid,Testis	5.521,4.074
chr3	46748624	46748651	chr3	46748624	46748651	ENSG00000206549,ENSG00000284672,PRSS45P	perfect	50	0.009354400000000004	0.046794984562930436	0	0.26772	0	0	2	Testis,Thyroid	Thyroid,Testis,Adipose_Subcutaneous	5.521,4.074,-0.2	2	Testis,Thyroid	Thyroid,Testis	5.521,4.074
chr3	46750713	46750891	chr3	46750713	46750891	PRSS45P	perfect	50	0.009354400000000004	0.046794984562930436	0	0.26772	0	0	2	Testis,Thyroid	Thyroid,Testis,Adipose_Subcutaneous	5.521,4.074,-0.2	2	Testis,Thyroid	Thyroid,Testis	5.521,4.074
chr3	46902900	46902951	chr3	46902900	46902951	PTH1R	perfect	50	0.3931964	0.09066963541768275	0	0.66667	0.38692499999999996	0.05933999999999995	1	Cells_EBV_transformedlymphocytes	Cells_EBV_transformedlymphocytes,Brain_Spinalcord_cervicalc_1,Kidney_Cortex	3.016,2.724,1.646	1	Cells_EBV_transformedlymphocytes	Cells_EBV_transformedlymphocytes	3.016
chr3	47280951	47280988	chr3	47280951	47281195	KIF9	perfect	50	0.028588399999999996	0.03406829966825046	0	0.19868	0.02216	0.02427	1	Muscle_Skeletal	Muscle_Skeletal,Cells_Culturedfibroblasts,Esophagus_Mucosa	4.993,2.491,1.636	1	Muscle_Skeletal	Muscle_Skeletal	4.993
chr3	47975460	47975465	chr3	47973083	47975465	MAP4	perfect	50	0.0406146	0.08866225962882854	1.9e-4	0.40813	0.002685	0.0042175	1	Brain_CerebellarHemisphere	Brain_CerebellarHemisphere,Brain_FrontalCortex_BA9,Brain_Cerebellum	4.145,2.725,2.573	1	Brain_CerebellarHemisphere	Brain_CerebellarHemisphere	4.145
chr3	47987382	47987433	chr3	47987382	47987433	MAP4	perfect	50	0.0131558	0.021767745384923473	9e-4	0.12798	0.0059900000000000005	0.009995	1	Muscle_Skeletal	Muscle_Skeletal,Heart_LeftVentricle,Heart_AtrialAppendage	5.275,2.794,2.413	1	Muscle_Skeletal	Muscle_Skeletal	5.275
chr3	49317084	49317478	chr3	49316731	49317478	USP4	perfect	50	0.0421918	0.02394884324163163	0.01013	0.14852	0.0347	0.028675	1	WholeBlood	WholeBlood,Kidney_Cortex,Liver	4.44,1.646,1.639	1	WholeBlood	WholeBlood	4.44
chr3	50247068	50247075	chr3	50246893	50247075	GNAI2	perfect	50	0.0025472	0.01740533756275555	0	0.12315	0	0	1	Testis	Testis,Cells_Culturedfibroblasts,Lung	6.929,-0.093,-0.103	1	Testis	Testis	6.929
chr3	50373064	50373085	chr3	50373064	50373085	CACNA2D2	perfect	50	0.018730999999999998	0.03214569976319237	0	0.13151	0	0.035097500000000004	1	Brain_CerebellarHemisphere	Brain_CerebellarHemisphere,Brain_Cerebellum,Colon_Sigmoid	3.508,2.722,2.51	1	Brain_CerebellarHemisphere	Brain_CerebellarHemisphere	3.508
chr3	51973851	51973905	chr3	51973434	51973907	ABHD14A,ABHD14B	perfect	50	0.07322920000000001	0.050879800805026576	0.0168	0.24778	0.065310000000000007	0.06111750000000001	1	AdrenalGland	AdrenalGland,Cells_EBV_transformedlymphocytes,Liver	3.431,2.704,2.128	1	AdrenalGland	AdrenalGland	3.431
chr3	52534532	52534653	chr3	52534350	52535054	NT5DC2,UQCC5	perfect	50	0.0430112	0.028869826183001768	0	0.14245	0.040505	0.031560000000000005	1	Skin_SunExposed_Lowerleg	Skin_SunExposed_Lowerleg,Esophagus_Mucosa,Skin_NotSunExposed_Suprapubic	3.444,2.346,2.176	1	Skin_SunExposed_Lowerleg	Skin_SunExposed_Lowerleg	3.444
chr3	52834743	52834767	chr3	52834743	52834915	MUSTN1	perfect	50	0.0224284	0.01859725471950204	0	0.12464	0.02128	0.0194475	1	Muscle_Skeletal	Muscle_Skeletal,Liver,Bladder	5.496,1.709,0.893	1	Muscle_Skeletal	Muscle_Skeletal	5.496
chr3	53762550	53762634	chr3	53762550	53762634	CACNA1D	perfect	50	0.039304	0.036337720717441485	0	0.16111	0.03233	0.0447375	1	Cells_EBV_transformedlymphocytes	Cells_EBV_transformedlymphocytes,WholeBlood,Brain_Cerebellum	3.352,2.85,1.998	1	Cells_EBV_transformedlymphocytes	Cells_EBV_transformedlymphocytes	3.352
chr3	53790980	53790998	chr3	53790980	53792432	CACNA1D	perfect	50	0.0409174	0.03816193037356384	0	0.21111	0.040035	0.03725	1	Cells_EBV_transformedlymphocytes	Cells_EBV_transformedlymphocytes,WholeBlood,Brain_Hypothalamus	4.46,2.671,1.384	1	Cells_EBV_transformedlymphocytes	Cells_EBV_transformedlymphocytes	4.46
chr3	56774999	56775104	chr3	56774999	56775657	ARHGEF3	perfect	50	0.0084312	0.027308451008612625	0	0.14597	0	0	2	Brain_CerebellarHemisphere,Brain_Cerebellum	Brain_CerebellarHemisphere,Brain_Cerebellum,Brain_Anteriorcingulatecortex_BA24	5.036,4.178,1.14	2	Brain_CerebellarHemisphere,Brain_Cerebellum	Brain_CerebellarHemisphere,Brain_Cerebellum	5.036,4.178
chr3	56775104	56775113	chr3	56774999	56775657	ARHGEF3	perfect	50	0.008548800000000002	0.027918672899867516	0	0.15185	0	0	2	Brain_CerebellarHemisphere,Brain_Cerebellum	Brain_CerebellarHemisphere,Brain_Cerebellum,Brain_Anteriorcingulatecortex_BA24	5.133,4.083,1.11	2	Brain_CerebellarHemisphere,Brain_Cerebellum	Brain_CerebellarHemisphere,Brain_Cerebellum	5.133,4.083
chr3	57498502	57498538	chr3	57498003	57498538	DNAH12	perfect	50	0.0066666000000000026	0.04713998067458241	0	0.33333	0	0	1	Cells_EBV_transformedlymphocytes	Cells_EBV_transformedlymphocytes,Adipose_Subcutaneous,Adipose_Visceral_Omentum	6.93,-0.141,-0.141	1	Cells_EBV_transformedlymphocytes	Cells_EBV_transformedlymphocytes	6.93
chr3	58420535	58420538	chr3	58420535	58420960	PXK	perfect	50	0.1383748	0.09471598197662272	0.05232	0.49522	0.10475000000000001	0.05201	2	Brain_CerebellarHemisphere,Brain_Cerebellum	Brain_CerebellarHemisphere,Brain_Cerebellum,Testis	3.768,3.334,2.148	2	Brain_CerebellarHemisphere,Brain_Cerebellum	Brain_CerebellarHemisphere,Brain_Cerebellum	3.768,3.334
chr3	58420538	58420552	chr3	58420535	58420960	PXK	perfect	50	0.15370720000000002	0.10633024681584428	0.05232	0.54162	0.11495	0.07429250000000001	2	Brain_CerebellarHemisphere,Brain_Cerebellum	Brain_CerebellarHemisphere,Brain_Cerebellum,Brain_FrontalCortex_BA9	3.648,3.299,1.865	2	Brain_CerebellarHemisphere,Brain_Cerebellum	Brain_CerebellarHemisphere,Brain_Cerebellum	3.648,3.299
chr3	62513637	62513706	chr3	62513637	62513706	CADPS	perfect	50	0.0274614	0.03687860416201752	0	0.16319	0.009995	0.048494999999999996	1	Heart_LeftVentricle	Heart_LeftVentricle,Heart_AtrialAppendage,Colon_Sigmoid	3.68,2.295,1.967	1	Heart_LeftVentricle	Heart_LeftVentricle	3.68
chr3	62530653	62530812	chr3	62530653	62530812	CADPS	perfect	50	0.012682800000000001	0.02923063713130524	0	0.13929	0	0.010124999999999999	2	MinorSalivaryGland,Testis	Testis,MinorSalivaryGland,Pancreas	4.331,3.804,2.869	2	MinorSalivaryGland,Testis	Testis,MinorSalivaryGland	4.331,3.804
chr3	62626527	62626573	chr3	62625229	62626573	CADPS	perfect	50	0.004510400000000001	0.030287956315933888	0	0.21429	0	0	1	Cells_Culturedfibroblasts	Cells_Culturedfibroblasts,Heart_AtrialAppendage,Testis	6.926,0.019,0.001	1	Cells_Culturedfibroblasts	Cells_Culturedfibroblasts	6.926
chr3	63610473	63610539	chr3	63610473	63610553	SYNPR	perfect	50	0.019965399999999998	0.07900676391116324	0	0.54867	0	0.0025875	1	Heart_AtrialAppendage	Heart_AtrialAppendage,Brain_Caudate_basalganglia,Brain_Nucleusaccumbens_basalganglia	6.692,0.674,0.608	1	Heart_AtrialAppendage	Heart_AtrialAppendage	6.692
chr3	63663696	63663786	chr3	63663696	63663786	SNTN	perfect	50	0.007368400000000002	0.05210245606494957	0	0.36842	0	0	1	Testis	Testis,Adipose_Subcutaneous,Adipose_Visceral_Omentum	6.93,-0.141,-0.141	1	Testis	Testis	6.93
chr3	63997620	63997687	chr3	63997620	63997687	ATXN7	perfect	50	0.0499342	0.05069230030854221	0.01567	0.36071	0.03535	0.023872499999999998	1	Testis	Testis,Muscle_Skeletal,Cells_Culturedfibroblasts	6.131,1.804,1.104	1	Testis	Testis	6.131
chr3	64023804	64023835	chr3	64023804	64024010	PSMD6	perfect	50	0.0031990000000000018	0.02262034593015766	0	0.15995	0	0	1	Testis	Testis,Adipose_Subcutaneous,Adipose_Visceral_Omentum	6.93,-0.141,-0.141	1	Testis	Testis	6.93
chr3	65597680	65597735	chr3	65597680	65597735	MAGI1	perfect	50	0.048892	0.03082684968050563	0	0.17133	0.038335	0.0262825	1	Brain_Spinalcord_cervicalc_1	Brain_Spinalcord_cervicalc_1,Brain_Substantianigra,Brain_Cerebellum	3.972,2.131,2.035	1	Brain_Spinalcord_cervicalc_1	Brain_Spinalcord_cervicalc_1	3.972
chr3	69936722	69936755	chr3	69936586	69936755	MITF	perfect	50	0.3941866	0.19462400036166017	0	1	0.35431999999999997	0.14597999999999994	2	Brain_CerebellarHemisphere,WholeBlood	Brain_CerebellarHemisphere,WholeBlood,Liver	3.113,3.113,2.07	2	Brain_CerebellarHemisphere,WholeBlood	Brain_CerebellarHemisphere,WholeBlood	3.113,3.113
chr3	72378387	72378637	chr3	72371824	72378637	RYBP	perfect	50	0.0979166	0.04911895584087634	0.05585	0.31846	0.076695	0.0417975	1	WholeBlood	WholeBlood,Pancreas,Brain_Cerebellum	4.49,2.521,2.293	1	WholeBlood	WholeBlood	4.49
chr3	72379039	72379138	chr3	72379039	72379197	RYBP	perfect	50	0.0979166	0.04911895584087634	0.05585	0.31846	0.076695	0.0417975	1	WholeBlood	WholeBlood,Pancreas,Brain_Cerebellum	4.49,2.521,2.293	1	WholeBlood	WholeBlood	4.49
chr3	72379250	72379427	chr3	72379250	72380630	RYBP	perfect	50	0.0979166	0.04911895584087634	0.05585	0.31846	0.076695	0.0417975	1	WholeBlood	WholeBlood,Pancreas,Brain_Cerebellum	4.49,2.521,2.293	1	WholeBlood	WholeBlood	4.49
chr3	72446495	72446621	chr3	72446495	72446621	RYBP	perfect	50	0.0979166	0.04911895584087634	0.05585	0.31846	0.076695	0.0417975	1	WholeBlood	WholeBlood,Pancreas,Brain_Cerebellum	4.49,2.521,2.293	1	WholeBlood	WholeBlood	4.49
chr3	73433638	73433707	chr3	73433638	73433904	ENSG00000309320,PDZRN3	perfect	50	0.0133096	0.03181649578313689	0	0.16758	0	0.0087	2	Nerve_Tibial,Skin_NotSunExposed_Suprapubic	Nerve_Tibial,Skin_NotSunExposed_Suprapubic,Colon_Sigmoid	4.849,3.102,2.189	2	Nerve_Tibial,Skin_NotSunExposed_Suprapubic	Nerve_Tibial,Skin_NotSunExposed_Suprapubic	4.849,3.102
chr3	75937493	75937602	chr3	75937480	75937602	ROBO2	perfect	50	0.0423114	0.1435103126211222	0	1	0.002875	0.04207	1	Cells_Culturedfibroblasts	Cells_Culturedfibroblasts,Pituitary,Skin_SunExposed_Lowerleg	6.673,0.998,0.649	1	Cells_Culturedfibroblasts	Cells_Culturedfibroblasts	6.673
chr3	81743556	81743576	chr3	81743556	81743629	GBE1	perfect	50	0.0039121999999999985	0.022747818759752104	0	0.15951	0	0	1	Bladder	Bladder,Skin_SunExposed_Lowerleg,Muscle_Skeletal	6.84,0.78,0.463	1	Bladder	Bladder	6.84
chr3	87240371	87240453	chr3	87239391	87240453	CHMP2B	perfect	50	0.0467284	0.02177611848248593	0.00132	0.12258	0.042124999999999996	0.0201425	1	Brain_CerebellarHemisphere	Brain_CerebellarHemisphere,Cells_EBV_transformedlymphocytes,Ovary	3.483,1.722,1.62	1	Brain_CerebellarHemisphere	Brain_CerebellarHemisphere	3.483
chr3	94037931	94038018	chr3	94037931	94038018	ARL13B	perfect	50	0.002353	0.016638222561319468	0	0.11765	0	0	1	Brain_Spinalcord_cervicalc_1	Brain_Spinalcord_cervicalc_1,Adipose_Subcutaneous,Adipose_Visceral_Omentum	6.93,-0.141,-0.141	1	Brain_Spinalcord_cervicalc_1	Brain_Spinalcord_cervicalc_1	6.93
chr3	97010003	97010026	chr3	97010003	97010134	EPHA6	perfect	50	0.007381600000000004	0.032638230329176975	0	0.21053	0	0	1	Nerve_Tibial	Nerve_Tibial,Thyroid,Esophagus_Mucosa	6.224,2.002,1.962	1	Nerve_Tibial	Nerve_Tibial	6.224
chr3	97466418	97466482	chr3	97466418	97466482	EPHA6	perfect	50	0.0044893999999999976	0.03174485183458886	0	0.22447	0	0	1	Testis	Testis,Adipose_Subcutaneous,Adipose_Visceral_Omentum	6.93,-0.141,-0.141	1	Testis	Testis	6.93
chr3	97648285	97648327	chr3	97648285	97648577	EPHA6	perfect	50	0.0044893999999999976	0.03174485183458886	0	0.22447	0	0	1	Testis	Testis,Adipose_Subcutaneous,Adipose_Visceral_Omentum	6.93,-0.141,-0.141	1	Testis	Testis	6.93
chr3	98501431	98501520	chr3	98500839	98501520	CLDND1	perfect	50	0.0384676	0.03325534160315989	7.9e-4	0.18121	0.03545	0.043	1	Muscle_Skeletal	Muscle_Skeletal,Artery_Tibial,Artery_Coronary	4.292,2.115,1.351	1	Muscle_Skeletal	Muscle_Skeletal	4.292
chr3	100519563	100519608	chr3	100519426	100519608	TMEM45A	perfect	50	0.1582782	0.08920420296884066	0	0.47851	0.15107500000000001	0.0712	2	Skin_NotSunExposed_Suprapubic,Skin_SunExposed_Lowerleg	Skin_SunExposed_Lowerleg,Skin_NotSunExposed_Suprapubic,WholeBlood	3.59,3.337,2.302	2	Skin_NotSunExposed_Suprapubic,Skin_SunExposed_Lowerleg	Skin_SunExposed_Lowerleg,Skin_NotSunExposed_Suprapubic	3.59,3.337
chr3	108055519	108055566	chr3	108055519	108055566	CD47	perfect	50	0.04706	0.08072811492147892	0.0047	0.53523	0.029205000000000002	0.0331275	1	Testis	Testis,Pituitary,Prostate	6.047,2.471,0.974	1	Testis	Testis	6.047
chr3	108328303	108328347	chr3	108328269	108328347	HHLA2	perfect	50	0.004804999999999997	0.03397648083601361	0	0.24025	0	0	1	Testis	Testis,Adipose_Subcutaneous,Adipose_Visceral_Omentum	6.93,-0.141,-0.141	1	Testis	Testis	6.93
chr3	111577501	111577549	chr3	111577501	111577549	CD96	perfect	50	0.07328319999999998	0.23867753358565313	0	1	0	0.0062775	3	Brain_Amygdala,Brain_Cortex,Brain_FrontalCortex_BA9	Brain_Amygdala,Brain_Cortex,Brain_FrontalCortex_BA9	3.883,3.883,3.883	3	Brain_Amygdala,Brain_Cortex,Brain_FrontalCortex_BA9	Brain_Amygdala,Brain_Cortex,Brain_FrontalCortex_BA9	3.883,3.883,3.883
chr3	111949701	111949890	chr3	111949701	111949890	PHLDB2	perfect	50	0.0208986	0.02545082268908061	0	0.14379	0.019450000000000002	0.02574	1	Heart_LeftVentricle	Heart_LeftVentricle,Muscle_Skeletal,Heart_AtrialAppendage	4.829,2.629,2.35	1	Heart_LeftVentricle	Heart_LeftVentricle	4.829
chr3	112043046	112043064	chr3	112042977	112043064	TMPRSS7	perfect	50	0.008383200000000004	0.05927817568043065	0	0.41916	0	0	1	Testis	Testis,Adipose_Subcutaneous,Adipose_Visceral_Omentum	6.93,-0.141,-0.141	1	Testis	Testis	6.93
chr3	112335942	112336017	chr3	112335604	112336017	CD200	perfect	50	0.0219496	0.03745517080784571	0	0.26596	0.015555	0.019027500000000003	1	Testis	Testis,Cells_EBV_transformedlymphocytes,MinorSalivaryGland	6.515,0.883,0.397	1	Testis	Testis	6.515
chr3	115663778	115663916	chr3	115663520	115663916	GAP43	perfect	50	0.007818799999999999	0.024647422073254294	0	0.17308	0	0.011125	1	Testis	Testis,Pituitary,Brain_CerebellarHemisphere	6.705,0.467,0.42	1	Testis	Testis	6.705
chr3	119159892	119159925	chr3	119159892	119160042	TEX55	perfect	50	0.0026805999999999983	0.018954704376486595	0	0.13403	0	0	1	Testis	Testis,Adipose_Subcutaneous,Adipose_Visceral_Omentum	6.93,-0.141,-0.141	1	Testis	Testis	6.93
chr3	119676861	119676966	chr3	119676730	119676966	COX17	perfect	50	0.014590400000000002	0.019379500210484363	0.00524	0.14516	0.011125	0.0068000000000000005	1	Testis	Testis,Brain_Spinalcord_cervicalc_1,Artery_Aorta	6.738,0.34,0.337	1	Testis	Testis	6.738
chr3	119782757	119782852	chr3	119782709	119782852	NR1I2	perfect	50	0.007683000000000002	0.03811873717044396	0	0.2446	0	0	1	Cells_EBV_transformedlymphocytes	Cells_EBV_transformedlymphocytes,Brain_Hypothalamus,Liver	6.215,2.885,0.373	1	Cells_EBV_transformedlymphocytes	Cells_EBV_transformedlymphocytes	6.215
chr3	121282265	121282337	chr3	121282265	121282337	STXBP5L	perfect	50	0.018706399999999998	0.04097573332436392	0	0.20492	0	0	1	Testis	Testis,Brain_Cerebellum,Brain_CerebellarHemisphere	4.544,2.654,1.7	1	Testis	Testis	4.544
chr3	124162708	124162767	chr3	124162708	124164686	KALRN	perfect	50	0.0587622	0.06975954772748214	0	0.5	0.051615	0.04701500000000001	1	Cells_Culturedfibroblasts	Cells_Culturedfibroblasts,Adipose_Subcutaneous,Breast_MammaryTissue	6.325,0.621,0.579	1	Cells_Culturedfibroblasts	Cells_Culturedfibroblasts	6.325
chr3	124518399	124518462	chr3	124518062	124519850	KALRN	perfect	50	0.07295379999999999	0.11053256092229481	0	0.42644	0.026205	0.04554999999999999	1	Brain_FrontalCortex_BA9	Brain_FrontalCortex_BA9,Brain_Cortex,Brain_Anteriorcingulatecortex_BA24	3.198,2.818,2.676	1	Brain_FrontalCortex_BA9	Brain_FrontalCortex_BA9	3.198
chr3	124518462	124518499	chr3	124518062	124519850	KALRN	perfect	50	0.026701999999999997	0.026151939171866003	0	0.11541	0.019005	0.02195	1	Brain_Hippocampus	Brain_Hippocampus,Brain_Anteriorcingulatecortex_BA24,Brain_Amygdala	3.392,2.489,2.413	1	Brain_Hippocampus	Brain_Hippocampus	3.392
chr3	124584821	124584906	chr3	124584658	124584906	KALRN	perfect	50	0.0850534	0.0867584925351956	0	0.36032	0.049159999999999995	0.0984875	1	Cells_EBV_transformedlymphocytes	Cells_EBV_transformedlymphocytes,Esophagus_Mucosa,Muscle_Skeletal	3.173,2.817,2.349	1	Cells_EBV_transformedlymphocytes	Cells_EBV_transformedlymphocytes	3.173
chr3	124661008	124661089	chr3	124661008	124661089	KALRN	perfect	50	0.0396614	0.05551124504612943	0	0.23863	0.014429999999999998	0.064355	1	Heart_LeftVentricle	Heart_LeftVentricle,Muscle_Skeletal,Heart_AtrialAppendage	3.584,2.615,2.32	1	Heart_LeftVentricle	Heart_LeftVentricle	3.584
chr3	125014712	125015012	chr3	125014712	125015012	HEG1	perfect	50	0.1527832	0.0487151383854995	0.07191	0.35596	0.15105000000000002	0.04090500000000001	2	Cells_Culturedfibroblasts,Cells_EBV_transformedlymphocytes	Cells_EBV_transformedlymphocytes,Cells_Culturedfibroblasts,WholeBlood	4.171,3.733,1.499	2	Cells_Culturedfibroblasts,Cells_EBV_transformedlymphocytes	Cells_EBV_transformedlymphocytes,Cells_Culturedfibroblasts	4.171,3.733
chr3	126056357	126056513	chr3	126056357	126056838	SLC41A3	perfect	50	0.007447999999999998	0.036398234426792665	0	0.25249	0	0	1	Testis	Testis,AdrenalGland,Heart_LeftVentricle	6.732,1.306,0.475	1	Testis	Testis	6.732
chr3	126056513	126056552	chr3	126056357	126056838	SLC41A3	perfect	50	0.007345599999999999	0.0360794565980166	0	0.2505	0	0	1	Testis	Testis,AdrenalGland,Heart_LeftVentricle	6.739,1.268,0.482	1	Testis	Testis	6.739
chr3	129092516	129092593	chr3	129092499	129092593	RAB43	perfect	50	0.2466548	0.22742402875255027	0	1	0.192435	0.359975	1	Muscle_Skeletal	Muscle_Skeletal,Cells_EBV_transformedlymphocytes,Cells_Culturedfibroblasts	3.313,2.066,1.74	1	Muscle_Skeletal	Muscle_Skeletal	3.313
chr3	129561033	129561056	chr3	129561033	129561056	PLXND1	perfect	50	0.1571988	0.01774424559094685	0.12754	0.21739	0.154315	0.020112499999999978	1	Cells_EBV_transformedlymphocytes	Cells_EBV_transformedlymphocytes,Cells_Culturedfibroblasts,Artery_Tibial	3.392,2.718,1.689	1	Cells_EBV_transformedlymphocytes	Cells_EBV_transformedlymphocytes	3.392
chr3	130850820	130850928	chr3	130850510	130850928	ATP2C1	perfect	50	0.0271654	0.042137795832148564	0	0.20152	0.010915000000000001	0.0409075	2	Cells_EBV_transformedlymphocytes,Heart_LeftVentricle	Cells_EBV_transformedlymphocytes,Heart_LeftVentricle,Heart_AtrialAppendage	4.138,3.565,1.854	2	Cells_EBV_transformedlymphocytes,Heart_LeftVentricle	Cells_EBV_transformedlymphocytes,Heart_LeftVentricle	4.138,3.565
chr3	131174766	131174777	chr3	131174766	131175130	NEK11	perfect	50	0.0215378	0.01990788637598637	0	0.13677	0.020595000000000002	0.01041	1	Testis	Testis,Esophagus_Mucosa,Lung	5.788,1.489,0.633	1	Testis	Testis	5.788
chr3	131184701	131184748	chr3	131184701	131184773	NEK11	perfect	50	0.004906399999999997	0.034693487112136774	0	0.24532	0	0	1	Testis	Testis,Adipose_Subcutaneous,Adipose_Visceral_Omentum	6.93,-0.141,-0.141	1	Testis	Testis	6.93
chr3	133386423	133386437	chr3	133386423	133389683	TMEM108	perfect	50	0.020462400000000002	0.01938501625861941	0	0.12903	0.019135	0.0085925	1	Cells_EBV_transformedlymphocytes	Cells_EBV_transformedlymphocytes,SmallIntestine_TerminalIleum,Spleen	5.601,1.524,1.344	1	Cells_EBV_transformedlymphocytes	Cells_EBV_transformedlymphocytes	5.601
chr3	136023069	136023201	chr3	136022734	136023201	PPP2R3A	perfect	50	0.032928	0.07667617835110598	0	0.35304	0.01753	0.0249375	3	Heart_AtrialAppendage,Heart_LeftVentricle,Muscle_Skeletal	Heart_AtrialAppendage,Muscle_Skeletal,Heart_LeftVentricle	4.175,4.158,3.044	3	Heart_AtrialAppendage,Heart_LeftVentricle,Muscle_Skeletal	Heart_AtrialAppendage,Muscle_Skeletal,Heart_LeftVentricle	4.175,4.158,3.044
chr3	136518395	136518415	chr3	136518042	136518415	STAG1	perfect	50	0.0521302	0.029574086870855335	0.00524	0.18192	0.051614999999999994	0.038400000000000004	1	Testis	Testis,Skin_NotSunExposed_Suprapubic,WholeBlood	4.389,1.598,1.152	1	Testis	Testis	4.389
chr3	136930560	136930594	chr3	136930469	136930594	NCK1	perfect	50	0.0709168	0.05059051977981484	0	0.2426	0.06253	0.074175	1	Esophagus_Mucosa	Esophagus_Mucosa,Adipose_Subcutaneous,Vagina	3.394,1.763,1.714	1	Esophagus_Mucosa	Esophagus_Mucosa	3.394
chr3	137998868	137999088	chr3	137998734	137999088	CLDN18	perfect	50	0.01939980000000001	0.13522127791882457	0	0.95634	0	0	1	Stomach	Stomach,Lung,Adipose_Subcutaneous	6.929,-0.043,-0.143	1	Stomach	Stomach	6.929
chr3	139571403	139571482	chr3	139565396	139571482	NMNAT3	perfect	50	0.0517206	0.13875131510183894	0	1	0.02825	0.014247500000000003	1	Cells_Culturedfibroblasts	Cells_Culturedfibroblasts,Cells_EBV_transformedlymphocytes,Ovary	6.834,0.828,0.121	1	Cells_Culturedfibroblasts	Cells_Culturedfibroblasts	6.834
chr3	139572106	139572233	chr3	139572106	139572233	NMNAT3	perfect	50	0.066363	0.14066294950798422	0	1	0.03497	0.021317499999999993	1	Cells_Culturedfibroblasts	Cells_Culturedfibroblasts,Brain_Cerebellum,Brain_CerebellarHemisphere	6.637,0.928,0.759	1	Cells_Culturedfibroblasts	Cells_Culturedfibroblasts	6.637
chr3	141274571	141274623	chr3	141272664	141274623	PXYLP1	perfect	50	0.040645600000000004	0.03542073226406322	0.00306	0.15965	0.031005	0.04544999999999999	1	Spleen	Spleen,SmallIntestine_TerminalIleum,Liver	3.36,2.486,1.84	1	Spleen	Spleen	3.36
chr3	142313135	142313174	chr3	142313135	142313174	XRN1	perfect	50	0.0836064	0.011391418316667427	0.06346	0.13349	0.08302999999999999	0.01249249999999999	1	Testis	Testis,Brain_Hippocampus,Cells_Culturedfibroblasts	4.379,1.439,1.342	1	Testis	Testis	4.379
chr3	142950551	142950576	chr3	142949163	142950576	PAQR9	perfect	50	0.0111766	0.05398554200290054	0	0.34979	0	0	1	Testis	Testis,Liver,Heart_LeftVentricle	6.272,2.748,0.32	1	Testis	Testis	6.272
chr3	142951796	142951806	chr3	142951562	142951806	PAQR9	perfect	50	0.007203000000000001	0.05093290144886701	0	0.36015	0	0	1	Testis	Testis,Adipose_Subcutaneous,Adipose_Visceral_Omentum	6.93,-0.141,-0.141	1	Testis	Testis	6.93
chr3	142952790	142952850	chr3	142952790	142952850	PAQR9	perfect	50	0.018379599999999992	0.10240222739446123	0	0.70994	0	0	1	Testis	Testis,Liver,Heart_LeftVentricle	6.753,1.378,0.099	1	Testis	Testis	6.753
chr3	146495894	146495922	chr3	146495894	146495991	PLSCR2	perfect	50	0.01666919999999998	0.11786904356954798	0	0.83346	0	0	1	Testis	Testis,Adipose_Subcutaneous,Adipose_Visceral_Omentum	6.93,-0.141,-0.141	1	Testis	Testis	6.93
chr3	149165961	149166050	chr3	149165945	149166050	CP	perfect	50	0.4540602	0.16810317483544177	0	1	0.462295	0.1643075	1	Cells_EBV_transformedlymphocytes	Cells_EBV_transformedlymphocytes,Ovary,Heart_LeftVentricle	3.248,2.964,1.158	1	Cells_EBV_transformedlymphocytes	Cells_EBV_transformedlymphocytes	3.248
chr3	150940480	150940519	chr3	150940480	150940519	CLRN1	perfect	50	0.004912199999999997	0.03473449930544556	0	0.24561	0	0	1	AdrenalGland	AdrenalGland,Adipose_Subcutaneous,Adipose_Visceral_Omentum	6.93,-0.141,-0.141	1	AdrenalGland	AdrenalGland	6.93
chr3	155483368	155483376	chr3	155483348	155483376	PLCH1	perfect	50	0.06325180000000002	0.1713333531594392	0	0.65182	0	0	2	Brain_CerebellarHemisphere,Brain_FrontalCortex_BA9	Brain_CerebellarHemisphere,Brain_FrontalCortex_BA9,Brain_Cortex	3.435,3.091,2.809	2	Brain_CerebellarHemisphere,Brain_FrontalCortex_BA9	Brain_CerebellarHemisphere,Brain_FrontalCortex_BA9	3.435,3.091
chr3	155486146	155486206	chr3	155486146	155486206	PLCH1	perfect	50	0.07288759999999997	0.18124698713397372	0	0.65182	0	0	1	Brain_CerebellarHemisphere	Brain_CerebellarHemisphere,Brain_FrontalCortex_BA9,Brain_Cortex	3.194,2.891,2.631	1	Brain_CerebellarHemisphere	Brain_CerebellarHemisphere	3.194
chr3	155675996	155676039	chr3	155675996	155676416	PLCH1	perfect	50	0.07569719999999998	0.18607469236556282	0	0.66397	0	0	1	Brain_CerebellarHemisphere	Brain_CerebellarHemisphere,Brain_FrontalCortex_BA9,Brain_Cortex	3.161,2.864,2.604	1	Brain_CerebellarHemisphere	Brain_CerebellarHemisphere	3.161
chr3	156118310	156118339	chr3	156118210	156118339	KCNAB1	perfect	50	0.006270599999999999	0.01994013657354003	0	0.12393	0	0	1	Testis	Testis,Brain_Substantianigra,Brain_Amygdala	5.901,2.159,1.852	1	Testis	Testis	5.901
chr3	156291907	156292117	chr3	156291036	156292128	KCNAB1	perfect	50	0.0728742	0.14852164172803864	0	0.58965	0	0.021387499999999997	1	Brain_CerebellarHemisphere	Brain_CerebellarHemisphere,Brain_FrontalCortex_BA9,Brain_Nucleusaccumbens_basalganglia	3.479,2.623,2.321	1	Brain_CerebellarHemisphere	Brain_CerebellarHemisphere	3.479
chr3	156888296	156888402	chr3	156888296	156888469	LEKR1	perfect	50	0.0079434000000000015	0.03934076514875881	0	0.20633	0	0	2	Cells_EBV_transformedlymphocytes,Testis	Testis,Cells_EBV_transformedlymphocytes,Adipose_Subcutaneous	5.043,4.649,-0.202	2	Cells_EBV_transformedlymphocytes,Testis	Testis,Cells_EBV_transformedlymphocytes	5.043,4.649
chr3	158105057	158105125	chr3	158105057	158105294	SHOX2	perfect	50	0.0178876	0.061997688750863755	0	0.42214	0	0	1	Testis	Testis,Artery_Tibial,Nerve_Tibial	6.52,1.243,0.628	1	Testis	Testis	6.52
chr3	158105125	158105129	chr3	158105057	158105294	SHOX2	perfect	50	0.0173752	0.061451247716198185	0	0.42214	0	0	1	Testis	Testis,Artery_Tibial,Nerve_Tibial	6.587,0.845,0.642	1	Testis	Testis	6.587
chr3	159265214	159265400	chr3	159265214	159266307	IQCJ	perfect	50	0.04188459999999999	0.1952139489329592	0	1	0	0	2	Brain_Amygdala,Testis	Brain_Amygdala,Testis,Pituitary	4.908,4.75,0.426	2	Brain_Amygdala,Testis	Brain_Amygdala,Testis	4.908,4.75
chr3	159853379	159853457	chr3	159852938	159853457	SCHIP1	perfect	50	0.143896	0.21064380591754545	0	0.89923	0.077275	0.2070625	2	Heart_AtrialAppendage,Heart_LeftVentricle	Heart_LeftVentricle,Heart_AtrialAppendage,Muscle_Skeletal	3.586,3.29,2.471	2	Heart_AtrialAppendage,Heart_LeftVentricle	Heart_LeftVentricle,Heart_AtrialAppendage	3.586,3.29
chr3	160485358	160485376	chr3	160485358	160485773	TRIM59	perfect	50	0.09900199999999999	0.15786187751141365	0	0.62791	0	0.2013875	1	Muscle_Skeletal	Muscle_Skeletal,Brain_CerebellarHemisphere,Brain_Cerebellum	3.35,2.57,2.364	1	Muscle_Skeletal	Muscle_Skeletal	3.35
chr3	160504000	160504067	chr3	160504000	160504067	KPNA4	perfect	50	0.006847800000000003	0.03310268971684619	0	0.17904	0	0	2	Cells_Culturedfibroblasts,Cells_EBV_transformedlymphocytes	Cells_Culturedfibroblasts,Cells_EBV_transformedlymphocytes,Bladder	5.202,4.469,-0.104	2	Cells_Culturedfibroblasts,Cells_EBV_transformedlymphocytes	Cells_Culturedfibroblasts,Cells_EBV_transformedlymphocytes	5.202,4.469
chr3	165778652	165778738	chr3	165778273	165778738	BCHE	perfect	50	0.011427600000000001	0.018652053293984356	0	0.10949	0.002935	0.018174999999999997	1	Testis	Testis,Skin_SunExposed_Lowerleg,Skin_NotSunExposed_Suprapubic	5.257,1.603,1.522	1	Testis	Testis	5.257
chr3	167566849	167566894	chr3	167566829	167566894	WDR49	perfect	50	0.004477	0.01945341544431157	0	0.125	0	0	1	Lung	Lung,Brain_Caudate_basalganglia,Brain_Hypothalamus	6.195,2.384,1.495	1	Lung	Lung	6.195
chr3	171347206	171347218	chr3	171346933	171347218	TNIK	perfect	50	0.1221534	0.07909591533636841	0.02201	0.42685	0.09934000000000001	0.05530249999999999	1	Heart_LeftVentricle	Heart_LeftVentricle,Muscle_Skeletal,Heart_AtrialAppendage	3.852,2.944,2.803	1	Heart_LeftVentricle	Heart_LeftVentricle	3.852
chr3	179233288	179233352	chr3	179233288	179233371	PIK3CA	perfect	50	0.0291836	0.06738612140644454	0	0.34978	0.01009	0.0234175	2	Cells_Culturedfibroblasts,Cells_EBV_transformedlymphocytes	Cells_Culturedfibroblasts,Cells_EBV_transformedlymphocytes,Esophagus_Mucosa	4.758,4.528,0.959	2	Cells_Culturedfibroblasts,Cells_EBV_transformedlymphocytes	Cells_Culturedfibroblasts,Cells_EBV_transformedlymphocytes	4.758,4.528
chr3	179410561	179410597	chr3	179410318	179410597	GNB4	perfect	50	0.02089	0.02387788328567006	0	0.14468	0.01446	0.0113375	2	Cells_EBV_transformedlymphocytes,Testis	Testis,Cells_EBV_transformedlymphocytes,Brain_Cortex	5.184,3.237,1.18	1	Testis	Testis	5.184
chr3	179900669	179900735	chr3	179900669	179900735	PEX5L	perfect	50	0.020482199999999992	0.10654690765947138	0	0.73746	0	0	1	Testis	Testis,Nerve_Tibial,Pituitary	6.729,1.298,0.421	1	Testis	Testis	6.729
chr3	179973158	179973251	chr3	179973158	179973318	PEX5L	perfect	50	0.04704279999999999	0.08150614452960978	0	0.36036	0	0.07253	1	Cells_EBV_transformedlymphocytes	Cells_EBV_transformedlymphocytes,Brain_Spinalcord_cervicalc_1,Brain_Caudate_basalganglia	3.844,2.167,2.137	1	Cells_EBV_transformedlymphocytes	Cells_EBV_transformedlymphocytes	3.844
chr3	180613848	180613858	chr3	180613813	180613864	CCDC39	perfect	50	0.0269832	0.06395159184692047	0	0.23154	0	0	2	Muscle_Skeletal,Testis	Testis,Muscle_Skeletal,Adipose_Subcutaneous	3.199,3.152,2.954	2	Muscle_Skeletal,Testis	Testis,Muscle_Skeletal	3.199,3.152
chr3	180613858	180613864	chr3	180613813	180613864	CCDC39	perfect	50	0.0283006	0.06874990040541949	0	0.29741	0	0	1	Testis	Testis,Muscle_Skeletal,Adipose_Subcutaneous	3.914,2.913,2.729	1	Testis	Testis	3.914
chr3	180617379	180617564	chr3	180617379	180617828	TTC14	perfect	50	0.1176996	0.05074289546974099	0.04954	0.31976	0.109935	0.045947499999999974	1	Brain_CerebellarHemisphere	Brain_CerebellarHemisphere,Brain_Cerebellum,Testis	3.982,2.909,2.63	1	Brain_CerebellarHemisphere	Brain_CerebellarHemisphere	3.982
chr3	180915516	180915528	chr3	180915433	180915631	FXR1	perfect	50	0.0539258	0.06560611438932584	0	0.33917	0.0412	0.0800875	1	Testis	Testis,Cells_Culturedfibroblasts,Cells_EBV_transformedlymphocytes	4.348,2.786,2.09	1	Testis	Testis	4.348
chr3	180971074	180971155	chr3	180971074	180971816	FXR1	perfect	50	0.0901062	0.12155906681972198	0	0.50565	0.042475	0.061735	2	Heart_LeftVentricle,Muscle_Skeletal	Heart_LeftVentricle,Muscle_Skeletal,Heart_AtrialAppendage	3.418,3.283,2.722	2	Heart_LeftVentricle,Muscle_Skeletal	Heart_LeftVentricle,Muscle_Skeletal	3.418,3.283
chr3	182902480	182902566	chr3	182902480	182902566	ATP11B	perfect	50	0.032214200000000005	0.08214012465243993	0	0.54984	0.01228	0.029582499999999998	1	Testis	Testis,Muscle_Skeletal,Heart_AtrialAppendage	6.302,1.837,1.034	1	Testis	Testis	6.302
chr3	183793115	183793117	chr3	183793115	183793486	YEATS2	perfect	50	0.064282	0.04359766994335588	0.02183	0.2459	0.052254999999999996	0.03436499999999999	1	WholeBlood	WholeBlood,Testis,Muscle_Skeletal	4.166,2.682,1.763	1	WholeBlood	WholeBlood	4.166
chr3	184316712	184316733	chr3	184316712	184316733	EIF4G1	perfect	50	0.0148738	0.021319593258171638	0.00147	0.11571	0.007469999999999999	0.0102675	2	Brain_CerebellarHemisphere,Brain_Cerebellum	Brain_CerebellarHemisphere,Brain_Cerebellum,Brain_FrontalCortex_BA9	4.73,4.038,1.548	2	Brain_CerebellarHemisphere,Brain_Cerebellum	Brain_CerebellarHemisphere,Brain_Cerebellum	4.73,4.038
chr3	187220073	187220261	chr3	187217281	187220261	MASP1	perfect	50	0.0458758	0.081585515073174	0	0.47826	0.02703	0.025140000000000003	2	Liver,Testis	Testis,Liver,Kidney_Cortex	5.3,3.43,2.121	2	Liver,Testis	Testis,Liver	5.3,3.43
chr3	187221034	187221134	chr3	187221034	187221134	MASP1	perfect	50	0.0458758	0.081585515073174	0	0.47826	0.02703	0.025140000000000003	2	Liver,Testis	Testis,Liver,Kidney_Cortex	5.3,3.43,2.121	2	Liver,Testis	Testis,Liver	5.3,3.43
chr3	187223126	187223194	chr3	187223126	187223194	MASP1	perfect	50	0.0458758	0.081585515073174	0	0.47826	0.02703	0.025140000000000003	2	Liver,Testis	Testis,Liver,Kidney_Cortex	5.3,3.43,2.121	2	Liver,Testis	Testis,Liver	5.3,3.43
chr3	187225323	187225509	chr3	187225323	187225509	MASP1	perfect	50	0.0458758	0.081585515073174	0	0.47826	0.02703	0.025140000000000003	2	Liver,Testis	Testis,Liver,Kidney_Cortex	5.3,3.43,2.121	2	Liver,Testis	Testis,Liver	5.3,3.43
chr3	187226406	187226520	chr3	187226406	187226520	MASP1	perfect	50	0.0458758	0.081585515073174	0	0.47826	0.02703	0.025140000000000003	2	Liver,Testis	Testis,Liver,Kidney_Cortex	5.3,3.43,2.121	2	Liver,Testis	Testis,Liver	5.3,3.43
chr3	187229759	187229897	chr3	187229759	187229897	MASP1	perfect	50	0.0458758	0.081585515073174	0	0.47826	0.02703	0.025140000000000003	2	Liver,Testis	Testis,Liver,Kidney_Cortex	5.3,3.43,2.121	2	Liver,Testis	Testis,Liver	5.3,3.43
chr3	187247335	187247385	chr3	187246360	187247385	MASP1	perfect	50	0.14769359999999998	0.17171703650946177	0	0.84102	0.06563	0.21217000000000003	1	Heart_LeftVentricle	Heart_LeftVentricle,Brain_CerebellarHemisphere,Brain_Spinalcord_cervicalc_1	4.038,2.258,2.061	1	Heart_LeftVentricle	Heart_LeftVentricle	4.038
chr3	188746487	188746492	chr3	188746487	188746624	LPP	perfect	50	0.006811600000000002	0.031341283289043564	0	0.19019	0	0	2	Testis,WholeBlood	Testis,WholeBlood,Skin_NotSunExposed_Suprapubic	5.851,3.568,0.113	2	Testis,WholeBlood	Testis,WholeBlood	5.851,3.568
chr3	189219567	189219665	chr3	189219567	189219665	TPRG1	perfect	50	0.015037399999999998	0.0412115844527002	0	0.20316	0	0	2	Esophagus_Mucosa,Skin_NotSunExposed_Suprapubic	Esophagus_Mucosa,Skin_NotSunExposed_Suprapubic,Skin_SunExposed_Lowerleg	4.565,3.515,2.519	2	Esophagus_Mucosa,Skin_NotSunExposed_Suprapubic	Esophagus_Mucosa,Skin_NotSunExposed_Suprapubic	4.565,3.515
chr3	189315492	189315525	chr3	189315492	189315693	TPRG1	perfect	50	0.009789000000000004	0.026253588073531862	0	0.15094	0	0	1	Cells_EBV_transformedlymphocytes	Cells_EBV_transformedlymphocytes,MinorSalivaryGland,Esophagus_Mucosa	5.376,1.927,1.744	1	Cells_EBV_transformedlymphocytes	Cells_EBV_transformedlymphocytes	5.376
chr3	189880063	189880175	chr3	189880063	189881496	TP63	perfect	50	0.020349199999999998	0.09196628545598345	0	0.62551	0	0	1	Muscle_Skeletal	Muscle_Skeletal,Heart_AtrialAppendage,Bladder	6.58,1.953,0.058	1	Muscle_Skeletal	Muscle_Skeletal	6.58
chr3	190615307	190615354	chr3	190615307	190615354	IL1RAP	perfect	50	0.0107568	0.02711629884442949	0	0.14377	0	0.00727	2	Cells_EBV_transformedlymphocytes,Liver	Liver,Cells_EBV_transformedlymphocytes,Muscle_Skeletal	4.905,3.116,2.238	1	Liver	Liver	4.905
chr3	190655888	190656604	chr3	190655846	190659750	ENSG00000299500,IL1RAP	perfect	50	0.07151859999999997	0.1566537464785158	0	0.64773	0	0.021785000000000002	3	Brain_Cerebellum,Brain_Cortex,Brain_FrontalCortex_BA9	Brain_Cortex,Brain_Cerebellum,Brain_FrontalCortex_BA9	3.678,3.33,3.236	3	Brain_Cerebellum,Brain_Cortex,Brain_FrontalCortex_BA9	Brain_Cortex,Brain_Cerebellum,Brain_FrontalCortex_BA9	3.678,3.33,3.236
chr3	195175630	195175673	chr3	195175630	195175853	XXYLT1	perfect	50	0.0771288	0.043352823255756914	0	0.30083	0.07422000000000001	0.03981	1	Pituitary	Pituitary,Spleen,Ovary	5.16,1.427,1.385	1	Pituitary	Pituitary	5.16
chr3	195295195	195295300	chr3	195295195	195295300	ACAP2	perfect	50	0.012991800000000003	0.025597928143998423	0	0.13491	0	0.017065	1	Testis	Testis,Brain_Cerebellum,Cells_EBV_transformedlymphocytes	4.763,2.623,1.623	1	Testis	Testis	4.763
chr3	196728701	196728755	chr3	196728701	196728755	PIGX	perfect	50	0.0056754000000000015	0.024099019474506708	0	0.16038	0	0	1	Muscle_Skeletal	Muscle_Skeletal,Heart_LeftVentricle,Heart_AtrialAppendage	6.42,2.109,0.708	1	Muscle_Skeletal	Muscle_Skeletal	6.42
chr3	197019607	197019801	chr3	197018952	197019801	MELTF	perfect	50	0.1317574	0.07926737553189386	0.00647	0.41142	0.12792	0.10594250000000001	1	Cells_Culturedfibroblasts	Cells_Culturedfibroblasts,Cells_EBV_transformedlymphocytes,WholeBlood	3.528,2.057,2.048	1	Cells_Culturedfibroblasts	Cells_Culturedfibroblasts	3.528
chr3	197068501	197068522	chr3	197068501	197068537	DLG1	perfect	50	0.0162466	0.02995182810065904	0	0.12938	0.005135000000000001	0.004755	2	Brain_CerebellarHemisphere,Brain_Cerebellum	Brain_CerebellarHemisphere,Brain_Cerebellum,Brain_FrontalCortex_BA9	3.777,3.183,2.983	2	Brain_CerebellarHemisphere,Brain_Cerebellum	Brain_CerebellarHemisphere,Brain_Cerebellum	3.777,3.183
chr3	197068522	197068537	chr3	197068501	197068537	DLG1	perfect	50	0.0154498	0.02797903730528648	0	0.12009	0.005135000000000001	0.004755	3	Brain_CerebellarHemisphere,Brain_Cerebellum,Brain_FrontalCortex_BA9	Brain_CerebellarHemisphere,Brain_Cerebellum,Brain_FrontalCortex_BA9	3.74,3.143,3.076	3	Brain_CerebellarHemisphere,Brain_Cerebellum,Brain_FrontalCortex_BA9	Brain_CerebellarHemisphere,Brain_Cerebellum,Brain_FrontalCortex_BA9	3.74,3.143,3.076
chr3	197880511	197880559	chr3	197880511	197883376	LRCH3	perfect	50	0.215767	0.14346835113198525	0.05294	0.66697	0.140685	0.185765	1	Brain_CerebellarHemisphere	Brain_CerebellarHemisphere,Brain_Cerebellum,Brain_FrontalCortex_BA9	3.145,2.979,1.62	1	Brain_CerebellarHemisphere	Brain_CerebellarHemisphere	3.145
chr4	67839	67868	chr4	67839	68500	ZNF595	perfect	50	0.0682428	0.03259301709612922	0.03345	0.23333	0.059115	0.014084999999999993	1	WholeBlood	WholeBlood,SmallIntestine_TerminalIleum,Cells_EBV_transformedlymphocytes	5.065,2.319,2.084	1	WholeBlood	WholeBlood	5.065
chr4	473980	473983	chr4	473980	474167	ABCA11P,ZNF721	perfect	50	0.40717919999999996	0.13377340603652224	0.19153	0.82105	0.42640999999999996	0.190695	1	WholeBlood	WholeBlood,Cells_EBV_transformedlymphocytes,Artery_Tibial	3.094,1.733,1.143	1	WholeBlood	WholeBlood	3.094
chr4	859361	859493	chr4	859361	859493	GAK	perfect	50	0.0470216	0.03290479807206337	0.01851	0.1657	0.03363	0.028335000000000006	2	Brain_CerebellarHemisphere,Brain_Cerebellum	Brain_CerebellarHemisphere,Brain_Cerebellum,Muscle_Skeletal	3.607,3.169,2.734	2	Brain_CerebellarHemisphere,Brain_Cerebellum	Brain_CerebellarHemisphere,Brain_Cerebellum	3.607,3.169
chr4	1093441	1094014	chr4	1093307	1094014	RNF212	perfect	50	0.122025	0.11605187770728985	0	0.66667	0.100915	0.10800000000000001	2	Liver,WholeBlood	WholeBlood,Liver,Heart_LeftVentricle	4.693,3.257,1.246	2	Liver,WholeBlood	WholeBlood,Liver	4.693,3.257
chr4	1644188	1644342	chr4	1644188	1644953	FAM53A	perfect	50	0.1141206	0.03751463917851107	0	0.26899	0.113485	0.0444475	1	Testis	Testis,Brain_CerebellarHemisphere,Artery_Aorta	4.128,1.461,1.401	1	Testis	Testis	4.128
chr4	2329141	2329142	chr4	2328533	2329142	ZFYVE28	perfect	50	0.0554604	0.030913632483196188	0.02074	0.19084	0.050445000000000004	0.021587500000000003	2	Cells_Culturedfibroblasts,Cells_EBV_transformedlymphocytes	Cells_EBV_transformedlymphocytes,Cells_Culturedfibroblasts,Pituitary	4.379,3.91,1.547	2	Cells_Culturedfibroblasts,Cells_EBV_transformedlymphocytes	Cells_EBV_transformedlymphocytes,Cells_Culturedfibroblasts	4.379,3.91
chr4	2330888	2331048	chr4	2330161	2331048	ZFYVE28	perfect	50	0.0442866	0.050365763380069435	0.0071	0.35115	0.040935	0.0299025	1	Cells_EBV_transformedlymphocytes	Cells_EBV_transformedlymphocytes,Cells_Culturedfibroblasts,Esophagus_Mucosa	6.093,1.471,0.993	1	Cells_EBV_transformedlymphocytes	Cells_EBV_transformedlymphocytes	6.093
chr4	2818223	2818390	chr4	2817818	2818390	SH3BP2	perfect	50	0.10460739999999999	0.060601933888789594	0.00148	0.31546	0.09290000000000001	0.07606999999999998	1	Testis	Testis,Brain_CerebellarHemisphere,Brain_Hypothalamus	3.479,1.8,1.653	1	Testis	Testis	3.479
chr4	2926641	2926673	chr4	2926284	2926675	ADD1	perfect	50	0.0347952	0.04876677114928289	0	0.19264	0.006775	0.0705225	1	Brain_CerebellarHemisphere	Brain_CerebellarHemisphere,Brain_Cerebellum,Brain_Spinalcord_cervicalc_1	3.237,2.774,1.85	1	Brain_CerebellarHemisphere	Brain_CerebellarHemisphere	3.237
chr4	3246654	3246670	chr4	3246589	3246670	MSANTD1	perfect	50	0.1451346	0.09727415948183751	0	0.47852	0.17620999999999998	0.1751725	1	Testis	Testis,Brain_Cerebellum,Nerve_Tibial	3.427,1.298,1.101	1	Testis	Testis	3.427
chr4	4416151	4416163	chr4	4415741	4416163	STX18	perfect	50	0.0315274	0.027790147484021626	0.00853	0.13275	0.022914999999999998	0.012875000000000001	2	Skin_NotSunExposed_Suprapubic,Skin_SunExposed_Lowerleg	Skin_NotSunExposed_Suprapubic,Skin_SunExposed_Lowerleg,Pituitary	3.642,3.513,2.548	2	Skin_NotSunExposed_Suprapubic,Skin_SunExposed_Lowerleg	Skin_NotSunExposed_Suprapubic,Skin_SunExposed_Lowerleg	3.642,3.513
chr4	6535270	6535319	chr4	6535270	6535377	PPP2R2C	perfect	50	0.025180000000000004	0.09780492279251068	0	0.64023	0	0.008645	1	Testis	Testis,Cells_Culturedfibroblasts,Skin_SunExposed_Lowerleg	6.289,2.563,0.575	1	Testis	Testis	6.289
chr4	6954300	6954338	chr4	6954219	6954338	TBC1D14	perfect	50	0.011464400000000007	0.03609494046516316	0	0.21449	0	0	1	Stomach	Stomach,Esophagus_Mucosa,Kidney_Cortex	5.625,2.236,2.081	1	Stomach	Stomach	5.625
chr4	6987346	6987349	chr4	6987161	6987349	TBC1D14	perfect	50	0.1705006	0.07270214547573894	0.0057	0.40136	0.17879499999999998	0.06632500000000002	1	Cells_Culturedfibroblasts	Cells_Culturedfibroblasts,Brain_CerebellarHemisphere,Skin_SunExposed_Lowerleg	3.175,1.806,1.476	1	Cells_Culturedfibroblasts	Cells_Culturedfibroblasts	3.175
chr4	8032647	8032680	chr4	8032647	8032680	ABLIM2	perfect	50	0.1770582	0.10487343646646524	0.04386	0.66667	0.15692	0.09205750000000003	1	Cells_EBV_transformedlymphocytes	Cells_EBV_transformedlymphocytes,Brain_CerebellarHemisphere,Cells_Culturedfibroblasts	4.669,1.867,1.814	1	Cells_EBV_transformedlymphocytes	Cells_EBV_transformedlymphocytes	4.669
chr4	8127546	8127571	chr4	8127546	8127670	ABLIM2	perfect	50	0.0093638	0.029753221323797152	0	0.19077	0	0.0047799999999999995	1	Muscle_Skeletal	Muscle_Skeletal,Brain_CerebellarHemisphere,Brain_Cerebellum	6.097,2.201,1.676	1	Muscle_Skeletal	Muscle_Skeletal	6.097
chr4	8846148	8846324	chr4	8846075	8846324	HMX1	perfect	50	0.025921000000000007	0.05732893785258997	0	0.32934	0	0	1	Testis	Testis,Brain_Caudate_basalganglia,Brain_Putamen_basalganglia	5.293,1.426,1.292	1	Testis	Testis	5.293
chr4	10025903	10025966	chr4	10025723	10026006	SLC2A9	perfect	50	0.0133204	0.03655268794158784	0	0.14093	0	0	3	Esophagus_GastroesophagealJunction,Esophagus_Muscularis,MinorSalivaryGland	Esophagus_Muscularis,MinorSalivaryGland,Esophagus_GastroesophagealJunction	3.491,3.477,3.271	3	Esophagus_GastroesophagealJunction,Esophagus_Muscularis,MinorSalivaryGland	Esophagus_Muscularis,MinorSalivaryGland,Esophagus_GastroesophagealJunction	3.491,3.477,3.271
chr4	10531755	10531758	chr4	10531412	10531758	CLNK	perfect	50	0.02246980000000001	0.11333403256168853	0	0.77419	0	0	1	Testis	Testis,Cells_EBV_transformedlymphocytes,Pituitary	6.633,1.699,0.417	1	Testis	Testis	6.633
chr4	13369878	13369965	chr4	13369870	13369965	RAB28	perfect	50	0.13738799999999998	0.10065266234300359	0	0.63678	0.122955	0.074915	1	Testis	Testis,Heart_LeftVentricle,Muscle_Skeletal	4.962,1.895,1.87	1	Testis	Testis	4.962
chr4	15538842	15538900	chr4	15538842	15540276	CC2D2A	perfect	50	0.016784	0.01868243560138774	0	0.13333	0.012185	0.006482499999999999	1	WholeBlood	WholeBlood,Skin_NotSunExposed_Suprapubic,Liver	6.238,1.402,1.048	1	WholeBlood	WholeBlood	6.238
chr4	17866999	17867025	chr4	17866998	17867025	LCORL	perfect	50	0.014683799999999999	0.020568062610538226	0	0.10402	0.00953	0.016635	2	Brain_Spinalcord_cervicalc_1,Testis	Testis,Brain_Spinalcord_cervicalc_1,Cells_EBV_transformedlymphocytes	4.343,3.481,2.336	1	Testis	Testis	4.343
chr4	17883722	17884752	chr4	17880594	17884752	LCORL	perfect	50	0.1946018	0.0748189097207111	0	0.43192	0.19261499999999998	0.085565	1	Muscle_Skeletal	Muscle_Skeletal,Brain_Hypothalamus,Pituitary	3.172,1.952,1.745	1	Muscle_Skeletal	Muscle_Skeletal	3.172
chr4	20983813	20983925	chr4	20983813	20984041	KCNIP4	perfect	50	0.0288164	0.11959488322205915	0	0.70968	0	0	2	Colon_Transverse,SmallIntestine_TerminalIleum	SmallIntestine_TerminalIleum,Colon_Transverse,Colon_Sigmoid	5.693,3.358,1.669	2	Colon_Transverse,SmallIntestine_TerminalIleum	SmallIntestine_TerminalIleum,Colon_Transverse	5.693,3.358
chr4	21303806	21303906	chr4	21303806	21303989	KCNIP4	perfect	50	0.014696400000000002	0.056384928575364715	0	0.36842	0	0.001095	1	Thyroid	Thyroid,AdrenalGland,Brain_Spinalcord_cervicalc_1	6.273,2.427,0.805	1	Thyroid	Thyroid	6.273
chr4	21697349	21697437	chr4	21697349	21697847	ENSG00000248343,KCNIP4	perfect	50	0.008317399999999999	0.029286285347045495	0	0.18367	0	0	1	Pituitary	Pituitary,Colon_Sigmoid,Brain_CerebellarHemisphere	5.988,2.582,1.075	1	Pituitary	Pituitary	5.988
chr4	25756858	25756908	chr4	25755921	25756908	SEL1L3	perfect	50	0.043404	0.02123553673463808	0.01083	0.11159	0.042800000000000005	0.0249125	1	WholeBlood	WholeBlood,Liver,Thyroid	3.211,1.586,1.511	1	WholeBlood	WholeBlood	3.211
chr4	27021000	27021034	chr4	27019399	27021068	STIM2	perfect	50	0.0818532	0.05675482618838216	0	0.26217	0.06747	0.06626750000000001	1	Brain_FrontalCortex_BA9	Brain_FrontalCortex_BA9,Brain_Cortex,Brain_Anteriorcingulatecortex_BA24	3.177,2.514,2.06	1	Brain_FrontalCortex_BA9	Brain_FrontalCortex_BA9	3.177
chr4	30730752	30730785	chr4	30730752	30732973	PCDH7	perfect	50	0.0921626	0.09465232825515942	0	0.4125	0.06405	0.13368	1	Cells_Culturedfibroblasts	Cells_Culturedfibroblasts,Spleen,Skin_SunExposed_Lowerleg	3.384,1.852,1.832	1	Cells_Culturedfibroblasts	Cells_Culturedfibroblasts	3.384
chr4	30950119	30950205	chr4	30950119	30950215	PCDH7	perfect	50	0.0338574	0.04770899858688364	0	0.28141	0.02098	0.0539125	1	Testis	Testis,Bladder,Artery_Tibial	5.189,1.779,1.334	1	Testis	Testis	5.189
chr4	37622824	37622906	chr4	37622824	37624344	PGCKA1	perfect	50	0.0955606	0.07831551910244683	0	0.33333	0.07064	0.10597	1	Ovary	Ovary,Spleen,Heart_AtrialAppendage	3.036,2.111,1.972	1	Ovary	Ovary	3.036
chr4	37952005	37952020	chr4	37952005	37952812	TBC1D1	perfect	50	0.0590056	0.03311168325531035	0.00169	0.22998	0.053835	0.021307500000000007	1	WholeBlood	WholeBlood,Muscle_Skeletal,Heart_AtrialAppendage	5.164,2.056,0.97	1	WholeBlood	WholeBlood	5.164
chr4	37977499	37977529	chr4	37977309	37977529	TBC1D1	perfect	50	0.043870400000000004	0.03349523231135794	0.00348	0.20602	0.036905	0.03544750000000001	1	Cells_Culturedfibroblasts	Cells_Culturedfibroblasts,Kidney_Cortex,Thyroid	4.841,1.445,1.323	1	Cells_Culturedfibroblasts	Cells_Culturedfibroblasts	4.841
chr4	41360840	41360936	chr4	41360561	41360936	LIMCH1	perfect	50	0.1379762	0.09765207043773066	0	0.46341	0.10097	0.10453000000000001	1	Heart_LeftVentricle	Heart_LeftVentricle,Heart_AtrialAppendage,Brain_FrontalCortex_BA9	3.333,2.42,1.918	1	Heart_LeftVentricle	Heart_LeftVentricle	3.333
chr4	41494535	41494606	chr4	41494535	41494606	LIMCH1	perfect	50	0.1379762	0.09765207043773066	0	0.46341	0.10097	0.10453000000000001	1	Heart_LeftVentricle	Heart_LeftVentricle,Heart_AtrialAppendage,Brain_FrontalCortex_BA9	3.333,2.42,1.918	1	Heart_LeftVentricle	Heart_LeftVentricle	3.333
chr4	41524408	41524478	chr4	41524408	41524482	LIMCH1	perfect	50	0.1379762	0.09765207043773066	0	0.46341	0.10097	0.10453000000000001	1	Heart_LeftVentricle	Heart_LeftVentricle,Heart_AtrialAppendage,Brain_FrontalCortex_BA9	3.333,2.42,1.918	1	Heart_LeftVentricle	Heart_LeftVentricle	3.333
chr4	46368974	46369006	chr4	46363714	46369006	GABRA2	perfect	50	0.3428408	0.1991283493571779	0	1	0.35771	0.21601	1	Muscle_Skeletal	Muscle_Skeletal,Skin_SunExposed_Lowerleg,MinorSalivaryGland	3.3,2.045,1.626	1	Muscle_Skeletal	Muscle_Skeletal	3.3
chr4	48523487	48523496	chr4	48523487	48523496	FRYL	perfect	50	0.0230302	0.03978515565086132	0	0.14383	0	0.060485000000000004	2	Brain_CerebellarHemisphere,Brain_Cerebellum	Brain_CerebellarHemisphere,Brain_Cerebellum,Brain_FrontalCortex_BA9	3.036,3.025,1.826	2	Brain_CerebellarHemisphere,Brain_Cerebellum	Brain_CerebellarHemisphere,Brain_Cerebellum	3.036,3.025
chr4	52656295	52656310	chr4	52656295	52656590	USP46	perfect	50	0.007380399999999995	0.05218730887869196	0	0.36902	0	0	1	Testis	Testis,Adipose_Subcutaneous,Adipose_Visceral_Omentum	6.93,-0.141,-0.141	1	Testis	Testis	6.93
chr4	56301225	56301247	chr4	56301225	56301247	CRACD	perfect	50	0.011349799999999991	0.07935820394018658	0	0.56124	0	0	1	Testis	Testis,Brain_CerebellarHemisphere,Adipose_Subcutaneous	6.929,-0.064,-0.143	1	Testis	Testis	6.929
chr4	56927614	56927652	chr4	56927614	56927664	REST	perfect	50	0.0621514	0.04561621914429569	0	0.21199	0.062655	0.05020000000000001	1	Cells_EBV_transformedlymphocytes	Cells_EBV_transformedlymphocytes,Cells_Culturedfibroblasts,Testis	3.285,2.592,1.704	1	Cells_EBV_transformedlymphocytes	Cells_EBV_transformedlymphocytes	3.285
chr4	64277037	64277051	chr4	64275256	64277051	TECRL	perfect	50	0.008279799999999997	0.03457333321140641	0	0.19365	0	0	2	Heart_LeftVentricle,Muscle_Skeletal	Muscle_Skeletal,Heart_LeftVentricle,Heart_AtrialAppendage	5.362,3.253,2.642	2	Heart_LeftVentricle,Muscle_Skeletal	Muscle_Skeletal,Heart_LeftVentricle	5.362,3.253
chr4	72069021	72069023	chr4	72068912	72069023	NPFFR2	perfect	50	0.0048000000000000004	0.03394112549695428	0	0.24	0	0	1	Testis	Testis,Adipose_Subcutaneous,Adipose_Visceral_Omentum	6.93,-0.141,-0.141	1	Testis	Testis	6.93
chr4	75760593	75760605	chr4	75760593	75760605	USO1	perfect	50	0.12444060000000001	0.17547694896481417	0.00678	0.8637	0.056635000000000005	0.10600249999999999	1	Muscle_Skeletal	Muscle_Skeletal,Esophagus_Mucosa,Skin_NotSunExposed_Suprapubic	4.213,2.351,2.038	1	Muscle_Skeletal	Muscle_Skeletal	4.213
chr4	75795335	75795356	chr4	75795335	75795356	USO1	perfect	50	0.12444060000000001	0.17547694896481417	0.00678	0.8637	0.056635000000000005	0.10600249999999999	1	Muscle_Skeletal	Muscle_Skeletal,Esophagus_Mucosa,Skin_NotSunExposed_Suprapubic	4.213,2.351,2.038	1	Muscle_Skeletal	Muscle_Skeletal	4.213
chr4	76214274	76214424	chr4	76214039	76214424	FAM47E	perfect	50	0.007358200000000001	0.021549608708034306	0	0.14118	0	0	1	Muscle_Skeletal	Muscle_Skeletal,Brain_Putamen_basalganglia,Brain_Substantianigra	6.21,1.282,1.075	1	Muscle_Skeletal	Muscle_Skeletal	6.21
chr4	76217607	76217688	chr4	76217578	76217688	FAM47E	perfect	50	0.21620720000000002	0.11611092094815444	0	0.85714	0.200225	0.09323749999999997	1	Cells_Culturedfibroblasts	Cells_Culturedfibroblasts,Ovary,Brain_Putamen_basalganglia	5.52,1.07,0.712	1	Cells_Culturedfibroblasts	Cells_Culturedfibroblasts	5.52
chr4	76289901	76290060	chr4	76289901	76290060	FAM47E-STBD1	perfect	50	0.0221678	0.1415155925827286	0	1	0	0	1	Pancreas	Pancreas,Brain_Spinalcord_cervicalc_1,Muscle_Skeletal	6.91,0.235,0.218	1	Pancreas	Pancreas	6.91
chr4	77039072	77039085	chr4	77039072	77039326	SEPTIN11	perfect	50	0.0189174	0.042607265396063757	0	0.22672	0	0.0240325	2	Cells_EBV_transformedlymphocytes,Muscle_Skeletal	Muscle_Skeletal,Cells_EBV_transformedlymphocytes,Cells_Culturedfibroblasts	4.877,3.985,0.891	2	Cells_EBV_transformedlymphocytes,Muscle_Skeletal	Muscle_Skeletal,Cells_EBV_transformedlymphocytes	4.877,3.985
chr4	80608332	80608383	chr4	80608332	80608383	CFAP299	perfect	50	0.0022802000000000005	0.01612344882461566	0	0.11401	0	0	1	Testis	Testis,Adipose_Subcutaneous,Adipose_Visceral_Omentum	6.93,-0.141,-0.141	1	Testis	Testis	6.93
chr4	81602736	81602838	chr4	81602731	81602922	RASGEF1B	perfect	50	0.023924599999999997	0.0429214226617213	0	0.18241	0	0.032255	2	Pituitary,Testis	Testis,Pituitary,Kidney_Cortex	3.692,3.134,2.699	2	Pituitary,Testis	Testis,Pituitary	3.692,3.134
chr4	81602838	81602922	chr4	81602731	81602922	RASGEF1B	perfect	50	0.024466	0.04369272862495403	0	0.18241	0	0.032255	2	Pituitary,Testis	Testis,Pituitary,Kidney_Cortex	3.615,3.228,2.639	2	Pituitary,Testis	Testis,Pituitary	3.615,3.228
chr4	81824517	81824571	chr4	81824517	81824571	RASGEF1B	perfect	50	0.024466	0.04369272862495403	0	0.18241	0	0.032255	2	Pituitary,Testis	Testis,Pituitary,Kidney_Cortex	3.615,3.228,2.639	2	Pituitary,Testis	Testis,Pituitary	3.615,3.228
chr4	81915310	81915358	chr4	81915310	81915358	RASGEF1B	perfect	50	0.024466	0.04369272862495403	0	0.18241	0	0.032255	2	Pituitary,Testis	Testis,Pituitary,Kidney_Cortex	3.615,3.228,2.639	2	Pituitary,Testis	Testis,Pituitary	3.615,3.228
chr4	82044000	82044069	chr4	82044000	82044244	RASGEF1B	perfect	50	0.024466	0.04369272862495403	0	0.18241	0	0.032255	2	Pituitary,Testis	Testis,Pituitary,Kidney_Cortex	3.615,3.228,2.639	2	Pituitary,Testis	Testis,Pituitary	3.615,3.228
chr4	85827962	85827975	chr4	85827744	85827975	ARHGAP24	perfect	50	0.0158472	0.032603103648429	0	0.15534	0	0.014902499999999999	1	Muscle_Skeletal	Muscle_Skeletal,Pancreas,Thyroid	4.279,2.528,1.931	1	Muscle_Skeletal	Muscle_Skeletal	4.279
chr4	85930930	85931042	chr4	85930272	85931042	ARHGAP24	perfect	50	0.0259698	0.051665736622790066	0	0.2529	0	0.0404	2	Kidney_Cortex,Thyroid	Kidney_Cortex,Thyroid,Liver	4.392,4.096,1.303	2	Kidney_Cortex,Thyroid	Kidney_Cortex,Thyroid	4.392,4.096
chr4	87839684	87839777	chr4	87839684	87839777	MEPE	perfect	50	0.014160599999999994	0.057196445315906765	0	0.28016	0	0	3	Brain_Anteriorcingulatecortex_BA24,Brain_Cortex,Brain_FrontalCortex_BA9	Brain_FrontalCortex_BA9,Brain_Cortex,Brain_Anteriorcingulatecortex_BA24	4.651,3.707,3.279	3	Brain_Anteriorcingulatecortex_BA24,Brain_Cortex,Brain_FrontalCortex_BA9	Brain_FrontalCortex_BA9,Brain_Cortex,Brain_Anteriorcingulatecortex_BA24	4.651,3.707,3.279
chr4	87839926	87840032	chr4	87839926	87840054	MEPE	perfect	50	0.01610280000000001	0.06524400671638868	0	0.32685	0	0	3	Brain_Anteriorcingulatecortex_BA24,Brain_Cortex,Brain_FrontalCortex_BA9	Brain_FrontalCortex_BA9,Brain_Anteriorcingulatecortex_BA24,Brain_Cortex	4.763,3.617,3.22	3	Brain_Anteriorcingulatecortex_BA24,Brain_Cortex,Brain_FrontalCortex_BA9	Brain_FrontalCortex_BA9,Brain_Anteriorcingulatecortex_BA24,Brain_Cortex	4.763,3.617,3.22
chr4	91283808	91283854	chr4	91283808	91283854	CCSER1	perfect	50	0.1108176	0.16590416753767012	0	0.62857	0.03107	0.1445575	1	Brain_Putamen_basalganglia	Brain_Putamen_basalganglia,Brain_Nucleusaccumbens_basalganglia,Brain_Caudate_basalganglia	3.121,2.095,1.969	1	Brain_Putamen_basalganglia	Brain_Putamen_basalganglia	3.121
chr4	93806714	93806870	chr4	93806714	93810157	GRID2	perfect	50	0.06858639999999999	0.10335795623650726	0	0.5	0	0.12113499999999999	1	Colon_Transverse	Colon_Transverse,Vagina,Bladder	4.174,2.561,1.755	1	Colon_Transverse	Colon_Transverse	4.174
chr4	94456243	94456555	chr4	94456243	94457184	PDLIM5	perfect	50	0.0482618	0.024240861496275922	0.01331	0.1292	0.044245	0.0329925	1	Testis	Testis,WholeBlood,Skin_NotSunExposed_Suprapubic	3.339,2.228,1.566	1	Testis	Testis	3.339
chr4	94579520	94579537	chr4	94579520	94579537	PDLIM5	perfect	50	0.012807399999999997	0.07579395581443159	0	0.53141	0	0	1	Muscle_Skeletal	Muscle_Skeletal,Heart_AtrialAppendage,Heart_LeftVentricle	6.842,0.93,0.046	1	Muscle_Skeletal	Muscle_Skeletal	6.842
chr4	94582716	94582731	chr4	94582546	94582999	PDLIM5	perfect	50	0.012807399999999997	0.07579395581443159	0	0.53141	0	0	1	Muscle_Skeletal	Muscle_Skeletal,Heart_AtrialAppendage,Heart_LeftVentricle	6.842,0.93,0.046	1	Muscle_Skeletal	Muscle_Skeletal	6.842
chr4	94584985	94585003	chr4	94584400	94585003	PDLIM5	perfect	50	0.0936338	0.1897070964310131	0	0.87108	0.047125	0.031999999999999994	3	Heart_AtrialAppendage,Heart_LeftVentricle,Muscle_Skeletal	Heart_LeftVentricle,Muscle_Skeletal,Heart_AtrialAppendage	4.098,3.966,3.596	3	Heart_AtrialAppendage,Heart_LeftVentricle,Muscle_Skeletal	Heart_LeftVentricle,Muscle_Skeletal,Heart_AtrialAppendage	4.098,3.966,3.596
chr4	94586988	94587079	chr4	94586988	94588216	PDLIM5	perfect	50	0.1078988	0.1724572503862204	0	0.84628	0.063635	0.03919749999999999	3	Heart_AtrialAppendage,Heart_LeftVentricle,Muscle_Skeletal	Muscle_Skeletal,Heart_LeftVentricle,Heart_AtrialAppendage	4.282,3.954,3.151	3	Heart_AtrialAppendage,Heart_LeftVentricle,Muscle_Skeletal	Muscle_Skeletal,Heart_LeftVentricle,Heart_AtrialAppendage	4.282,3.954,3.151
chr4	94608058	94608178	chr4	94608058	94608178	PDLIM5	perfect	50	0.004275800000000002	0.021415613233416068	0	0.12824	0	0	2	Heart_AtrialAppendage,Heart_LeftVentricle	Heart_AtrialAppendage,Heart_LeftVentricle,Muscle_Skeletal	5.788,3.69,-0.146	1	Heart_AtrialAppendage	Heart_AtrialAppendage	5.788
chr4	94610160	94610304	chr4	94610160	94610304	PDLIM5	perfect	50	0.004275800000000002	0.021415613233416068	0	0.12824	0	0	2	Heart_AtrialAppendage,Heart_LeftVentricle	Heart_AtrialAppendage,Heart_LeftVentricle,Muscle_Skeletal	5.788,3.69,-0.146	1	Heart_AtrialAppendage	Heart_AtrialAppendage	5.788
chr4	94611068	94611200	chr4	94611068	94611200	PDLIM5	perfect	50	0.004275800000000002	0.021415613233416068	0	0.12824	0	0	2	Heart_AtrialAppendage,Heart_LeftVentricle	Heart_AtrialAppendage,Heart_LeftVentricle,Muscle_Skeletal	5.788,3.69,-0.146	1	Heart_AtrialAppendage	Heart_AtrialAppendage	5.788
chr4	98395940	98396107	chr4	98395940	98396909	RAP1GDS1	perfect	50	0.0605198	0.0350340008895149	0.0044	0.16903	0.057305	0.05099	1	Ovary	Ovary,Vagina,Lung	3.097,2.001,1.977	1	Ovary	Ovary	3.097
chr4	98928894	98928972	chr4	98928894	98929092	EIF4E,ENSG00000263923	perfect	50	0.07214040000000001	0.06795282126743586	0	0.34406	0.07142	0.10057250000000001	1	Testis	Testis,Bladder,Cells_Culturedfibroblasts	4.002,2.249,1.458	1	Testis	Testis	4.002
chr4	102798931	102798977	chr4	102798927	102798977	UBE2D3	perfect	50	0.0876928	0.033377766890734996	0.04065	0.23299	0.089295	0.03458749999999999	1	Muscle_Skeletal	Muscle_Skeletal,Heart_AtrialAppendage,Heart_LeftVentricle	4.353,1.608,1.595	1	Muscle_Skeletal	Muscle_Skeletal	4.353
chr4	106003713	106003751	chr4	106003316	106004027	ENSG00000249635,NPNT	perfect	50	0.08371200000000001	0.18284529420317303	0	0.82609	0.02074	0.06997249999999999	3	Brain_CerebellarHemisphere,Brain_Cerebellum,Cells_Culturedfibroblasts	Cells_Culturedfibroblasts,Brain_CerebellarHemisphere,Brain_Cerebellum	4.06,3.91,3.454	3	Brain_CerebellarHemisphere,Brain_Cerebellum,Cells_Culturedfibroblasts	Cells_Culturedfibroblasts,Brain_CerebellarHemisphere,Brain_Cerebellum	4.06,3.91,3.454
chr4	108942208	108942268	chr4	108942208	108942268	COL25A1	perfect	50	0.0713656	0.09554448988608306	0	0.5	0.07256	0.10807	2	Cells_Culturedfibroblasts,Testis	Cells_Culturedfibroblasts,Testis,Stomach	4.486,3.407,0.863	2	Cells_Culturedfibroblasts,Testis	Cells_Culturedfibroblasts,Testis	4.486,3.407
chr4	110632342	110632480	chr4	110632342	110632513	PITX2	perfect	50	0.027905600000000003	0.08205726348379519	0	0.35147	0	0	3	Bladder,Cells_Culturedfibroblasts,Esophagus_Muscularis	Cells_Culturedfibroblasts,Bladder,Esophagus_Muscularis	3.943,3.656,3.069	3	Bladder,Cells_Culturedfibroblasts,Esophagus_Muscularis	Cells_Culturedfibroblasts,Bladder,Esophagus_Muscularis	3.943,3.656,3.069
chr4	110632952	110632998	chr4	110632952	110633008	PITX2	perfect	50	0.037017800000000003	0.10773206286213322	0	0.45763	0	0	3	Bladder,Cells_Culturedfibroblasts,Esophagus_Muscularis	Cells_Culturedfibroblasts,Bladder,Esophagus_Muscularis	3.904,3.517,3.156	3	Bladder,Cells_Culturedfibroblasts,Esophagus_Muscularis	Cells_Culturedfibroblasts,Bladder,Esophagus_Muscularis	3.904,3.517,3.156
chr4	112904493	112904514	chr4	112904454	112906508	ANK2	perfect	50	0.0340356	0.06496116762045034	0	0.41066	0.019825000000000002	0.0196925	2	Cells_Culturedfibroblasts,Cells_EBV_transformedlymphocytes	Cells_Culturedfibroblasts,Cells_EBV_transformedlymphocytes,Ovary	5.798,3.115,0.863	2	Cells_Culturedfibroblasts,Cells_EBV_transformedlymphocytes	Cells_Culturedfibroblasts,Cells_EBV_transformedlymphocytes	5.798,3.115
chr4	113304223	113304277	chr4	113304223	113304277	ANK2	perfect	50	0.004290999999999999	0.018957887083033826	0	0.11915	0	0	1	Muscle_Skeletal	Muscle_Skeletal,Heart_AtrialAppendage,Heart_LeftVentricle	6.059,2.261,2.194	1	Muscle_Skeletal	Muscle_Skeletal	6.059
chr4	113323758	113323794	chr4	113323758	113323794	ANK2	perfect	50	0.007207600000000001	0.020244196100490178	0	0.11915	0	9.824999999999999e-4	1	Muscle_Skeletal	Muscle_Skeletal,Heart_AtrialAppendage,Heart_LeftVentricle	5.53,2.376,1.911	1	Muscle_Skeletal	Muscle_Skeletal	5.53
chr4	113378089	113378181	chr4	113378089	113378181	ANK2	perfect	50	0.017528200000000004	0.0646529317071278	0	0.34693	0	0	2	Heart_LeftVentricle,Muscle_Skeletal	Muscle_Skeletal,Heart_LeftVentricle,Heart_AtrialAppendage	5.095,3.025,2.898	2	Heart_LeftVentricle,Muscle_Skeletal	Muscle_Skeletal,Heart_LeftVentricle	5.095,3.025
chr4	118850928	118850940	chr4	118850687	118850940	SYNPO2	perfect	50	0.0545936	0.09384640746953915	0	0.66667	0.03690499999999999	0.04310750000000001	1	Cells_EBV_transformedlymphocytes	Cells_EBV_transformedlymphocytes,Pituitary,Testis	6.522,0.874,0.625	1	Cells_EBV_transformedlymphocytes	Cells_EBV_transformedlymphocytes	6.522
chr4	119304244	119304445	chr4	119304244	119304445	ARLN	perfect	50	0.0535742	0.021034131940486537	0.01668	0.12559	0.051695000000000005	0.018619999999999998	1	Esophagus_Mucosa	Esophagus_Mucosa,Testis,Muscle_Skeletal	3.424,2.765,2.14	1	Esophagus_Mucosa	Esophagus_Mucosa	3.424
chr4	121137902	121138015	chr4	121137448	121138015	TNIP3	perfect	50	0.005024999999999999	0.022900553263969815	0	0.14583	0	0	1	Lung	Lung,Testis,Cells_EBV_transformedlymphocytes	6.149,2.443,1.721	1	Lung	Lung	6.149
chr4	121182675	121182796	chr4	121182675	121182796	TNIP3	perfect	50	0.018221000000000008	0.07990098707596972	0	0.48889	0	0	2	Cells_EBV_transformedlymphocytes,Testis	Cells_EBV_transformedlymphocytes,Testis,Spleen	5.891,3.282,1.024	2	Cells_EBV_transformedlymphocytes,Testis	Cells_EBV_transformedlymphocytes,Testis	5.891,3.282
chr4	121216414	121216482	chr4	121216414	121216500	TNIP3	perfect	50	0.018221000000000008	0.07990098707596972	0	0.48889	0	0	2	Cells_EBV_transformedlymphocytes,Testis	Cells_EBV_transformedlymphocytes,Testis,Spleen	5.891,3.282,1.024	2	Cells_EBV_transformedlymphocytes,Testis	Cells_EBV_transformedlymphocytes,Testis	5.891,3.282
chr4	121216482	121216500	chr4	121216414	121216500	TNIP3	perfect	50	0.0153876	0.07900518718594189	0	0.48889	0	0	2	Cells_EBV_transformedlymphocytes,Testis	Cells_EBV_transformedlymphocytes,Testis,Adipose_Subcutaneous	5.993,3.356,-0.195	2	Cells_EBV_transformedlymphocytes,Testis	Cells_EBV_transformedlymphocytes,Testis	5.993,3.356
chr4	121227384	121227387	chr4	121227384	121227615	TNIP3	perfect	50	0.0153876	0.07900518718594189	0	0.48889	0	0	2	Cells_EBV_transformedlymphocytes,Testis	Cells_EBV_transformedlymphocytes,Testis,Adipose_Subcutaneous	5.993,3.356,-0.195	2	Cells_EBV_transformedlymphocytes,Testis	Cells_EBV_transformedlymphocytes,Testis	5.993,3.356
chr4	122952198	122952270	chr4	122952198	122952270	AFG2A	perfect	50	0.0273798	0.07783644300160986	0	0.53535	0	0.041685	1	Testis	Testis,Cells_Culturedfibroblasts,Vagina	6.526,0.889,0.574	1	Testis	Testis	6.526
chr4	128122481	128122511	chr4	128122481	128123869	LARP1B	perfect	50	0.0538874	0.019742818979702627	0.01486	0.13514	0.053290000000000004	0.0199075	1	WholeBlood	WholeBlood,Esophagus_Mucosa,Vagina	4.116,2.799,1.391	1	WholeBlood	WholeBlood	4.116
chr4	129038023	129038126	chr4	129036594	129038126	SCLT1	perfect	50	0.0627394	0.021554126496344226	0.02969	0.15936	0.059115	0.01917500000000001	1	WholeBlood	WholeBlood,Cells_EBV_transformedlymphocytes,Skin_NotSunExposed_Suprapubic	4.483,1.714,1.579	1	WholeBlood	WholeBlood	4.483
chr4	129040209	129040212	chr4	129039192	129040212	SCLT1	perfect	50	0.0880018	0.04261180926140795	0.02198	0.27121	0.08294499999999999	0.03977	1	Cells_EBV_transformedlymphocytes	Cells_EBV_transformedlymphocytes,Ovary,WholeBlood	4.299,2.514,2.329	1	Cells_EBV_transformedlymphocytes	Cells_EBV_transformedlymphocytes	4.299
chr4	139601443	139601490	chr4	139596607	139601490	SETD7	perfect	50	0.0077106	0.02303141593651628	0	0.14263	0.00176	0.00245	2	Esophagus_Mucosa,Testis	Esophagus_Mucosa,Testis,Vagina	5.858,3.255,0.89	1	Esophagus_Mucosa	Esophagus_Mucosa	5.858
chr4	139602682	139602757	chr4	139602682	139602757	SETD7	perfect	50	0.0077106	0.02303141593651628	0	0.14263	0.00176	0.00245	2	Esophagus_Mucosa,Testis	Esophagus_Mucosa,Testis,Vagina	5.858,3.255,0.89	1	Esophagus_Mucosa	Esophagus_Mucosa	5.858
chr4	139604400	139604416	chr4	139604400	139604482	SETD7	perfect	50	0.0082066	0.0248723604166126	0	0.14263	0.00176	0.00245	2	Esophagus_Mucosa,Testis	Esophagus_Mucosa,Testis,Vagina	5.405,3.991,0.804	2	Esophagus_Mucosa,Testis	Esophagus_Mucosa,Testis	5.405,3.991
chr4	141721148	141721177	chr4	141721058	141721177	IL15	perfect	50	0.409412	0.15752150208910579	0.24294	0.93204	0.34418499999999996	0.17605750000000003	2	Brain_CerebellarHemisphere,Brain_Cerebellum	Brain_Cerebellum,Brain_CerebellarHemisphere,Brain_Anteriorcingulatecortex_BA24	3.318,3.261,2.226	2	Brain_CerebellarHemisphere,Brain_Cerebellum	Brain_Cerebellum,Brain_CerebellarHemisphere	3.318,3.261
chr4	142384095	142384116	chr4	142383815	142384116	INPP4B	perfect	50	0.006729200000000003	0.04758262951960516	0	0.33646	0	0	1	Testis	Testis,Adipose_Subcutaneous,Adipose_Visceral_Omentum	6.93,-0.141,-0.141	1	Testis	Testis	6.93
chr4	142427454	142427477	chr4	142426480	142427477	INPP4B	perfect	50	0.03218	0.04186054203652691	0	0.18985	0.01822	0.04029	1	Esophagus_Mucosa	Esophagus_Mucosa,Prostate,Pituitary	3.767,2.583,2.558	1	Esophagus_Mucosa	Esophagus_Mucosa	3.767
chr4	143434087	143434168	chr4	143434087	143434168	GAB1	perfect	50	0.007908199999999999	0.01928678194822473	0	0.10638	0	0	1	Muscle_Skeletal	Muscle_Skeletal,Heart_LeftVentricle,MinorSalivaryGland	5.106,2.286,1.852	1	Muscle_Skeletal	Muscle_Skeletal	5.106
chr4	147671866	147671870	chr4	147671866	147672044	TMEM184C	perfect	50	0.063429	0.06213891380756243	0	0.25295	0.052485000000000004	0.08897249999999998	1	Cells_Culturedfibroblasts	Cells_Culturedfibroblasts,Cells_EBV_transformedlymphocytes,Muscle_Skeletal	3.05,2.599,2.343	1	Cells_Culturedfibroblasts	Cells_Culturedfibroblasts	3.05
chr4	149429976	149430029	chr4	149429921	149430029	IQCM	perfect	50	0.0321416	0.1639370214984886	0	1	0	0	2	Colon_Transverse,Testis	Colon_Transverse,Testis,Adipose_Subcutaneous	5.904,3.507,-0.196	2	Colon_Transverse,Testis	Colon_Transverse,Testis	5.904,3.507
chr4	150597082	150597115	chr4	150597082	150597115	LRBA	perfect	50	0.0306604	0.01976677277552367	0	0.13704	0.02532	0.0212625	1	Cells_Culturedfibroblasts	Cells_Culturedfibroblasts,Uterus,Ovary	5.382,0.987,0.913	1	Cells_Culturedfibroblasts	Cells_Culturedfibroblasts	5.382
chr4	152382188	152382335	chr4	152382188	152382529	FBXW7	perfect	50	0.10017799999999998	0.14216132152866162	0	0.58979	0.049995	0.12249499999999999	2	Heart_LeftVentricle,Muscle_Skeletal	Muscle_Skeletal,Heart_LeftVentricle,Liver	3.444,3.319,2.112	2	Heart_LeftVentricle,Muscle_Skeletal	Muscle_Skeletal,Heart_LeftVentricle	3.444,3.319
chr4	153257604	153257607	chr4	153257338	153257766	TRIM2	perfect	50	0.05555579999999999	0.11061599782977849	0	0.43714	0	0.06098	2	Brain_CerebellarHemisphere,Brain_Cerebellum	Brain_CerebellarHemisphere,Brain_Cerebellum,Brain_FrontalCortex_BA9	3.45,3.297,2.021	2	Brain_CerebellarHemisphere,Brain_Cerebellum	Brain_CerebellarHemisphere,Brain_Cerebellum	3.45,3.297
chr4	154323240	154323329	chr4	154322644	154323329	DCHS2	perfect	50	0.0237274	0.03020664941055602	0	0.11765	0	0.0473425	1	Cells_EBV_transformedlymphocytes	Cells_EBV_transformedlymphocytes,Esophagus_GastroesophagealJunction,Colon_Sigmoid	3.109,1.973,1.561	1	Cells_EBV_transformedlymphocytes	Cells_EBV_transformedlymphocytes	3.109
chr4	154820362	154820415	chr4	154820362	154820422	RBM46	perfect	50	0.002561000000000002	0.01810900466618748	0	0.12805	0	0	1	Testis	Testis,Adipose_Subcutaneous,Adipose_Visceral_Omentum	6.93,-0.141,-0.141	1	Testis	Testis	6.93
chr4	163110278	163110290	chr4	163110072	163110300	ENSG00000250027,NAF1	perfect	50	0.0102602	0.021841248234681542	0	0.14087	0	0.019749999999999997	1	Testis	Testis,Muscle_Skeletal,SmallIntestine_TerminalIleum	5.98,1.121,0.964	1	Testis	Testis	5.98
chr4	163494441	163494559	chr4	163494441	163494559	TMA16	perfect	50	0.025447399999999995	0.05821239663227644	0	0.34374	0	0.021352500000000003	1	Testis	Testis,Skin_SunExposed_Lowerleg,WholeBlood	5.468,1.693,1.526	1	Testis	Testis	5.468
chr4	166030452	166030470	chr4	166030452	166030958	TLL1	perfect	50	0.0118966	0.024240285460870505	0	0.14815	0	0.025077500000000003	1	Cells_Culturedfibroblasts	Cells_Culturedfibroblasts,Pituitary,Esophagus_Muscularis	5.621,1.385,1.048	1	Cells_Culturedfibroblasts	Cells_Culturedfibroblasts	5.621
chr4	167083237	167083246	chr4	167083237	167083246	SPOCK3	perfect	50	0.06420700000000001	0.11129350268455002	0	0.40741	0	0.11023	1	Brain_FrontalCortex_BA9	Brain_FrontalCortex_BA9,Brain_Nucleusaccumbens_basalganglia,Brain_Anteriorcingulatecortex_BA24	3.084,2.757,2.318	1	Brain_FrontalCortex_BA9	Brain_FrontalCortex_BA9	3.084
chr4	168390524	168390530	chr4	168390101	168390530	DDX60L	perfect	50	0.0352474	0.020619577957437855	0	0.102	0.0344	0.021865	1	WholeBlood	WholeBlood,Skin_NotSunExposed_Suprapubic,Skin_SunExposed_Lowerleg	3.237,2.332,2.278	1	WholeBlood	WholeBlood	3.237
chr4	169717791	169717867	chr4	169717791	169717867	CLCN3	perfect	50	0.0492058	0.05482291544153963	0.00649	0.30525	0.038265	0.051115	2	Cells_Culturedfibroblasts,Cells_EBV_transformedlymphocytes	Cells_Culturedfibroblasts,Cells_EBV_transformedlymphocytes,Bladder	4.67,3.537,1.471	2	Cells_Culturedfibroblasts,Cells_EBV_transformedlymphocytes	Cells_Culturedfibroblasts,Cells_EBV_transformedlymphocytes	4.67,3.537
chr4	172052444	172052531	chr4	172052444	172052531	GALNTL6	perfect	50	0.006339999999999994	0.04483056992722711	0	0.317	0	0	1	Testis	Testis,Adipose_Subcutaneous,Adipose_Visceral_Omentum	6.93,-0.141,-0.141	1	Testis	Testis	6.93
chr4	174331481	174331592	chr4	174331481	174333380	CEP44	perfect	50	0.0685538	0.0758693060436895	0	0.40446	0.03759	0.0858375	1	Testis	Testis,Muscle_Skeletal,Brain_Hypothalamus	4.427,2.124,1.742	1	Testis	Testis	4.427
chr4	176096519	176096585	chr4	176096462	176096585	WDR17	perfect	50	0.0080426	0.02623731124306197	0	0.15974	0	0.0051375	2	Brain_Cerebellum,Pituitary	Brain_Cerebellum,Pituitary,Testis	5.782,3.335,0.59	1	Brain_Cerebellum	Brain_Cerebellum	5.782
chr4	176241461	176241498	chr4	176241461	176241676	ASB5	perfect	50	0.01950179999999999	0.1378985502534381	0	0.97509	0	0	1	Testis	Testis,Adipose_Subcutaneous,Adipose_Visceral_Omentum	6.93,-0.141,-0.141	1	Testis	Testis	6.93
chr4	182448998	182449083	chr4	182448998	182449083	TENM3	perfect	50	0.0077209999999999996	0.024441909579195124	0	0.13822	0	0	1	Cells_Culturedfibroblasts	Cells_Culturedfibroblasts,Testis,Thyroid	5.339,2.654,1.79	1	Cells_Culturedfibroblasts	Cells_Culturedfibroblasts	5.339
chr4	184770254	184770332	chr4	184770254	184770332	ACSL1	perfect	50	0.018221400000000002	0.02721707957237476	0.00218	0.12821	0.00816	0.010162500000000001	3	Esophagus_Mucosa,Skin_NotSunExposed_Suprapubic,Skin_SunExposed_Lowerleg	Skin_SunExposed_Lowerleg,Skin_NotSunExposed_Suprapubic,Esophagus_Mucosa	4.041,3.523,3.479	3	Esophagus_Mucosa,Skin_NotSunExposed_Suprapubic,Skin_SunExposed_Lowerleg	Skin_SunExposed_Lowerleg,Skin_NotSunExposed_Suprapubic,Esophagus_Mucosa	4.041,3.523,3.479
chr4	185457198	185457329	chr4	185457161	185457329	CCDC110	perfect	50	0.0183126	0.04515032337941011	0	0.17391	0	0	3	Brain_CerebellarHemisphere,Brain_Cerebellum,Brain_Nucleusaccumbens_basalganglia	Brain_CerebellarHemisphere,Brain_Nucleusaccumbens_basalganglia,Brain_Cerebellum	3.446,3.338,3.083	3	Brain_CerebellarHemisphere,Brain_Cerebellum,Brain_Nucleusaccumbens_basalganglia	Brain_CerebellarHemisphere,Brain_Nucleusaccumbens_basalganglia,Brain_Cerebellum	3.446,3.338,3.083
chr4	185676996	185677347	chr4	185676996	185677638	SORBS2	perfect	50	0.0093366	0.019992428322865078	0	0.10771	0.00418	0.0056625	2	Heart_AtrialAppendage,Heart_LeftVentricle	Heart_LeftVentricle,Heart_AtrialAppendage,Brain_Spinalcord_cervicalc_1	4.921,4.519,0.638	1	Heart_LeftVentricle	Heart_LeftVentricle	4.921
chr4	185677347	185677488	chr4	185676996	185677638	SORBS2	perfect	50	0.0104844	0.023905411577587982	0	0.12584	0.00418	0.005795000000000001	2	Heart_AtrialAppendage,Heart_LeftVentricle	Heart_LeftVentricle,Heart_AtrialAppendage,Brain_Hypothalamus	4.826,4.638,0.59	2	Heart_AtrialAppendage,Heart_LeftVentricle	Heart_LeftVentricle,Heart_AtrialAppendage	4.826,4.638
chr4	186426952	186427098	chr4	186426012	186427098	ENSG00000272297,ENSG00000300494,F11-AS1	perfect	50	0.07999999999999999	0.2740475156178699	0	1	0	0	4	Brain_Caudate_basalganglia,Brain_Cortex,Brain_FrontalCortex_BA9,Testis	Brain_Caudate_basalganglia,Brain_Cortex,Brain_FrontalCortex_BA9	3.357,3.357,3.357	4	Brain_Caudate_basalganglia,Brain_Cortex,Brain_FrontalCortex_BA9,Testis	Brain_Caudate_basalganglia,Brain_Cortex,Brain_FrontalCortex_BA9	3.357,3.357,3.357
chr4	186592692	186592752	chr4	186592692	186592752	FAT1	perfect	50	0.0131468	0.0356140121724639	0	0.19582	0	0	1	Brain_CerebellarHemisphere	Brain_CerebellarHemisphere,Brain_Cerebellum,Brain_Nucleusaccumbens_basalganglia	5.129,2.912,1.999	1	Brain_CerebellarHemisphere	Brain_CerebellarHemisphere	5.129
chr5	367807	367812	chr5	367807	369849	AHRR	perfect	50	0.0167264	0.047398145307725334	0	0.25286	0	0	1	Testis	Testis,Brain_Anteriorcingulatecortex_BA24,Brain_Hypothalamus	4.982,2.836,2.284	1	Testis	Testis	4.982
chr5	367812	367847	chr5	367807	369849	AHRR	perfect	50	0.041779000000000004	0.06248068649345873	0	0.28049	0.012490000000000001	0.0584	1	Testis	Testis,Brain_Hypothalamus,Brain_FrontalCortex_BA9	3.821,2.582,2.209	1	Testis	Testis	3.821
chr5	367847	367980	chr5	367807	369849	AHRR	perfect	50	0.0167264	0.047398145307725334	0	0.25286	0	0	1	Testis	Testis,Brain_Anteriorcingulatecortex_BA24,Brain_Hypothalamus	4.982,2.836,2.284	1	Testis	Testis	4.982
chr5	421319	421340	chr5	420919	421340	AHRR	perfect	50	0.005021799999999999	0.024896179748741226	0	0.17423	0	0	1	Testis	Testis,Cells_EBV_transformedlymphocytes,Bladder	6.797,0.626,0.483	1	Testis	Testis	6.797
chr5	1056581	1056596	chr5	1056581	1056596	SLC12A7	perfect	50	0.010849200000000002	0.021126137292414793	0	0.10566	0.0028650000000000004	0.009132500000000002	2	Heart_AtrialAppendage,Heart_LeftVentricle	Heart_LeftVentricle,Heart_AtrialAppendage,Colon_Sigmoid	4.488,3.571,1.926	1	Heart_LeftVentricle	Heart_LeftVentricle	4.488
chr5	14531743	14531771	chr5	14531743	14532128	TRIO	perfect	50	0.0405494	0.020755033164836654	0.00541	0.10572	0.040685	0.02801	1	Cells_EBV_transformedlymphocytes	Cells_EBV_transformedlymphocytes,WholeBlood,Esophagus_Mucosa	3.14,1.669,1.629	1	Cells_EBV_transformedlymphocytes	Cells_EBV_transformedlymphocytes	3.14
chr5	16508577	16508612	chr5	16508560	16508998	RETREG1	perfect	50	0.12413759999999999	0.1925013571917171	0	0.74016	0.028705	0.198035	1	Muscle_Skeletal	Muscle_Skeletal,Liver,Stomach	3.2,2.571,2.245	1	Muscle_Skeletal	Muscle_Skeletal	3.2
chr5	16815451	16815463	chr5	16814516	16815463	MYO10	perfect	50	0.0317758	0.06970938285130777	0	0.5	0.025155	0.031165000000000002	1	WholeBlood	WholeBlood,Skin_NotSunExposed_Suprapubic,Adipose_Visceral_Omentum	6.717,0.515,0.364	1	WholeBlood	WholeBlood	6.717
chr5	17486232	17486826	chr5	17486201	17487371	LINC02218	perfect	50	0.019450400000000014	0.09972673080258589	0	0.61538	0	0	2	Spleen,WholeBlood	WholeBlood,Spleen,Adipose_Subcutaneous	5.976,3.386,-0.195	2	Spleen,WholeBlood	WholeBlood,Spleen	5.976,3.386
chr5	34687710	34687722	chr5	34687558	34687722	RAI14	perfect	50	0.0072136000000000075	0.051007854767672806	0	0.36068	0	0	1	Testis	Testis,Adipose_Subcutaneous,Adipose_Visceral_Omentum	6.93,-0.141,-0.141	1	Testis	Testis	6.93
chr5	35807638	35807728	chr5	35807638	35808238	SPEF2	perfect	50	0.0106328	0.018765841747435577	0	0.11769	0.0061200000000000004	0.0133225	1	Testis	Testis,Lung,Spleen	5.705,2.088,1.013	1	Testis	Testis	5.705
chr5	35962876	35962951	chr5	35960755	35962951	UGT3A1	perfect	50	0.0032446	0.017359414808391326	0	0.12123	0	0	1	Testis	Testis,Kidney_Cortex,Liver	6.797,0.791,0.682	1	Testis	Testis	6.797
chr5	36208624	36208690	chr5	36208624	36208690	NADK2	perfect	50	0.0824834	0.06393868815753198	0	0.33353	0.06086	0.0492325	1	Muscle_Skeletal	Muscle_Skeletal,Heart_LeftVentricle,Heart_AtrialAppendage	3.926,2.663,2.235	1	Muscle_Skeletal	Muscle_Skeletal	3.926
chr5	38403881	38403891	chr5	38403540	38403891	EGFLAM	perfect	50	0.0040443999999999975	0.028598226658308724	0	0.20222	0	0	1	Testis	Testis,Adipose_Subcutaneous,Adipose_Visceral_Omentum	6.93,-0.141,-0.141	1	Testis	Testis	6.93
chr5	40774927	40774972	chr5	40774927	40774972	PRKAA1	perfect	50	0.038421	0.09343915342540911	0	0.67534	0.028825	0.026445000000000003	1	Testis	Testis,Bladder,Skin_SunExposed_Lowerleg	6.816,0.228,0.226	1	Testis	Testis	6.816
chr5	41843574	41843580	chr5	41843574	41843657	OXCT1	perfect	50	0.0034198	0.024181637703017556	0	0.17099	0	0	1	Testis	Testis,Adipose_Subcutaneous,Adipose_Visceral_Omentum	6.93,-0.141,-0.141	1	Testis	Testis	6.93
chr5	43479889	43479895	chr5	43479889	43479987	TMEM267	perfect	50	0.0488682	0.043749040604757664	0	0.22018	0.052785	0.06733750000000001	1	Bladder	Bladder,Cells_Culturedfibroblasts,Cells_EBV_transformedlymphocytes	3.916,2.117,1.337	1	Bladder	Bladder	3.916
chr5	55490959	55491114	chr5	55490959	55491114	PLPP1	perfect	50	0.1301474	0.08546281188652186	0	0.55667	0.10211	0.0599025	1	Muscle_Skeletal	Muscle_Skeletal,Heart_LeftVentricle,Testis	4.991,2.594,1.831	1	Muscle_Skeletal	Muscle_Skeletal	4.991
chr5	55691188	55691220	chr5	55691188	55691292	SLC38A9	perfect	50	0.0022372000000000013	0.015819392908705442	0	0.11186	0	0	1	Testis	Testis,Adipose_Subcutaneous,Adipose_Visceral_Omentum	6.93,-0.141,-0.141	1	Testis	Testis	6.93
chr5	56925332	56925333	chr5	56925332	56925532	SETD9	perfect	50	0.0706276	0.026409165659996583	0.0375	0.16033	0.065135	0.023192500000000005	1	Testis	Testis,Brain_Cerebellum,Adipose_Visceral_Omentum	3.397,2.755,1.998	1	Testis	Testis	3.397
chr5	59157321	59157362	chr5	59157065	59157362	PDE4D	perfect	50	0.0899598	0.09448360595276163	0	0.40392	0.057595	0.06957000000000002	1	Esophagus_Mucosa	Esophagus_Mucosa,Skin_NotSunExposed_Suprapubic,Liver	3.323,2.731,2.704	1	Esophagus_Mucosa	Esophagus_Mucosa	3.323
chr5	59768246	59768509	chr5	59768246	59768848	ENSG00000309959,PDE4D	perfect	50	0.09008519999999999	0.09483651744869126	0	0.40392	0.057595	0.06957000000000002	1	Esophagus_Mucosa	Esophagus_Mucosa,Skin_NotSunExposed_Suprapubic,Liver	3.309,2.785,2.693	1	Esophagus_Mucosa	Esophagus_Mucosa	3.309
chr5	65551165	65551242	chr5	65550466	65551242	CENPK	perfect	50	0.09752839999999999	0.21256689848629204	0	1	0	0.0843675	2	Brain_Caudate_basalganglia,Pituitary	Brain_Caudate_basalganglia,Pituitary,Bladder	4.246,4.246,1.423	2	Brain_Caudate_basalganglia,Pituitary	Brain_Caudate_basalganglia,Pituitary	4.246,4.246
chr5	66068876	66069020	chr5	66067990	66069020	ERBIN	perfect	50	0.045995	0.061683491796461085	0	0.38002	0.038185	0.0550775	1	Testis	Testis,Cells_EBV_transformedlymphocytes,Pancreas	5.415,1.72,1.462	1	Testis	Testis	5.415
chr5	66828861	66828882	chr5	66828773	66828882	MAST4	perfect	50	0.005718400000000001	0.015016362145394358	0	0.10098	0.002445	0.0048925	1	Testis	Testis,Heart_LeftVentricle,Heart_AtrialAppendage	6.344,1.799,1.258	1	Testis	Testis	6.344
chr5	66902648	66902724	chr5	66902648	66902736	MAST4	perfect	50	0.004788200000000002	0.03385768689677427	0	0.23941	0	0	1	Testis	Testis,Adipose_Subcutaneous,Adipose_Visceral_Omentum	6.93,-0.141,-0.141	1	Testis	Testis	6.93
chr5	66916982	66917018	chr5	66916982	66917373	MAST4	perfect	50	0.0091894	0.017630899754784646	0	0.10641	0.0038050000000000002	0.010217500000000001	1	Testis	Testis,Heart_LeftVentricle,Heart_AtrialAppendage	5.514,2.405,2.219	1	Testis	Testis	5.514
chr5	66930746	66930750	chr5	66930746	66930961	MAST4	perfect	50	0.044362399999999996	0.06572917730524618	0	0.34872	0.026705	0.044044999999999994	1	Kidney_Cortex	Kidney_Cortex,Heart_LeftVentricle,Liver	4.63,2.412,2.325	1	Kidney_Cortex	Kidney_Cortex	4.63
chr5	68288735	68288751	chr5	68288051	68288751	PIK3R1	perfect	50	0.021022600000000002	0.029057594237960564	0	0.14742	0.01232	0.008047499999999997	2	Cells_EBV_transformedlymphocytes,Kidney_Cortex	Kidney_Cortex,Cells_EBV_transformedlymphocytes,Muscle_Skeletal	4.35,4.305,1.542	2	Cells_EBV_transformedlymphocytes,Kidney_Cortex	Kidney_Cortex,Cells_EBV_transformedlymphocytes	4.35,4.305
chr5	73923086	73923164	chr5	73923086	73923164	ARHGEF28	perfect	50	0.344586	0.14188071029954016	0.11538	1	0.317265	0.17179999999999998	1	WholeBlood	WholeBlood,Brain_Amygdala,Brain_Anteriorcingulatecortex_BA24	4.619,1.8,1.624	1	WholeBlood	WholeBlood	4.619
chr5	75611209	75611248	chr5	75611181	75611248	ANKDD1B	perfect	50	0.007936	0.03401508806877515	0	0.20199	0	0	1	Kidney_Cortex	Kidney_Cortex,Testis,Colon_Transverse	5.705,2.802,2.459	1	Kidney_Cortex	Kidney_Cortex	5.705
chr5	75712375	75712384	chr5	75712357	75712455	POC5	perfect	50	0.002314000000000002	0.01636245091665671	0	0.1157	0	0	1	Testis	Testis,Adipose_Subcutaneous,Adipose_Visceral_Omentum	6.93,-0.141,-0.141	1	Testis	Testis	6.93
chr5	76609163	76609179	chr5	76609094	76609230	IQGAP2	perfect	50	0.005785599999999999	0.022183048884134894	0	0.15343	0	0.0022949999999999997	1	Testis	Testis,Bladder,WholeBlood	6.656,0.976,0.776	1	Testis	Testis	6.656
chr5	76609214	76609230	chr5	76609094	76609230	IQGAP2	perfect	50	0.009169200000000006	0.06483603498055691	0	0.45846	0	0	1	Testis	Testis,Adipose_Subcutaneous,Adipose_Visceral_Omentum	6.93,-0.141,-0.141	1	Testis	Testis	6.93
chr5	76716543	76716761	chr5	76716543	76716788	F2R	perfect	50	0.014549999999999997	0.03848482335377712	0	0.22609	0	0.01732	2	Testis,WholeBlood	WholeBlood,Testis,Cells_EBV_transformedlymphocytes	5.497,3.626,0.827	2	Testis,WholeBlood	WholeBlood,Testis	5.497,3.626
chr5	78816088	78816114	chr5	78815510	78816114	ARSB	perfect	50	0.0617706	0.03774531544984308	0.01653	0.20588	0.05471	0.032037500000000003	1	Testis	Testis,Pituitary,Liver	3.818,2.414,2.309	1	Testis	Testis	3.818
chr5	81087127	81087429	chr5	81087127	81088579	RASGRF2	perfect	50	0.2550542	0.08664693108052628	0	0.52	0.26237	0.08905750000000004	1	WholeBlood	WholeBlood,Adipose_Visceral_Omentum,Heart_AtrialAppendage	3.058,1.51,1.317	1	WholeBlood	WholeBlood	3.058
chr5	88760987	88761022	chr5	88760987	88761125	MEF2C	perfect	50	0.082134	0.0937916189850497	0	0.68247	0.066325	0.04260499999999999	1	Muscle_Skeletal	Muscle_Skeletal,Cells_Culturedfibroblasts,Brain_Cerebellum	6.401,0.79,0.698	1	Muscle_Skeletal	Muscle_Skeletal	6.401
chr5	88761022	88761125	chr5	88760987	88761125	MEF2C	perfect	50	0.0822758	0.09382502842819192	0	0.68247	0.066325	0.04260499999999999	1	Muscle_Skeletal	Muscle_Skeletal,Cells_Culturedfibroblasts,Brain_Cerebellum	6.397,0.788,0.696	1	Muscle_Skeletal	Muscle_Skeletal	6.397
chr5	95556207	95556219	chr5	95556207	95557057	ARSK	perfect	50	0.1398644	0.09874700400849164	0.01337	0.43909	0.12079999999999999	0.12106250000000002	1	Cells_EBV_transformedlymphocytes	Cells_EBV_transformedlymphocytes,Testis,WholeBlood	3.03,2.579,2.2	1	Cells_EBV_transformedlymphocytes	Cells_EBV_transformedlymphocytes	3.03
chr5	96663136	96663166	chr5	96662999	96663166	CAST	perfect	50	0.052454200000000006	0.056503767080123946	0	0.22956	0.032104999999999995	0.061279999999999994	1	Esophagus_Mucosa	Esophagus_Mucosa,Vagina,Skin_NotSunExposed_Suprapubic	3.134,2.606,2.46	1	Esophagus_Mucosa	Esophagus_Mucosa	3.134
chr5	96743626	96743746	chr5	96743539	96743746	CAST	perfect	50	0.227398	0.11135570322536842	0	0.56752	0.234665	0.1307	1	Testis	Testis,Brain_Putamen_basalganglia,Brain_Hippocampus	3.054,1.245,1.122	1	Testis	Testis	3.054
chr5	96881427	96881480	chr5	96880932	96881480	ERAP2	perfect	50	0.0045964	0.0178479250220253	0	0.12195	0	0	1	Testis	Testis,Cells_EBV_transformedlymphocytes,MinorSalivaryGland	6.575,1.182,0.929	1	Testis	Testis	6.575
chr5	98869013	98869277	chr5	98868929	98869277	CHD1	perfect	50	0.0684368	0.02877380933829816	0.02938	0.20153	0.06688	0.030327499999999993	1	Testis	Testis,Brain_CerebellarHemisphere,Brain_Cerebellum	4.625,1.878,1.647	1	Testis	Testis	4.625
chr5	111071483	111071517	chr5	111070061	111071517	TSLP	perfect	50	0.0236168	0.12488090748732228	0	0.87613	0	0	1	Testis	Testis,Brain_Cerebellum,Prostate	6.827,0.701,0.464	1	Testis	Testis	6.827
chr5	114361128	114361150	chr5	114360944	114361150	KCNN2	perfect	50	0.037995799999999996	0.06806862584816253	0	0.33333	0.006345	0.046735000000000006	1	Ovary	Ovary,Muscle_Skeletal,Esophagus_Muscularis	4.339,2.706,2.034	1	Ovary	Ovary	4.339
chr5	114490690	114490699	chr5	114490690	114490699	KCNN2	perfect	50	0.04383659999999999	0.07354847982196809	0	0.29982	0	0.08589499999999999	2	Brain_Cortex,Brain_FrontalCortex_BA9	Brain_FrontalCortex_BA9,Brain_Cortex,Brain_Anteriorcingulatecortex_BA24	3.48,3.011,2.289	2	Brain_Cortex,Brain_FrontalCortex_BA9	Brain_FrontalCortex_BA9,Brain_Cortex	3.48,3.011
chr5	116449316	116449347	chr5	116449316	116449861	SEMA6A,SEMA6A-AS1	perfect	50	0.0045201999999999985	0.016028584859938348	0	0.11089	0	0.0035775000000000004	1	Testis	Testis,Vagina,Thyroid	6.636,0.857,0.729	1	Testis	Testis	6.636
chr5	118988129	118988149	chr5	118988129	118988220	DTWD2	perfect	50	0.005496199999999997	0.03137219963208033	0	0.21951	0	0	1	Muscle_Skeletal	Muscle_Skeletal,Heart_AtrialAppendage,Cells_EBV_transformedlymphocytes	6.822,0.815,0.597	1	Muscle_Skeletal	Muscle_Skeletal	6.822
chr5	119333564	119333631	chr5	119333174	119333631	TNFAIP8	perfect	50	0.026183800000000007	0.04985335457936935	0	0.20051	0	0.02293	1	Cells_EBV_transformedlymphocytes	Cells_EBV_transformedlymphocytes,Skin_NotSunExposed_Suprapubic,Skin_SunExposed_Lowerleg	3.497,2.662,2.557	1	Cells_EBV_transformedlymphocytes	Cells_EBV_transformedlymphocytes	3.497
chr5	122400985	122401126	chr5	122400985	122401126	SNCAIP	perfect	50	0.011458	0.024439763852027233	0	0.16251	0.001465	0.01557	1	Testis	Testis,Uterus,Ovary	6.181,0.998,0.981	1	Testis	Testis	6.181
chr5	126371442	126371567	chr5	126371312	126371567	GRAMD2B	perfect	50	0.017959799999999995	0.04586472333829082	0	0.18719	0	0	2	Liver,Pancreas	Pancreas,Liver,Stomach	3.69,3.131,2.466	2	Liver,Pancreas	Pancreas,Liver	3.69,3.131
chr5	126466293	126466336	chr5	126466293	126466336	GRAMD2B	perfect	50	0.0593922	0.04470501959169548	0	0.2321	0.04818	0.031975	1	Brain_CerebellarHemisphere	Brain_CerebellarHemisphere,Esophagus_Muscularis,Brain_Cerebellum	3.863,2.506,2.469	1	Brain_CerebellarHemisphere	Brain_CerebellarHemisphere	3.863
chr5	127047672	127047915	chr5	127045234	127047915	C5orf63	perfect	50	0.2517454	0.06408270333064348	0.15453	0.44828	0.25024	0.10091250000000002	1	Artery_Tibial	Artery_Tibial,Brain_CerebellarHemisphere,Ovary	3.067,1.547,1.501	1	Artery_Tibial	Artery_Tibial	3.067
chr5	131435953	131436381	chr5	131435760	131436381	RAPGEF6	perfect	50	0.0387218	0.08105758821293636	0.00752	0.59352	0.029405	0.019480000000000004	1	Testis	Testis,Ovary,Heart_AtrialAppendage	6.844,0.206,0.178	1	Testis	Testis	6.844
chr5	131450022	131450046	chr5	131450022	131450046	RAPGEF6	perfect	50	0.045729	0.0805377640980824	0.00752	0.59352	0.032295000000000004	0.016357500000000004	1	Testis	Testis,Brain_Cerebellum,Brain_CerebellarHemisphere	6.802,0.732,0.281	1	Testis	Testis	6.802
chr5	132198205	132198271	chr5	132198205	132198271	P4HA2	perfect	50	0.15551399999999999	0.06744407745438788	0	0.38929	0.1555	0.083145	1	Cells_EBV_transformedlymphocytes	Cells_EBV_transformedlymphocytes,Muscle_Skeletal,Skin_SunExposed_Lowerleg	3.466,2.578,1.405	1	Cells_EBV_transformedlymphocytes	Cells_EBV_transformedlymphocytes	3.466
chr5	132556673	132556715	chr5	132556673	132556838	IL5	perfect	50	0.004905200000000001	0.03468500183076253	0	0.24526	0	0	1	Testis	Testis,Adipose_Subcutaneous,Adipose_Visceral_Omentum	6.93,-0.141,-0.141	1	Testis	Testis	6.93
chr5	132758516	132758556	chr5	132756000	132759007	SEPTIN8	perfect	50	0.1167882	0.1774693191269628	0	0.79952	0.040315000000000004	0.0809975	2	Brain_Spinalcord_cervicalc_1,Brain_Substantianigra	Brain_Spinalcord_cervicalc_1,Brain_Substantianigra,Brain_Hippocampus	3.847,3.038,2.534	2	Brain_Spinalcord_cervicalc_1,Brain_Substantianigra	Brain_Spinalcord_cervicalc_1,Brain_Substantianigra	3.847,3.038
chr5	133583264	133583396	chr5	133583264	133583641	FSTL4	perfect	50	0.025447199999999996	0.07794642550587458	0	0.3822	0	0	2	Esophagus_Mucosa,Vagina	Esophagus_Mucosa,Vagina,Prostate	4.577,4.033,1.78	2	Esophagus_Mucosa,Vagina	Esophagus_Mucosa,Vagina	4.577,4.033
chr5	134140795	134140888	chr5	134140534	134140888	TCF7	perfect	50	0.0028713999999999988	0.01882465383154629	0	0.1329	0	0	1	Cells_EBV_transformedlymphocytes	Cells_EBV_transformedlymphocytes,WholeBlood,Adipose_Subcutaneous	6.907,0.414,-0.153	1	Cells_EBV_transformedlymphocytes	Cells_EBV_transformedlymphocytes	6.907
chr5	134299699	134299750	chr5	134299424	134299750	CDKL3	perfect	50	0.004790200000000003	0.03277037590101581	0	0.23175	0	0	1	Testis	Testis,Nerve_Tibial,Adipose_Subcutaneous	6.926,0.091,-0.146	1	Testis	Testis	6.926
chr5	134388976	134389052	chr5	134388976	134389052	UBE2B	perfect	50	0.0274718	0.019531314541379075	0	0.10375	0.02747	0.0168625	1	Cells_Culturedfibroblasts	Cells_Culturedfibroblasts,Testis,Cells_EBV_transformedlymphocytes	3.905,2.424,2.079	1	Cells_Culturedfibroblasts	Cells_Culturedfibroblasts	3.905
chr5	134875136	134875188	chr5	134874667	134875188	ENSG00000300583,TXNDC15	perfect	50	0.005802400000000001	0.01798609752910649	0	0.10741	0	0	1	Cells_EBV_transformedlymphocytes	Cells_EBV_transformedlymphocytes,Testis,Cells_Culturedfibroblasts	5.649,2.351,1.95	1	Cells_EBV_transformedlymphocytes	Cells_EBV_transformedlymphocytes	5.649
chr5	135874661	135874730	chr5	135874661	135876380	SLC25A48	perfect	50	0.0338796	0.04364148896429187	0	0.2	0.017595	0.0542575	1	Esophagus_Mucosa	Esophagus_Mucosa,Vagina,Nerve_Tibial	3.806,2.088,1.722	1	Esophagus_Mucosa	Esophagus_Mucosa	3.806
chr5	138168469	138168688	chr5	138168469	138168688	BRD8	perfect	50	0.3595942	0.08814131235251997	0.08492	0.6348	0.36224	0.08753250000000001	1	Muscle_Skeletal	Muscle_Skeletal,Skin_SunExposed_Lowerleg,Cells_EBV_transformedlymphocytes	3.122,1.556,1.453	1	Muscle_Skeletal	Muscle_Skeletal	3.122
chr5	138541518	138541562	chr5	138541518	138541711	ETF1	perfect	50	0.008200999999999993	0.041917299348763835	0	0.25693	0	0	2	Muscle_Skeletal,Testis	Testis,Muscle_Skeletal,Adipose_Subcutaneous	5.934,3.457,-0.196	2	Muscle_Skeletal,Testis	Testis,Muscle_Skeletal	5.934,3.457
chr5	139384357	139384553	chr5	139384353	139384553	SLC23A1	perfect	50	0.01829159999999999	0.05975894974762168	0	0.27273	0	0	2	Skin_NotSunExposed_Suprapubic,Skin_SunExposed_Lowerleg	Skin_SunExposed_Lowerleg,Skin_NotSunExposed_Suprapubic,MinorSalivaryGland	4.258,3.959,2.268	2	Skin_NotSunExposed_Suprapubic,Skin_SunExposed_Lowerleg	Skin_SunExposed_Lowerleg,Skin_NotSunExposed_Suprapubic	4.258,3.959
chr5	139418753	139418833	chr5	139418718	139418833	DNAJC18	perfect	50	0.006381000000000001	0.027904806055954023	0	0.17465	0	0	2	Cells_EBV_transformedlymphocytes,Testis	Testis,Cells_EBV_transformedlymphocytes,Cells_Culturedfibroblasts	6.03,3.111,0.683	1	Testis	Testis	6.03
chr5	139419137	139419172	chr5	139419067	139419172	DNAJC18	perfect	50	0.0475798	0.03659723037864689	0	0.16421	0.04532	0.0492725	1	Muscle_Skeletal	Muscle_Skeletal,Artery_Aorta,Artery_Coronary	3.187,1.915,1.668	1	Muscle_Skeletal	Muscle_Skeletal	3.187
chr5	139859888	139859912	chr5	139859888	139859912	NRG2	perfect	50	0.028735400000000015	0.06251575168723801	0	0.24333	0	0	2	Brain_CerebellarHemisphere,Brain_Cerebellum	Brain_Cerebellum,Brain_CerebellarHemisphere,Brain_Cortex	3.433,3.241,2.462	2	Brain_CerebellarHemisphere,Brain_Cerebellum	Brain_Cerebellum,Brain_CerebellarHemisphere	3.433,3.241
chr5	139865114	139865173	chr5	139865114	139865173	NRG2	perfect	50	0.030679399999999996	0.06261433644305495	0	0.23741	0	0.0222225	2	Brain_CerebellarHemisphere,Brain_Cerebellum	Brain_Cerebellum,Brain_CerebellarHemisphere,Brain_Cortex	3.302,3.113,2.427	2	Brain_CerebellarHemisphere,Brain_Cerebellum	Brain_Cerebellum,Brain_CerebellarHemisphere	3.302,3.113
chr5	140228729	140228833	chr5	140228729	140228915	CYSTM1	perfect	50	0.016890199999999998	0.06719092994821639	0	0.48053	0.00549	0.0032249999999999996	1	Testis	Testis,Muscle_Skeletal,Liver	6.9,0.322,0.076	1	Testis	Testis	6.9
chr5	140472238	140472295	chr5	140472238	140472477	ANKHD1	perfect	50	0.15812299999999999	0.07052106743407119	0.07533	0.44382	0.152095	0.07063750000000002	1	Muscle_Skeletal	Muscle_Skeletal,Cells_EBV_transformedlymphocytes,Cells_Culturedfibroblasts	4.051,2.91,1.792	1	Muscle_Skeletal	Muscle_Skeletal	4.051
chr5	140472295	140472312	chr5	140472238	140472477	ANKHD1	perfect	50	0.0897362	0.058181167262618724	0.02579	0.37741	0.07604	0.05936749999999999	1	Muscle_Skeletal	Muscle_Skeletal,Cells_EBV_transformedlymphocytes,Testis	4.944,1.996,1.773	1	Muscle_Skeletal	Muscle_Skeletal	4.944
chr5	140472312	140472337	chr5	140472238	140472477	ANKHD1	perfect	50	0.0892892	0.05675990054211705	0.02579	0.36675	0.075095	0.05936749999999999	1	Muscle_Skeletal	Muscle_Skeletal,Cells_EBV_transformedlymphocytes,Testis	4.888,2.007,1.7	1	Muscle_Skeletal	Muscle_Skeletal	4.888
chr5	141518943	141518996	chr5	141518943	141519067	DIAPH1,ENSG00000301000	perfect	50	0.0106336	0.04366145134686071	0	0.30993	0.00209	0.00629	1	Muscle_Skeletal	Muscle_Skeletal,Brain_FrontalCortex_BA9,Brain_Cortex	6.855,0.325,0.317	1	Muscle_Skeletal	Muscle_Skeletal	6.855
chr5	142319743	142319765	chr5	142317060	142323057	ENSG00000274721,ENSG00000277968,SPRY4	perfect	50	0.023727800000000004	0.02703262437824916	0	0.13761	0.026924999999999998	0.04017	1	Testis	Testis,Brain_Anteriorcingulatecortex_BA24,Brain_FrontalCortex_BA9	4.213,1.404,1.326	1	Testis	Testis	4.213
chr5	143057857	143058038	chr5	143057857	143058159	ARHGAP26	perfect	50	0.0265306	0.024275338742460927	0	0.10858	0.02392	0.040795	1	Cells_EBV_transformedlymphocytes	Cells_EBV_transformedlymphocytes,Kidney_Cortex,Heart_AtrialAppendage	3.38,1.76,1.56	1	Cells_EBV_transformedlymphocytes	Cells_EBV_transformedlymphocytes	3.38
chr5	143216186	143216278	chr5	143216186	143216770	ARHGAP26	perfect	50	0.060180000000000004	0.03592642776905182	0.00899	0.19702	0.057874999999999996	0.037125000000000005	1	WholeBlood	WholeBlood,Cells_EBV_transformedlymphocytes,Esophagus_Mucosa	3.809,2.465,1.729	1	WholeBlood	WholeBlood	3.809
chr5	146592138	146592193	chr5	146592048	146592193	PPP2R2B	perfect	50	0.011633400000000004	0.0349553931262723	0	0.2372	0	0.006812500000000001	1	Testis	Testis,Spleen,Nerve_Tibial	6.453,1.654,0.603	1	Testis	Testis	6.453
chr5	146856498	146856535	chr5	146856498	146856583	PPP2R2B	perfect	50	0.0401878	0.09223029046216157	0	0.62398	0.021130000000000003	0.041285	1	Testis	Testis,Skin_SunExposed_Lowerleg,Skin_NotSunExposed_Suprapubic	6.33,1.263,1.105	1	Testis	Testis	6.33
chr5	147055738	147055743	chr5	147055664	147056027	PPP2R2B	perfect	50	0.043610399999999994	0.07446085636392435	0	0.29204	0	0.066915	1	Esophagus_Muscularis	Esophagus_Muscularis,Esophagus_GastroesophagealJunction,Brain_FrontalCortex_BA9	3.336,2.365,2.218	1	Esophagus_Muscularis	Esophagus_Muscularis	3.336
chr5	148451187	148451272	chr5	148446041	148451272	HTR4	perfect	50	0.06127200000000001	0.17388832679601685	0	0.8	0	0	1	Heart_LeftVentricle	Heart_LeftVentricle,Artery_Coronary,Artery_Tibial	4.248,2.756,2.61	1	Heart_LeftVentricle	Heart_LeftVentricle	4.248
chr5	148465867	148465925	chr5	148465849	148465925	HTR4	perfect	50	0.0066426	0.026592744814620237	0	0.11712	0	0	3	Artery_Aorta,Artery_Coronary,Heart_AtrialAppendage	Artery_Coronary,Artery_Aorta,Heart_AtrialAppendage	4.154,3.928,3.657	3	Artery_Aorta,Artery_Coronary,Heart_AtrialAppendage	Artery_Coronary,Artery_Aorta,Heart_AtrialAppendage	4.154,3.928,3.657
chr5	148484259	148484379	chr5	148484259	148484379	HTR4	perfect	50	0.1396986	0.25408683344607425	0	1	0	0.24881999999999999	3	Bladder,Nerve_Tibial,Spleen	Bladder,Nerve_Tibial,Spleen	3.386,3.386,3.386	3	Bladder,Nerve_Tibial,Spleen	Bladder,Nerve_Tibial,Spleen	3.386,3.386,3.386
chr5	148662606	148662688	chr5	148662606	148662688	HTR4	perfect	50	0.12511979999999995	0.2546207273532899	0	1	0	0.0798425	2	Brain_Anteriorcingulatecortex_BA24,Brain_Hypothalamus	Brain_Anteriorcingulatecortex_BA24,Brain_Hypothalamus,Brain_Amygdala	3.436,3.436,2.454	2	Brain_Anteriorcingulatecortex_BA24,Brain_Hypothalamus	Brain_Anteriorcingulatecortex_BA24,Brain_Hypothalamus	3.436,3.436
chr5	148665485	148665619	chr5	148665485	148665733	HTR4	perfect	50	0.12511979999999995	0.2546207273532899	0	1	0	0.0798425	2	Brain_Anteriorcingulatecortex_BA24,Brain_Hypothalamus	Brain_Anteriorcingulatecortex_BA24,Brain_Hypothalamus,Brain_Amygdala	3.436,3.436,2.454	2	Brain_Anteriorcingulatecortex_BA24,Brain_Hypothalamus	Brain_Anteriorcingulatecortex_BA24,Brain_Hypothalamus	3.436,3.436
chr5	149511065	149511158	chr5	149511065	149511158	CSNK1A1	perfect	50	0.032263999999999994	0.05394944920374774	0	0.24751	0	0.054872500000000005	2	Cells_Culturedfibroblasts,Cells_EBV_transformedlymphocytes	Cells_EBV_transformedlymphocytes,Cells_Culturedfibroblasts,Artery_Tibial	3.99,3.118,1.936	2	Cells_Culturedfibroblasts,Cells_EBV_transformedlymphocytes	Cells_EBV_transformedlymphocytes,Cells_Culturedfibroblasts	3.99,3.118
chr5	150383737	150383752	chr5	150383737	150384253	TCOF1	perfect	50	0.0493936	0.01995759757739454	0.01896	0.11959	0.04535	0.017654999999999997	2	Brain_Cortex,Brain_FrontalCortex_BA9	Brain_FrontalCortex_BA9,Brain_Cortex,Brain_Anteriorcingulatecortex_BA24	3.517,3.402,1.979	2	Brain_Cortex,Brain_FrontalCortex_BA9	Brain_FrontalCortex_BA9,Brain_Cortex	3.517,3.402
chr5	150618367	150618767	chr5	150618102	150618767	SYNPO	perfect	50	0.055491	0.050794401276325805	0.00516	0.32118	0.042050000000000004	0.037717499999999994	1	Cells_EBV_transformedlymphocytes	Cells_EBV_transformedlymphocytes,WholeBlood,Cells_Culturedfibroblasts	5.231,2.331,1.569	1	Cells_EBV_transformedlymphocytes	Cells_EBV_transformedlymphocytes	5.231
chr5	151288933	151289056	chr5	151288933	151289056	SLC36A3	perfect	50	0.005680799999999995	0.040169322025645396	0	0.28404	0	0	1	Testis	Testis,Adipose_Subcutaneous,Adipose_Visceral_Omentum	6.93,-0.141,-0.141	1	Testis	Testis	6.93
chr5	153795475	153795590	chr5	153795475	153795590	GRIA1	perfect	50	0.0326146	0.05740510889622768	0	0.28099	0.00581	0.051550000000000006	1	Testis	Testis,Cells_EBV_transformedlymphocytes,Cells_Culturedfibroblasts	4.327,2.75,2.554	1	Testis	Testis	4.327
chr5	157667797	157667849	chr5	157667797	157667852	SOX30	perfect	50	0.011525199999999992	0.08149547074531198	0	0.57626	0	0	1	Testis	Testis,Adipose_Subcutaneous,Adipose_Visceral_Omentum	6.93,-0.141,-0.141	1	Testis	Testis	6.93
chr5	160276268	160276412	chr5	160276268	160276412	CCNJL	perfect	50	0.027470599999999998	0.045121878914507876	0	0.17553	0	0.06837499999999999	1	WholeBlood	WholeBlood,Spleen,Lung	3.281,1.945,1.843	1	WholeBlood	WholeBlood	3.281
chr5	162036841	162036954	chr5	162036770	162036954	GABRG2,LINC01202	perfect	50	0.012972999999999991	0.0917329627233308	0	0.64865	0	0	1	Testis	Testis,Adipose_Subcutaneous,Adipose_Visceral_Omentum	6.93,-0.141,-0.141	1	Testis	Testis	6.93
chr5	170353876	170353964	chr5	170353486	170353964	KCNIP1	perfect	50	0.020785200000000004	0.05034779594065298	0	0.2	0	0	1	Uterus	Uterus,Prostate,Vagina	3.56,2.925,2.843	1	Uterus	Uterus	3.56
chr5	175685408	175685523	chr5	175685408	175686242	HRH2	perfect	50	0.019147	0.021315607413061325	0	0.12857	0.0148	0.018885000000000002	1	Testis	Testis,Pituitary,WholeBlood	5.133,2.129,1.687	1	Testis	Testis	5.133
chr5	175918101	175918172	chr5	175916676	175918172	THOC3	perfect	50	0.1086748	0.04642554698896384	0.0295	0.28102	0.10333500000000001	0.0394625	1	Testis	Testis,Spleen,WholeBlood	3.712,2.264,2.031	1	Testis	Testis	3.712
chr5	176089518	176089521	chr5	176086976	176089521	ENSG00000289731	perfect	50	0.129951	0.21954092343398057	0	1	0.010935	0.13194	1	Cells_EBV_transformedlymphocytes	Cells_EBV_transformedlymphocytes,Esophagus_Muscularis,MinorSalivaryGland	3.963,2.263,1.893	1	Cells_EBV_transformedlymphocytes	Cells_EBV_transformedlymphocytes	3.963
chr5	176090369	176090394	chr5	176090345	176090796	ENSG00000289731	perfect	50	0.129951	0.21954092343398057	0	1	0.010935	0.13194	1	Cells_EBV_transformedlymphocytes	Cells_EBV_transformedlymphocytes,Esophagus_Muscularis,MinorSalivaryGland	3.963,2.263,1.893	1	Cells_EBV_transformedlymphocytes	Cells_EBV_transformedlymphocytes	3.963
chr5	176093194	176093199	chr5	176091643	176093274	ENSG00000289731	perfect	50	0.129951	0.21954092343398057	0	1	0.010935	0.13194	1	Cells_EBV_transformedlymphocytes	Cells_EBV_transformedlymphocytes,Esophagus_Muscularis,MinorSalivaryGland	3.963,2.263,1.893	1	Cells_EBV_transformedlymphocytes	Cells_EBV_transformedlymphocytes	3.963
chr5	176093199	176093274	chr5	176091643	176093274	ENSG00000289731	perfect	50	0.1303532	0.21989834616634538	0	1	0.010935	0.13194	1	Cells_EBV_transformedlymphocytes	Cells_EBV_transformedlymphocytes,Esophagus_Muscularis,MinorSalivaryGland	3.955,2.258,1.888	1	Cells_EBV_transformedlymphocytes	Cells_EBV_transformedlymphocytes	3.955
chr5	176093743	176093768	chr5	176093743	176093768	ENSG00000289731	perfect	50	0.102791	0.19826322706216107	0	1	0	0.1097525	1	Cells_EBV_transformedlymphocytes	Cells_EBV_transformedlymphocytes,Esophagus_Muscularis,MinorSalivaryGland	4.525,2.267,1.958	1	Cells_EBV_transformedlymphocytes	Cells_EBV_transformedlymphocytes	4.525
chr5	176096823	176096900	chr5	176096823	176096900	ENSG00000289731	perfect	50	0.102791	0.19826322706216107	0	1	0	0.1097525	1	Cells_EBV_transformedlymphocytes	Cells_EBV_transformedlymphocytes,Esophagus_Muscularis,MinorSalivaryGland	4.525,2.267,1.958	1	Cells_EBV_transformedlymphocytes	Cells_EBV_transformedlymphocytes	4.525
chr5	176097354	176097379	chr5	176097354	176097379	ENSG00000289731	perfect	50	0.102791	0.19826322706216107	0	1	0	0.1097525	1	Cells_EBV_transformedlymphocytes	Cells_EBV_transformedlymphocytes,Esophagus_Muscularis,MinorSalivaryGland	4.525,2.267,1.958	1	Cells_EBV_transformedlymphocytes	Cells_EBV_transformedlymphocytes	4.525
chr5	176098487	176098558	chr5	176098487	176098558	ENSG00000289731	perfect	50	0.102791	0.19826322706216107	0	1	0	0.1097525	1	Cells_EBV_transformedlymphocytes	Cells_EBV_transformedlymphocytes,Esophagus_Muscularis,MinorSalivaryGland	4.525,2.267,1.958	1	Cells_EBV_transformedlymphocytes	Cells_EBV_transformedlymphocytes	4.525
chr5	176099020	176099045	chr5	176099020	176099045	ENSG00000289731	perfect	50	0.102791	0.19826322706216107	0	1	0	0.1097525	1	Cells_EBV_transformedlymphocytes	Cells_EBV_transformedlymphocytes,Esophagus_Muscularis,MinorSalivaryGland	4.525,2.267,1.958	1	Cells_EBV_transformedlymphocytes	Cells_EBV_transformedlymphocytes	4.525
chr5	176101046	176101117	chr5	176101046	176102201	ENSG00000289731	perfect	50	0.102791	0.19826322706216107	0	1	0	0.1097525	1	Cells_EBV_transformedlymphocytes	Cells_EBV_transformedlymphocytes,Esophagus_Muscularis,MinorSalivaryGland	4.525,2.267,1.958	1	Cells_EBV_transformedlymphocytes	Cells_EBV_transformedlymphocytes	4.525
chr5	176101550	176101581	chr5	176101046	176102201	ENSG00000289731	perfect	50	0.102791	0.19826322706216107	0	1	0	0.1097525	1	Cells_EBV_transformedlymphocytes	Cells_EBV_transformedlymphocytes,Esophagus_Muscularis,MinorSalivaryGland	4.525,2.267,1.958	1	Cells_EBV_transformedlymphocytes	Cells_EBV_transformedlymphocytes	4.525
chr5	176103226	176103297	chr5	176103226	176103297	ENSG00000289731	perfect	50	0.10238880000000002	0.1978202556088301	0	1	0	0.1097525	1	Cells_EBV_transformedlymphocytes	Cells_EBV_transformedlymphocytes,Esophagus_Muscularis,MinorSalivaryGland	4.538,2.274,1.964	1	Cells_EBV_transformedlymphocytes	Cells_EBV_transformedlymphocytes	4.538
chr5	176103755	176103780	chr5	176103755	176103780	ENSG00000289731	perfect	50	0.129951	0.21954092343398057	0	1	0.010935	0.13194	1	Cells_EBV_transformedlymphocytes	Cells_EBV_transformedlymphocytes,Esophagus_Muscularis,MinorSalivaryGland	3.963,2.263,1.893	1	Cells_EBV_transformedlymphocytes	Cells_EBV_transformedlymphocytes	3.963
chr5	176106058	176106129	chr5	176105712	176106129	ENSG00000289731	perfect	50	0.129951	0.21954092343398057	0	1	0.010935	0.13194	1	Cells_EBV_transformedlymphocytes	Cells_EBV_transformedlymphocytes,Esophagus_Muscularis,MinorSalivaryGland	3.963,2.263,1.893	1	Cells_EBV_transformedlymphocytes	Cells_EBV_transformedlymphocytes	3.963
chr5	176106559	176106590	chr5	176106559	176106590	ENSG00000289731	perfect	50	0.129951	0.21954092343398057	0	1	0.010935	0.13194	1	Cells_EBV_transformedlymphocytes	Cells_EBV_transformedlymphocytes,Esophagus_Muscularis,MinorSalivaryGland	3.963,2.263,1.893	1	Cells_EBV_transformedlymphocytes	Cells_EBV_transformedlymphocytes	3.963
chr5	176108604	176108675	chr5	176108604	176108675	ENSG00000289731	perfect	50	0.10238880000000002	0.1978202556088301	0	1	0	0.1097525	1	Cells_EBV_transformedlymphocytes	Cells_EBV_transformedlymphocytes,Esophagus_Muscularis,MinorSalivaryGland	4.538,2.274,1.964	1	Cells_EBV_transformedlymphocytes	Cells_EBV_transformedlymphocytes	4.538
chr5	176109106	176109137	chr5	176109106	176109589	ENSG00000289731	perfect	50	0.10238880000000002	0.1978202556088301	0	1	0	0.1097525	1	Cells_EBV_transformedlymphocytes	Cells_EBV_transformedlymphocytes,Esophagus_Muscularis,MinorSalivaryGland	4.538,2.274,1.964	1	Cells_EBV_transformedlymphocytes	Cells_EBV_transformedlymphocytes	4.538
chr5	176113340	176113378	chr5	176113151	176113378	ENSG00000289731	perfect	50	0.129951	0.21954092343398057	0	1	0.010935	0.13194	1	Cells_EBV_transformedlymphocytes	Cells_EBV_transformedlymphocytes,Esophagus_Muscularis,MinorSalivaryGland	3.963,2.263,1.893	1	Cells_EBV_transformedlymphocytes	Cells_EBV_transformedlymphocytes	3.963
chr5	176113799	176113867	chr5	176113799	176113867	ENSG00000289731	perfect	50	0.129951	0.21954092343398057	0	1	0.010935	0.13194	1	Cells_EBV_transformedlymphocytes	Cells_EBV_transformedlymphocytes,Esophagus_Muscularis,MinorSalivaryGland	3.963,2.263,1.893	1	Cells_EBV_transformedlymphocytes	Cells_EBV_transformedlymphocytes	3.963
chr5	176113955	176114046	chr5	176113955	176114798	ENSG00000289731	perfect	50	0.129951	0.21954092343398057	0	1	0.010935	0.13194	1	Cells_EBV_transformedlymphocytes	Cells_EBV_transformedlymphocytes,Esophagus_Muscularis,MinorSalivaryGland	3.963,2.263,1.893	1	Cells_EBV_transformedlymphocytes	Cells_EBV_transformedlymphocytes	3.963
chr5	176313424	176313484	chr5	176313079	176313484	SIMC1	perfect	50	0.1051776	0.0763808820390366	0	0.34021	0.093035	0.09003749999999999	1	Testis	Testis,Liver,Spleen	3.077,2.017,1.934	1	Testis	Testis	3.077
chr5	176869613	176869781	chr5	176869613	176869781	UNC5A	perfect	50	0.0386164	0.0694935299810313	0	0.27452	0	0.072625	2	Brain_CerebellarHemisphere,Brain_Cerebellum	Brain_Cerebellum,Brain_CerebellarHemisphere,Brain_Hypothalamus	3.395,3.061,2.552	2	Brain_CerebellarHemisphere,Brain_Cerebellum	Brain_Cerebellum,Brain_CerebellarHemisphere	3.395,3.061
chr5	177389638	177389722	chr5	177389638	177390513	SLC34A1	perfect	50	0.0041210000000000005	0.0229567607977809	0	0.1552	0	0	1	Kidney_Cortex	Kidney_Cortex,Liver,Adipose_Subcutaneous	6.581,2.036,-0.18	1	Kidney_Cortex	Kidney_Cortex	6.581
chr5	177441244	177441247	chr5	177441244	177441353	GRK6	perfect	50	0.0487234	0.048069135229099655	0	0.2809	0.046425	0.0629525	1	Muscle_Skeletal	Muscle_Skeletal,Heart_LeftVentricle,Heart_AtrialAppendage	4.83,1.622,1.337	1	Muscle_Skeletal	Muscle_Skeletal	4.83
chr5	177605044	177605045	chr5	177605002	177605224	B4GALT7	perfect	50	0.1313462	0.08016525724363877	0.04013	0.46782	0.10838500000000001	0.07545750000000001	1	WholeBlood	WholeBlood,Heart_AtrialAppendage,Brain_Amygdala	4.197,2.209,2.035	1	WholeBlood	WholeBlood	4.197
chr5	178135212	178135312	chr5	178135172	178135312	RMND5B	perfect	50	0.4128148	0.07754703105515635	0.11992	0.64941	0.417335	0.03444249999999999	1	Testis	Testis,Liver,WholeBlood	3.051,1.62,1.202	1	Testis	Testis	3.051
chr5	179151131	179151200	chr5	179150887	179151200	ADAMTS2	perfect	50	0.2083076	0.1397353563801727	0	0.68519	0.16353	0.0932025	1	Brain_Nucleusaccumbens_basalganglia	Brain_Nucleusaccumbens_basalganglia,WholeBlood,Brain_Putamen_basalganglia	3.413,2.748,2.47	1	Brain_Nucleusaccumbens_basalganglia	Brain_Nucleusaccumbens_basalganglia	3.413
chr5	179920319	179920426	chr5	179911650	179920426	RNF130	perfect	50	0.04444219999999999	0.08926982400976656	8.7e-4	0.37826	0.00545	0.0315175	2	Brain_CerebellarHemisphere,Brain_Cerebellum	Brain_Cerebellum,Brain_CerebellarHemisphere,Brain_Cortex	3.739,3.336,2.56	2	Brain_CerebellarHemisphere,Brain_Cerebellum	Brain_Cerebellum,Brain_CerebellarHemisphere	3.739,3.336
chr5	180902374	180902396	chr5	180902345	180902396	BTNL8	perfect	50	0.05260660000000001	0.17752662058050536	0	0.8	0	0	3	Adipose_Visceral_Omentum,Pancreas,Testis	Pancreas,Testis,Adipose_Visceral_Omentum	4.21,3.916,3.253	3	Adipose_Visceral_Omentum,Pancreas,Testis	Pancreas,Testis,Adipose_Visceral_Omentum	4.21,3.916,3.253
chr6	3119456	3119512	chr6	3119284	3119512	BPHL	perfect	50	0.078158	0.025094918991374997	0.03633	0.16444	0.07533000000000001	0.029994999999999994	1	Esophagus_Mucosa	Esophagus_Mucosa,MinorSalivaryGland,Cells_Culturedfibroblasts	3.438,2.16,2.038	1	Esophagus_Mucosa	Esophagus_Mucosa	3.438
chr6	3738795	3738894	chr6	3738795	3738969	PXDC1	perfect	50	0.4132764	0.05951080477303843	0.28013	0.6	0.40954999999999997	0.08362750000000002	1	WholeBlood	WholeBlood,Testis,AdrenalGland	3.138,2.121,1.415	1	WholeBlood	WholeBlood	3.138
chr6	4715778	4715881	chr6	4715740	4715881	CDYL	perfect	50	0.0119282	0.08434511107349378	0	0.59641	0	0	1	Testis	Testis,Adipose_Subcutaneous,Adipose_Visceral_Omentum	6.93,-0.141,-0.141	1	Testis	Testis	6.93
chr6	4734761	4734844	chr6	4734761	4734844	CDYL	perfect	50	0.0119282	0.08434511107349378	0	0.59641	0	0	1	Testis	Testis,Adipose_Subcutaneous,Adipose_Visceral_Omentum	6.93,-0.141,-0.141	1	Testis	Testis	6.93
chr6	5186797	5186980	chr6	5186599	5186980	LYRM4	perfect	50	0.1730072	0.0786015100348276	0.04817	0.47658	0.17612	0.09774749999999999	1	Muscle_Skeletal	Muscle_Skeletal,Cells_EBV_transformedlymphocytes,Pancreas	3.862,1.42,1.325	1	Muscle_Skeletal	Muscle_Skeletal	3.862
chr6	6003168	6003273	chr6	6003168	6003273	NRN1	perfect	50	0.0890232	0.13741062314397795	0.01294	1	0.06881000000000001	0.044967500000000014	1	WholeBlood	WholeBlood,Spleen,Lung	6.63,0.804,0.471	1	WholeBlood	WholeBlood	6.63
chr6	6003702	6003730	chr6	6003702	6004044	NRN1	perfect	50	0.0890232	0.13741062314397795	0.01294	1	0.06881000000000001	0.044967500000000014	1	WholeBlood	WholeBlood,Spleen,Lung	6.63,0.804,0.471	1	WholeBlood	WholeBlood	6.63
chr6	8073477	8073510	chr6	8073359	8073510	EEF1E1	perfect	50	0.06285160000000001	0.05049302774095627	0	0.31263	0.052625	0.04982500000000001	1	Testis	Testis,Muscle_Skeletal,Cells_EBV_transformedlymphocytes	4.947,2.356,1.637	1	Testis	Testis	4.947
chr6	8101764	8101887	chr6	8101764	8102046	EEF1E1	perfect	50	0.0181624	0.0382229356063522	0	0.2759	0.011134999999999999	0.008337499999999998	1	Testis	Testis,Brain_Nucleusaccumbens_basalganglia,Kidney_Cortex	6.743,0.792,0.275	1	Testis	Testis	6.743
chr6	10393526	10393561	chr6	10393185	10393561	TFAP2A	perfect	50	0.013708	0.04153379145530855	0	0.26555	0	0	1	Testis	Testis,Brain_CerebellarHemisphere,Brain_Cerebellum	6.064,1.696,1.564	1	Testis	Testis	6.064
chr6	10412601	10412781	chr6	10412601	10412879	TFAP2A	perfect	50	0.019072799999999997	0.08429351046365138	0	0.58333	0	0	1	Cells_EBV_transformedlymphocytes	Cells_EBV_transformedlymphocytes,Bladder,Prostate	6.694,1.325,0.491	1	Cells_EBV_transformedlymphocytes	Cells_EBV_transformedlymphocytes	6.694
chr6	10509091	10509158	chr6	10509086	10509158	GCNT2	perfect	50	0.005479999999999996	0.038749451609022816	0	0.274	0	0	1	Testis	Testis,Adipose_Subcutaneous,Adipose_Visceral_Omentum	6.93,-0.141,-0.141	1	Testis	Testis	6.93
chr6	10585989	10586914	chr6	10585759	10586914	GCNT2	perfect	50	0.183596	0.1818611291898411	0	0.82353	0.136995	0.21950250000000002	1	WholeBlood	WholeBlood,Brain_Nucleusaccumbens_basalganglia,Brain_Amygdala	3.519,1.74,1.587	1	WholeBlood	WholeBlood	3.519
chr6	11200983	11201046	chr6	11198307	11201046	NEDD9	perfect	50	0.063482	0.03254472225935836	0.01007	0.16237	0.05944	0.03990250000000001	1	Vagina	Vagina,Brain_Spinalcord_cervicalc_1,Muscle_Skeletal	3.039,2.673,2.064	1	Vagina	Vagina	3.039
chr6	11305991	11306003	chr6	11305852	11306155	NEDD9	perfect	50	0.0238274	0.04657477366645631	0	0.26104	0.009625	0.019165	2	Cells_EBV_transformedlymphocytes,WholeBlood	Cells_EBV_transformedlymphocytes,WholeBlood,Spleen	5.093,3.099,1.728	2	Cells_EBV_transformedlymphocytes,WholeBlood	Cells_EBV_transformedlymphocytes,WholeBlood	5.093,3.099
chr6	13470439	13470630	chr6	13469267	13470630	GFOD1	perfect	50	0.056933399999999995	0.037073326492016785	0	0.26389	0.052785	0.018349999999999998	1	Testis	Testis,Cells_Culturedfibroblasts,Cells_EBV_transformedlymphocytes	5.582,1.917,1.277	1	Testis	Testis	5.582
chr6	15585718	15585761	chr6	15585718	15586015	DTNBP1	perfect	50	0.06654240000000003	0.1485318097389462	0	0.7231	0	0.0301075	1	Brain_Nucleusaccumbens_basalganglia	Brain_Nucleusaccumbens_basalganglia,Brain_Putamen_basalganglia,Brain_Caudate_basalganglia	4.42,2.901,2.819	1	Brain_Nucleusaccumbens_basalganglia	Brain_Nucleusaccumbens_basalganglia	4.42
chr6	17290848	17290864	chr6	17290848	17290893	RBM24	perfect	50	0.010677000000000002	0.03595010563124897	0	0.15712	0	0	3	Bladder,Heart_AtrialAppendage,Heart_LeftVentricle	Heart_LeftVentricle,Heart_AtrialAppendage,Bladder	4.074,3.821,3.618	3	Bladder,Heart_AtrialAppendage,Heart_LeftVentricle	Heart_LeftVentricle,Heart_AtrialAppendage,Bladder	4.074,3.821,3.618
chr6	17821785	17821905	chr6	17821785	17821905	KIF13A	perfect	50	0.003632000000000002	0.02522523703899469	0	0.17842	0	0	1	Muscle_Skeletal	Muscle_Skeletal,Heart_LeftVentricle,Heart_AtrialAppendage	6.929,-0.071,-0.091	1	Muscle_Skeletal	Muscle_Skeletal	6.929
chr6	17951365	17951429	chr6	17950405	17951429	KIF13A	perfect	50	0.1291486	0.04546088046993856	0.03408	0.2963	0.133215	0.0571175	1	Cells_EBV_transformedlymphocytes	Cells_EBV_transformedlymphocytes,Brain_Anteriorcingulatecortex_BA24,Brain_FrontalCortex_BA9	3.677,1.76,1.413	1	Cells_EBV_transformedlymphocytes	Cells_EBV_transformedlymphocytes	3.677
chr6	20558541	20558546	chr6	20558541	20559672	CDKAL1	perfect	50	0.1288978	0.02733725388848092	0.0542	0.2233	0.12683	0.021419999999999995	1	Pituitary	Pituitary,Thyroid,Prostate	3.453,1.766,1.595	1	Pituitary	Pituitary	3.453
chr6	24140923	24141172	chr6	24140923	24141523	NRSN1	perfect	50	0.0265806	0.10843415169924414	0	0.59375	0	0.0064625	2	Kidney_Cortex,Testis	Testis,Kidney_Cortex,Brain_Cerebellum	5.231,4.366,0.422	2	Kidney_Cortex,Testis	Testis,Kidney_Cortex	5.231,4.366
chr6	24840706	24840775	chr6	24839358	24840775	RIPOR2	perfect	50	0.3063362	0.0797311186756169	0.05809	0.56591	0.312415	0.07471999999999995	1	WholeBlood	WholeBlood,Liver,Heart_AtrialAppendage	3.256,1.699,1.664	1	WholeBlood	WholeBlood	3.256
chr6	25041850	25041926	chr6	25041838	25042170	ENSG00000229313,RIPOR2	perfect	50	0.3060696	0.07981770247512868	0.05809	0.56591	0.311295	0.07773000000000002	1	WholeBlood	WholeBlood,Liver,Heart_AtrialAppendage	3.255,1.7,1.666	1	WholeBlood	WholeBlood	3.255
chr6	26476160	26476165	chr6	26476121	26476621	BTN2A1,ENSG00000300236	perfect	50	0.0590158	0.035642528088375154	0.0286	0.26008	0.04969	0.022934999999999997	1	Testis	Testis,WholeBlood,Brain_Nucleusaccumbens_basalganglia	5.641,1.184,1.099	1	Testis	Testis	5.641
chr6	28230335	28230401	chr6	28230317	28230488	ZSCAN9	perfect	50	0.028581199999999998	0.021011189792341508	0	0.14299	0.02731	0.013452500000000006	1	Testis	Testis,SmallIntestine_TerminalIleum,Breast_MammaryTissue	5.445,1.067,0.741	1	Testis	Testis	5.445
chr6	28230401	28230488	chr6	28230317	28230488	ZSCAN9	perfect	50	0.0288544	0.02256082338199272	0	0.15665	0.02731	0.013452500000000006	1	Testis	Testis,SmallIntestine_TerminalIleum,Breast_MammaryTissue	5.664,0.981,0.678	1	Testis	Testis	5.664
chr6	29827038	29827044	chr6	29826966	29827044	HLA-G	perfect	50	0.008517199999999999	0.04286198944214764	0	0.25146	0	0	2	Pituitary,Testis	Testis,Pituitary,Adipose_Subcutaneous	5.668,3.87,-0.199	2	Pituitary,Testis	Testis,Pituitary	5.668,3.87
chr6	30169838	30169852	chr6	30169838	30169852	TRIM15	perfect	50	0.025343199999999996	0.092089216578051	0	0.45833	0	0	2	Skin_NotSunExposed_Suprapubic,Skin_SunExposed_Lowerleg	Skin_SunExposed_Lowerleg,Skin_NotSunExposed_Suprapubic,Liver	4.702,4.629,1.006	2	Skin_NotSunExposed_Suprapubic,Skin_SunExposed_Lowerleg	Skin_SunExposed_Lowerleg,Skin_NotSunExposed_Suprapubic	4.702,4.629
chr6	30340271	30340361	chr6	30340271	30340361	TRIM39	perfect	50	0.04869640000000001	0.07457800602519403	0	0.45425	0.029344999999999996	0.06415000000000001	1	Testis	Testis,Spleen,WholeBlood	5.438,1.666,1.609	1	Testis	Testis	5.438
chr6	30934622	30934674	chr6	30934522	30934674	ENSG00000310558	perfect	50	0.004023400000000002	0.028449734234259554	0	0.20117	0	0	1	Lung	Lung,Adipose_Subcutaneous,Adipose_Visceral_Omentum	6.93,-0.141,-0.141	1	Lung	Lung	6.93
chr6	30937200	30937301	chr6	30937200	30937301	ENSG00000310558	perfect	50	0.004023400000000002	0.028449734234259554	0	0.20117	0	0	1	Lung	Lung,Adipose_Subcutaneous,Adipose_Visceral_Omentum	6.93,-0.141,-0.141	1	Lung	Lung	6.93
chr6	30938068	30938183	chr6	30938068	30938824	ENSG00000310558	perfect	50	0.004023400000000002	0.028449734234259554	0	0.20117	0	0	1	Lung	Lung,Adipose_Subcutaneous,Adipose_Visceral_Omentum	6.93,-0.141,-0.141	1	Lung	Lung	6.93
chr6	31589314	31589388	chr6	31589273	31589388	NCR3	perfect	50	0.007973400000000005	0.03211909125267959	0	0.15324	0	0	3	Cells_EBV_transformedlymphocytes,Spleen,WholeBlood	Cells_EBV_transformedlymphocytes,Spleen,WholeBlood	4.523,3.822,3.323	3	Cells_EBV_transformedlymphocytes,Spleen,WholeBlood	Cells_EBV_transformedlymphocytes,Spleen,WholeBlood	4.523,3.822,3.323
chr6	31712541	31712663	chr6	31712340	31712561	LY6G6E	partial	50	0.03576560000000002	0.14309172085121927	0	0.61905	0	0	3	Lung,Spleen,WholeBlood	Spleen,WholeBlood,Lung	4.076,3.943,3.728	3	Lung,Spleen,WholeBlood	Spleen,WholeBlood,Lung	4.076,3.943,3.728
chr6	32153626	32153636	chr6	32153339	32153659	ENSG00000284954,PPT2	perfect	50	0.1326982	0.10563227797295248	0	0.47485	0.107855	0.10491500000000001	3	Esophagus_Mucosa,Skin_NotSunExposed_Suprapubic,Skin_SunExposed_Lowerleg	Skin_SunExposed_Lowerleg,Esophagus_Mucosa,Skin_NotSunExposed_Suprapubic	3.239,3.197,3.146	3	Esophagus_Mucosa,Skin_NotSunExposed_Suprapubic,Skin_SunExposed_Lowerleg	Skin_SunExposed_Lowerleg,Esophagus_Mucosa,Skin_NotSunExposed_Suprapubic	3.239,3.197,3.146
chr6	32193040	32193118	chr6	32193040	32193124	GPSM3	perfect	50	0.0035664000000000013	0.01739683160925622	0	0.12172	0	0	1	Testis	Testis,SmallIntestine_TerminalIleum,Spleen	6.792,0.582,0.476	1	Testis	Testis	6.792
chr6	32324655	32324679	chr6	32324655	32324679	TSBP1	perfect	50	0.0020790000000000014	0.014700749980868327	0	0.10395	0	0	1	Testis	Testis,Adipose_Subcutaneous,Adipose_Visceral_Omentum	6.93,-0.141,-0.141	1	Testis	Testis	6.93
chr6	32660858	32660882	chr6	32660858	32660882	HLA-DQB1	perfect	50	0.0292452	0.019560097057477993	0	0.11476	0.02966	0.013562500000000005	1	WholeBlood	WholeBlood,Cells_EBV_transformedlymphocytes,Bladder	4.372,2.879,1.091	1	WholeBlood	WholeBlood	4.372
chr6	32822291	32822318	chr6	32821832	32822318	TAP2	perfect	50	0.0904784	0.05599197516700085	0.01342	0.30839	0.08491000000000001	0.0843275	1	Cells_Culturedfibroblasts	Cells_Culturedfibroblasts,Artery_Aorta,Pancreas	3.892,1.648,1.452	1	Cells_Culturedfibroblasts	Cells_Culturedfibroblasts	3.892
chr6	32973083	32973129	chr6	32973083	32973129	BRD2	perfect	50	0.024119399999999996	0.07523213874158206	0	0.40329	0	0.0099525	2	Pancreas,WholeBlood	Pancreas,WholeBlood,Cells_EBV_transformedlymphocytes	5.04,4.144,1.628	2	Pancreas,WholeBlood	Pancreas,WholeBlood	5.04,4.144
chr6	33574505	33574525	chr6	33574505	33574525	BAK1	perfect	50	0.1021136	0.204594877474526	0	0.87698	0.011054999999999999	0.07762	2	Brain_CerebellarHemisphere,Brain_Cerebellum	Brain_CerebellarHemisphere,Brain_Cerebellum,Brain_FrontalCortex_BA9	3.787,3.543,2.128	2	Brain_CerebellarHemisphere,Brain_Cerebellum	Brain_CerebellarHemisphere,Brain_Cerebellum	3.787,3.543
chr6	34103580	34103700	chr6	34103580	34103854	GRM4	perfect	50	0.0081114	0.024817149930099966	0	0.11111	0	0	3	Brain_CerebellarHemisphere,Brain_Nucleusaccumbens_basalganglia,MinorSalivaryGland	MinorSalivaryGland,Brain_Nucleusaccumbens_basalganglia,Brain_CerebellarHemisphere	4.15,3.4,3.044	1	MinorSalivaryGland	MinorSalivaryGland	4.15
chr6	35480059	35480122	chr6	35480059	35480122	TEAD3	perfect	50	0.0271518	0.047383389007506986	0	0.24592	0.0062900000000000005	0.0387	1	Muscle_Skeletal	Muscle_Skeletal,Heart_LeftVentricle,Heart_AtrialAppendage	4.617,2.934,2.542	1	Muscle_Skeletal	Muscle_Skeletal	4.617
chr6	36354644	36354687	chr6	36354090	36354687	ETV7	perfect	50	0.1570878	0.15009806964577443	0	0.77778	0.13076	0.23439749999999998	1	Testis	Testis,Brain_Anteriorcingulatecortex_BA24,Brain_Amygdala	4.135,1.697,1.516	1	Testis	Testis	4.135
chr6	37215200	37215282	chr6	37215197	37215282	TMEM217,TMEM217B	perfect	50	0.004028999999999997	0.028489332214005993	0	0.20145	0	0	1	Testis	Testis,Adipose_Subcutaneous,Adipose_Visceral_Omentum	6.93,-0.141,-0.141	1	Testis	Testis	6.93
chr6	38142258	38142290	chr6	38142258	38142331	ZFAND3	perfect	50	0.0857766	0.09720259947834183	0	0.48276	0.06484000000000001	0.085185	1	Testis	Testis,Cells_Culturedfibroblasts,Cells_EBV_transformedlymphocytes	4.084,2.761,2.67	1	Testis	Testis	4.084
chr6	39109313	39109319	chr6	39109313	39114689	ANKRD18EP,SAYSD1	perfect	50	0.363384	0.09489715894330138	0.16438	0.65358	0.361965	0.09979499999999997	1	Brain_CerebellarHemisphere	Brain_CerebellarHemisphere,Brain_Cerebellum,Spleen	3.058,2.771,1.432	1	Brain_CerebellarHemisphere	Brain_CerebellarHemisphere	3.058
chr6	39315004	39315123	chr6	39314697	39315431	KCNK16	perfect	50	0.02813579999999998	0.09724558583109391	0	0.42857	0	0	3	Stomach,Testis,Thyroid	Testis,Stomach,Thyroid	4.118,3.138,3.138	3	Stomach,Testis,Thyroid	Testis,Stomach,Thyroid	4.118,3.138,3.138
chr6	39315123	39315129	chr6	39314697	39315431	KCNK16	perfect	50	0.07567839999999997	0.2606181644754076	0	1	0	0	3	Stomach,Testis,Thyroid	Stomach,Testis,Thyroid	3.547,3.547,3.547	3	Stomach,Testis,Thyroid	Stomach,Testis,Thyroid	3.547,3.547,3.547
chr6	39315129	39315431	chr6	39314697	39315431	KCNK16	perfect	50	0.047542599999999956	0.16447436693544779	0	0.66667	0	0	3	Stomach,Testis,Thyroid	Stomach,Thyroid,Testis	3.764,3.764,3.185	3	Stomach,Testis,Thyroid	Stomach,Thyroid,Testis	3.764,3.764,3.185
chr6	41267937	41268088	chr6	41267099	41268088	TREM1	perfect	50	0.1135804	0.09124484488563768	0	0.42424	0.108185	0.12652000000000002	1	Testis	Testis,Cells_Culturedfibroblasts,Cells_EBV_transformedlymphocytes	3.405,2.408,1.191	1	Testis	Testis	3.405
chr6	41342917	41343024	chr6	41342917	41343024	NCR2	perfect	50	0.008108199999999998	0.05733363203216771	0	0.40541	0	0	1	Cells_EBV_transformedlymphocytes	Cells_EBV_transformedlymphocytes,Adipose_Subcutaneous,Adipose_Visceral_Omentum	6.93,-0.141,-0.141	1	Cells_EBV_transformedlymphocytes	Cells_EBV_transformedlymphocytes	6.93
chr6	43629749	43629769	chr6	43629493	43629769	MAD2L1BP	perfect	50	0.0208114	0.024877170504012596	0	0.17732	0.014605	0.011212500000000004	1	Testis	Testis,Brain_Spinalcord_cervicalc_1,Skin_SunExposed_Lowerleg	6.291,1.625,0.763	1	Testis	Testis	6.291
chr6	43633193	43633315	chr6	43633193	43633315	MAD2L1BP	perfect	50	0.0208114	0.024877170504012596	0	0.17732	0.014605	0.011212500000000004	1	Testis	Testis,Brain_Spinalcord_cervicalc_1,Skin_SunExposed_Lowerleg	6.291,1.625,0.763	1	Testis	Testis	6.291
chr6	45663114	45663719	chr6	45663114	45664349	RUNX2	perfect	50	0.0809046	0.03907284302532429	0	0.24852	0.080685	0.026847499999999996	1	Kidney_Cortex	Kidney_Cortex,Cells_Culturedfibroblasts,Pancreas	4.29,1.71,1.342	1	Kidney_Cortex	Kidney_Cortex	4.29
chr6	45912712	45912739	chr6	45911622	45912739	CLIC5	perfect	50	0.0617254	0.060383965881275314	0	0.41667	0.05063	0.04862249999999999	1	Cells_EBV_transformedlymphocytes	Cells_EBV_transformedlymphocytes,WholeBlood,SmallIntestine_TerminalIleum	5.878,1.344,0.701	1	Cells_EBV_transformedlymphocytes	Cells_EBV_transformedlymphocytes	5.878
chr6	46079702	46080242	chr6	46079702	46080348	CLIC5	perfect	50	0.0755766	0.11260988298256483	0	0.45946	0.009805000000000001	0.11919500000000001	1	Brain_CerebellarHemisphere	Brain_CerebellarHemisphere,SmallIntestine_TerminalIleum,Brain_Cerebellum	3.409,2.929,2.659	1	Brain_CerebellarHemisphere	Brain_CerebellarHemisphere	3.409
chr6	46700998	46701062	chr6	46700998	46701062	TDRD6	perfect	50	0.1033424	0.13206728349456065	0	0.65761	0.06423999999999999	0.18633750000000002	1	Testis	Testis,Kidney_Cortex,AdrenalGland	4.197,2.12,1.601	1	Testis	Testis	4.197
chr6	47831990	47832080	chr6	47831990	47832780	OPN5	perfect	50	0.04218320000000001	0.15159043452187426	0	0.66667	0	0	3	Brain_Cortex,Brain_FrontalCortex_BA9,Heart_LeftVentricle	Brain_Cortex,Brain_FrontalCortex_BA9,Heart_LeftVentricle	4.12,4.12,3.02	3	Brain_Cortex,Brain_FrontalCortex_BA9,Heart_LeftVentricle	Brain_Cortex,Brain_FrontalCortex_BA9,Heart_LeftVentricle	4.12,4.12,3.02
chr6	50822133	50822160	chr6	50821784	50822160	TFAP2B	perfect	50	0.015423000000000001	0.04446301564451159	0	0.16842	0	0	3	Skin_NotSunExposed_Suprapubic,Skin_SunExposed_Lowerleg,Testis	Testis,Skin_SunExposed_Lowerleg,Skin_NotSunExposed_Suprapubic	3.441,3.32,3.071	3	Skin_NotSunExposed_Suprapubic,Skin_SunExposed_Lowerleg,Testis	Testis,Skin_SunExposed_Lowerleg,Skin_NotSunExposed_Suprapubic	3.441,3.32,3.071
chr6	51721988	51722020	chr6	51720848	51722020	PKHD1	perfect	50	0.021072400000000005	0.14141397049536975	0	1	0	0	1	Thyroid	Thyroid,Stomach,Kidney_Cortex	6.922,0.172,-0.119	1	Thyroid	Thyroid	6.922
chr6	52265234	52265385	chr6	52265234	52265385	MCM3	perfect	50	0.0539302	0.020581081117355904	0.03046	0.12399	0.04822	0.013127499999999993	1	Cells_Culturedfibroblasts	Cells_Culturedfibroblasts,Brain_CerebellarHemisphere,Brain_Cerebellum	3.404,2.873,2.813	1	Cells_Culturedfibroblasts	Cells_Culturedfibroblasts	3.404
chr6	52423808	52423814	chr6	52423686	52423828	EFHC1	perfect	50	0.0772984	0.05631719505277448	0	0.31091	0.073905	0.050847500000000004	2	Brain_CerebellarHemisphere,Brain_Cerebellum	Brain_CerebellarHemisphere,Brain_Cerebellum,Brain_FrontalCortex_BA9	4.148,3.282,1.209	2	Brain_CerebellarHemisphere,Brain_Cerebellum	Brain_CerebellarHemisphere,Brain_Cerebellum	4.148,3.282
chr6	53294285	53294491	chr6	53294087	53294491	ELOVL5	perfect	50	0.0829848	0.049592533680968144	0.01428	0.25113	0.084175	0.0502175	1	Cells_EBV_transformedlymphocytes	Cells_EBV_transformedlymphocytes,Skin_NotSunExposed_Suprapubic,Skin_SunExposed_Lowerleg	3.391,1.83,1.777	1	Cells_EBV_transformedlymphocytes	Cells_EBV_transformedlymphocytes	3.391
chr6	53930220	53930277	chr6	53929981	53930277	MLIP	perfect	50	0.04086280000000001	0.11466932664680932	0	0.40442	0	0	3	Esophagus_Mucosa,Skin_NotSunExposed_Suprapubic,Skin_SunExposed_Lowerleg	Skin_NotSunExposed_Suprapubic,Skin_SunExposed_Lowerleg,Esophagus_Mucosa	3.17,3.134,3.081	3	Esophagus_Mucosa,Skin_NotSunExposed_Suprapubic,Skin_SunExposed_Lowerleg	Skin_NotSunExposed_Suprapubic,Skin_SunExposed_Lowerleg,Esophagus_Mucosa	3.17,3.134,3.081
chr6	53982757	53982850	chr6	53982757	53982850	MLIP	perfect	50	0.04086280000000001	0.11466932664680932	0	0.40442	0	0	3	Esophagus_Mucosa,Skin_NotSunExposed_Suprapubic,Skin_SunExposed_Lowerleg	Skin_NotSunExposed_Suprapubic,Skin_SunExposed_Lowerleg,Esophagus_Mucosa	3.17,3.134,3.081	3	Esophagus_Mucosa,Skin_NotSunExposed_Suprapubic,Skin_SunExposed_Lowerleg	Skin_NotSunExposed_Suprapubic,Skin_SunExposed_Lowerleg,Esophagus_Mucosa	3.17,3.134,3.081
chr6	54019028	54019091	chr6	54018915	54019091	MLIP	perfect	50	0.12142599999999999	0.19408871647065026	0	1	0.053755	0.1090325	1	Brain_Substantianigra	Brain_Substantianigra,Testis,Brain_Caudate_basalganglia	4.527,2.981,1.951	1	Brain_Substantianigra	Brain_Substantianigra	4.527
chr6	56615519	56617199	chr6	56614596	56617418	DST	perfect	50	0.0466936	0.12085284993658989	0.00102	0.51998	0.004545	0.0055	2	Skin_NotSunExposed_Suprapubic,Skin_SunExposed_Lowerleg	Skin_NotSunExposed_Suprapubic,Skin_SunExposed_Lowerleg,Esophagus_Mucosa	3.916,3.866,2.992	2	Skin_NotSunExposed_Suprapubic,Skin_SunExposed_Lowerleg	Skin_NotSunExposed_Suprapubic,Skin_SunExposed_Lowerleg	3.916,3.866
chr6	56617199	56617418	chr6	56614596	56617418	DST	perfect	50	0.0479422	0.12461508002056017	0.00102	0.53436	0.004545	0.0055	3	Esophagus_Mucosa,Skin_NotSunExposed_Suprapubic,Skin_SunExposed_Lowerleg	Skin_NotSunExposed_Suprapubic,Skin_SunExposed_Lowerleg,Esophagus_Mucosa	3.903,3.859,3.031	3	Esophagus_Mucosa,Skin_NotSunExposed_Suprapubic,Skin_SunExposed_Lowerleg	Skin_NotSunExposed_Suprapubic,Skin_SunExposed_Lowerleg,Esophagus_Mucosa	3.903,3.859,3.031
chr6	56617985	56620715	chr6	56617985	56620715	DST	perfect	50	0.0466936	0.12085284993658989	0.00102	0.51998	0.004545	0.0055	2	Skin_NotSunExposed_Suprapubic,Skin_SunExposed_Lowerleg	Skin_NotSunExposed_Suprapubic,Skin_SunExposed_Lowerleg,Esophagus_Mucosa	3.916,3.866,2.992	2	Skin_NotSunExposed_Suprapubic,Skin_SunExposed_Lowerleg	Skin_NotSunExposed_Suprapubic,Skin_SunExposed_Lowerleg	3.916,3.866
chr6	56642621	56642788	chr6	56642621	56642996	DST	perfect	50	0.07804799999999999	0.12312226917721644	0.01068	0.55217	0.035030000000000006	0.021107500000000005	2	Skin_NotSunExposed_Suprapubic,Skin_SunExposed_Lowerleg	Skin_NotSunExposed_Suprapubic,Skin_SunExposed_Lowerleg,Esophagus_Mucosa	3.851,3.806,2.963	2	Skin_NotSunExposed_Suprapubic,Skin_SunExposed_Lowerleg	Skin_NotSunExposed_Suprapubic,Skin_SunExposed_Lowerleg	3.851,3.806
chr6	57008180	57008200	chr6	57008180	57010944	BEND6	perfect	50	0.2200044	0.11708734535153399	0	0.61538	0.22501	0.12700999999999998	1	Muscle_Skeletal	Muscle_Skeletal,Heart_LeftVentricle,Heart_AtrialAppendage	3.377,2.167,2.05	1	Muscle_Skeletal	Muscle_Skeletal	3.377
chr6	57014461	57014525	chr6	57014461	57014525	BEND6	perfect	50	0.015788400000000005	0.02717417579321985	0	0.13524	0	0.033825	1	Cells_Culturedfibroblasts	Cells_Culturedfibroblasts,Cells_EBV_transformedlymphocytes,Bladder	4.396,2.048,1.814	1	Cells_Culturedfibroblasts	Cells_Culturedfibroblasts	4.396
chr6	57099468	57099507	chr6	57099468	57099610	ZNF451	perfect	50	0.0119914	0.020314090817831403	0	0.10811	0	0.02103	1	WholeBlood	WholeBlood,Cells_EBV_transformedlymphocytes,Brain_Spinalcord_cervicalc_1	4.732,2.718,1.977	1	WholeBlood	WholeBlood	4.732
chr6	57398004	57398122	chr6	57398004	57398122	PRIM2	perfect	50	0.0123798	0.017180864116682796	0	0.10619	0.011015	0.021	1	Prostate	Prostate,MinorSalivaryGland,AdrenalGland	5.46,0.969,0.747	1	Prostate	Prostate	5.46
chr6	57402128	57402268	chr6	57402128	57402268	PRIM2	perfect	50	0.0123798	0.017180864116682796	0	0.10619	0.011015	0.021	1	Prostate	Prostate,MinorSalivaryGland,AdrenalGland	5.46,0.969,0.747	1	Prostate	Prostate	5.46
chr6	70837780	70837866	chr6	70837780	70837912	SMAP1	perfect	50	0.0126658	0.0849556478306565	0	0.6009	0	0	1	Testis	Testis,Brain_Hippocampus,Cells_EBV_transformedlymphocytes	6.924,0.112,-0.029	1	Testis	Testis	6.924
chr6	72213122	72213222	chr6	72212810	72213222	RIMS1	perfect	50	0.0084312	0.02240665841636712	0	0.11719	0	0	2	Brain_CerebellarHemisphere,Brain_Cerebellum	Brain_CerebellarHemisphere,Brain_Cerebellum,Brain_Spinalcord_cervicalc_1	4.854,3.947,1.256	1	Brain_CerebellarHemisphere	Brain_CerebellarHemisphere	4.854
chr6	72295936	72295966	chr6	72295936	72295966	RIMS1	perfect	50	0.018024599999999998	0.046720775530413275	0	0.18641	0	0.006472500000000001	2	MinorSalivaryGland,Testis	Testis,MinorSalivaryGland,Pancreas	3.604,3.436,2.785	2	MinorSalivaryGland,Testis	Testis,MinorSalivaryGland	3.604,3.436
chr6	73129792	73129849	chr6	73129792	73129849	KCNQ5	perfect	50	0.006142399999999999	0.019000106719356574	0	0.1004	0	0	2	Artery_Aorta,Muscle_Skeletal	Muscle_Skeletal,Artery_Aorta,Cells_EBV_transformedlymphocytes	4.961,3.139,2.646	1	Muscle_Skeletal	Muscle_Skeletal	4.961
chr6	73132143	73132164	chr6	73130645	73132383	KCNQ5,KCNQ5-AS1	perfect	50	0.017565399999999995	0.055399523913448365	0	0.26316	0	0	3	Cells_Culturedfibroblasts,Cells_EBV_transformedlymphocytes,Muscle_Skeletal	Cells_Culturedfibroblasts,Cells_EBV_transformedlymphocytes,Muscle_Skeletal	4.433,3.317,3.15	3	Cells_Culturedfibroblasts,Cells_EBV_transformedlymphocytes,Muscle_Skeletal	Cells_Culturedfibroblasts,Cells_EBV_transformedlymphocytes,Muscle_Skeletal	4.433,3.317,3.15
chr6	78872081	78872135	chr6	78871290	78872135	IRAK1BP1	perfect	50	0.010975399999999998	0.03520676136419114	0	0.23994	0	0	1	Testis	Testis,Cells_EBV_transformedlymphocytes,MinorSalivaryGland	6.503,0.963,0.668	1	Testis	Testis	6.503
chr6	83164659	83164719	chr6	83164659	83164719	DOP1A	perfect	50	0.106966	0.0309191419475947	0.03922	0.21835	0.09731500000000001	0.030577499999999994	2	Brain_Cerebellum,Brain_Cortex	Brain_Cortex,Brain_Cerebellum,Testis	3.602,3.361,1.67	2	Brain_Cerebellum,Brain_Cortex	Brain_Cortex,Brain_Cerebellum	3.602,3.361
chr6	89921124	89921160	chr6	89921124	89921760	GJA10	perfect	50	0.0076098	0.053809411834733895	0	0.38049	0	0	1	Testis	Testis,Adipose_Subcutaneous,Adipose_Visceral_Omentum	6.93,-0.141,-0.141	1	Testis	Testis	6.93
chr6	99521074	99521147	chr6	99520939	99521163	TSTD3,USP45	perfect	50	0.008282400000000002	0.0236146570327733	0	0.11848	0	0	1	Artery_Aorta	Artery_Aorta,Adipose_Subcutaneous,Artery_Tibial	4.666,2.816,2.609	1	Artery_Aorta	Artery_Aorta	4.666
chr6	99544224	99544273	chr6	99543779	99544273	CCNC	perfect	50	0.0760516	0.05300756358660295	0.0131	0.33294	0.066755	0.033769999999999994	1	Muscle_Skeletal	Muscle_Skeletal,Heart_LeftVentricle,Heart_AtrialAppendage	4.846,2.521,1.976	1	Muscle_Skeletal	Muscle_Skeletal	4.846
chr6	102065796	102065910	chr6	102065796	102065928	GRIK2	perfect	50	0.059142799999999995	0.0964229157714988	0	0.40594	0	0.0997775	1	Heart_AtrialAppendage	Heart_AtrialAppendage,Heart_LeftVentricle,Esophagus_Muscularis	3.597,2.35,1.886	1	Heart_AtrialAppendage	Heart_AtrialAppendage	3.597
chr6	104950475	104950509	chr6	104950460	104950509	LIN28B	perfect	50	0.0023165999999999985	0.01638083569296756	0	0.11583	0	0	1	Testis	Testis,Adipose_Subcutaneous,Adipose_Visceral_Omentum	6.93,-0.141,-0.141	1	Testis	Testis	6.93
chr6	106541217	106541295	chr6	106541133	106541295	CRYBG1	perfect	50	0.0097752	0.04970130755229848	0	0.33051	0	0	1	Cells_EBV_transformedlymphocytes	Cells_EBV_transformedlymphocytes,Cells_Culturedfibroblasts,Adipose_Subcutaneous	6.453,2.35,0.236	1	Cells_EBV_transformedlymphocytes	Cells_EBV_transformedlymphocytes	6.453
chr6	106975368	106975459	chr6	106975133	106975627	CD24	perfect	50	0.03358819999999999	0.09020493114467926	0	0.50491	0	0.00792	1	Testis	Testis,Brain_CerebellarHemisphere,Brain_Cerebellum	5.225,2.569,2.474	1	Testis	Testis	5.225
chr6	107264422	107264512	chr6	107264185	107264512	PDSS2	perfect	50	0.349734	0.07975532671098219	0.15748	0.6687	0.34448500000000004	0.08428999999999998	1	Testis	Testis,WholeBlood,Pancreas	3.999,1.545,1.545	1	Testis	Testis	3.999
chr6	108879927	108879955	chr6	108879927	108880256	ARMC2	perfect	50	0.2418156	0.0756990585270223	0	0.48938	0.23963	0.05894000000000002	2	Brain_CerebellarHemisphere,Brain_Cerebellum	Brain_Cerebellum,Brain_CerebellarHemisphere,Brain_Spinalcord_cervicalc_1	3.27,3.021,1.835	2	Brain_CerebellarHemisphere,Brain_Cerebellum	Brain_Cerebellum,Brain_CerebellarHemisphere	3.27,3.021
chr6	109403030	109403108	chr6	109403030	109403108	PPIL6	perfect	50	0.061024400000000006	0.16704572735997908	0	1	0	0.038355	1	Cells_EBV_transformedlymphocytes	Cells_EBV_transformedlymphocytes,Esophagus_Mucosa,Spleen	5.621,2.47,2.2	1	Cells_EBV_transformedlymphocytes	Cells_EBV_transformedlymphocytes	5.621
chr6	110253884	110253939	chr6	110253884	110254275	CDC40	perfect	50	0.008907199999999999	0.056527742549249985	0	0.39906	0	0	1	Testis	Testis,Cells_Culturedfibroblasts,Cells_EBV_transformedlymphocytes	6.902,0.438,0.066	1	Testis	Testis	6.902
chr6	111699514	111699670	chr6	111699514	111699670	FYN	perfect	50	0.0921368	0.06712295256452588	0.02782	0.43663	0.075805	0.0377425	2	Cells_EBV_transformedlymphocytes,WholeBlood	Cells_EBV_transformedlymphocytes,WholeBlood,Spleen	5.132,3.295,1.792	2	Cells_EBV_transformedlymphocytes,WholeBlood	Cells_EBV_transformedlymphocytes,WholeBlood	5.132,3.295
chr6	116543813	116543872	chr6	116543764	116543872	CALHM4	perfect	50	0.026922999999999996	0.13774624896185456	0	0.84615	0	0	2	Kidney_Cortex,Testis	Testis,Kidney_Cortex,Adipose_Subcutaneous	5.947,3.434,-0.195	2	Kidney_Cortex,Testis	Testis,Kidney_Cortex	5.947,3.434
chr6	117328809	117328813	chr6	117328419	117328813	ROS1	perfect	50	0.008800400000000002	0.04357443478903279	0	0.22713	0	0	2	Cells_Culturedfibroblasts,Lung	Cells_Culturedfibroblasts,Lung,Adipose_Subcutaneous	5.01,4.684,-0.202	2	Cells_Culturedfibroblasts,Lung	Cells_Culturedfibroblasts,Lung	5.01,4.684
chr6	118960853	118960863	chr6	118960768	118960863	FAM184A	perfect	50	0.1153698	0.09283229048721163	0	0.46719	0.111445	0.0880425	2	Spleen,Testis	Testis,Spleen,Pancreas	3.79,3.315,1.06	2	Spleen,Testis	Testis,Spleen	3.79,3.315
chr6	119006044	119006176	chr6	119005286	119006176	FAM184A	perfect	50	0.0581468	0.034892314950605456	0	0.2	0.057415	0.025504999999999986	1	Muscle_Skeletal	Muscle_Skeletal,Skin_SunExposed_Lowerleg,Skin_NotSunExposed_Suprapubic	4.065,2.54,2.219	1	Muscle_Skeletal	Muscle_Skeletal	4.065
chr6	122701487	122701500	chr6	122701439	122701500	PKIB	perfect	50	0.0042734	0.020059101309553698	0	0.1376	0	0	1	Testis	Testis,SmallIntestine_TerminalIleum,Colon_Transverse	6.647,1.399,0.825	1	Testis	Testis	6.647
chr6	125082448	125082563	chr6	125082448	125082563	RNF217	perfect	50	0.1933184	0.08072355952690564	0	0.5	0.19733	0.09760249999999998	1	Cells_EBV_transformedlymphocytes	Cells_EBV_transformedlymphocytes,Heart_LeftVentricle,Nerve_Tibial	3.799,1.455,1.306	1	Cells_EBV_transformedlymphocytes	Cells_EBV_transformedlymphocytes	3.799
chr6	127286049	127286167	chr6	127286049	127286351	RNF146	perfect	50	0.1759386	0.06443912244965501	0.08843	0.4079	0.170825	0.08203749999999999	1	Muscle_Skeletal	Muscle_Skeletal,Heart_LeftVentricle,Pancreas	3.6,2.959,1.19	1	Muscle_Skeletal	Muscle_Skeletal	3.6
chr6	130872370	130872538	chr6	130872370	130872538	EPB41L2	perfect	50	0.015508200000000005	0.03280018446252265	0	0.12924	0	0.008167500000000001	2	Brain_Cortex,Brain_FrontalCortex_BA9	Brain_Cortex,Brain_FrontalCortex_BA9,Brain_CerebellarHemisphere	3.467,3.207,2.416	2	Brain_Cortex,Brain_FrontalCortex_BA9	Brain_Cortex,Brain_FrontalCortex_BA9	3.467,3.207
chr6	130880453	130880483	chr6	130880453	130880489	EPB41L2	perfect	50	0.08663660000000001	0.054675688348363276	0	0.27835	0.07849	0.03491000000000001	2	Brain_Cortex,Brain_FrontalCortex_BA9	Brain_FrontalCortex_BA9,Brain_Cortex,Brain_Nucleusaccumbens_basalganglia	3.506,3.407,2.431	2	Brain_Cortex,Brain_FrontalCortex_BA9	Brain_FrontalCortex_BA9,Brain_Cortex	3.506,3.407
chr6	131250567	131250616	chr6	131250158	131250616	AKAP7	perfect	50	0.10511279999999999	0.11819292951745619	0	0.48668	0.070765	0.1882275	1	Pancreas	Pancreas,Brain_Anteriorcingulatecortex_BA24,Brain_FrontalCortex_BA9	3.228,2.049,1.965	1	Pancreas	Pancreas	3.228
chr6	131253036	131253105	chr6	131253036	131253105	AKAP7	perfect	50	0.0066658	0.022508635448536245	0	0.12102	0	0	2	Colon_Transverse,Pancreas	Pancreas,Colon_Transverse,SmallIntestine_TerminalIleum	5.08,3.318,2.297	1	Pancreas	Pancreas	5.08
chr6	131615323	131615341	chr6	131615323	131615341	MED23	perfect	50	0.0491252	0.03540681470437865	0.00636	0.18002	0.0448	0.023795	2	Muscle_Skeletal,Testis	Testis,Muscle_Skeletal,Skin_SunExposed_Lowerleg	3.697,3.447,2.137	2	Muscle_Skeletal,Testis	Testis,Muscle_Skeletal	3.697,3.447
chr6	132724933	132724979	chr6	132724605	132724979	VNN3P	perfect	50	0.11327159999999999	0.2366339763273436	0	0.85714	0	0	1	Vagina	Vagina,Heart_AtrialAppendage,Prostate	3.144,2.691,2.691	1	Vagina	Vagina	3.144
chr6	132726724	132726954	chr6	132726721	132727012	VNN3P	perfect	50	0.04319040000000001	0.11469685259742347	0	0.48571	0	0	2	Liver,MinorSalivaryGland	MinorSalivaryGland,Liver,Adipose_Visceral_Omentum	3.858,3.106,2.53	2	Liver,MinorSalivaryGland	MinorSalivaryGland,Liver	3.858,3.106
chr6	132728740	132728933	chr6	132728740	132728979	VNN3P	perfect	50	0.04393940000000001	0.11664930778086553	0	0.48571	0	0	2	Liver,MinorSalivaryGland	MinorSalivaryGland,Liver,WholeBlood	3.787,3.048,2.691	2	Liver,MinorSalivaryGland	MinorSalivaryGland,Liver	3.787,3.048
chr6	135387983	135388033	chr6	135387783	135388033	AHI1	perfect	50	0.0373476	0.028913629761051857	0	0.12434	0.038315	0.051302499999999994	1	Cells_EBV_transformedlymphocytes	Cells_EBV_transformedlymphocytes,Esophagus_Mucosa,Stomach	3.009,2.288,1.451	1	Cells_EBV_transformedlymphocytes	Cells_EBV_transformedlymphocytes	3.009
chr6	136525831	136525964	chr6	136525831	136526213	MAP7	perfect	50	0.08410240000000001	0.12819180937189711	0	0.47589	0.003885	0.19609749999999998	1	Brain_Cerebellum	Brain_Cerebellum,Brain_CerebellarHemisphere,Brain_Cortex	3.056,2.875,1.549	1	Brain_Cerebellum	Brain_Cerebellum	3.056
chr6	138545622	138545638	chr6	138545622	138545711	NHSL1	perfect	50	0.028280600000000003	0.05423368700130113	0	0.24134	0	0.0361875	1	Cells_Culturedfibroblasts	Cells_Culturedfibroblasts,Heart_AtrialAppendage,Adipose_Subcutaneous	3.929,2.401,2.189	1	Cells_Culturedfibroblasts	Cells_Culturedfibroblasts	3.929
chr6	143187628	143187640	chr6	143187387	143190597	AIG1	perfect	50	0.0578084	0.02926310251522088	0.01865	0.16438	0.054235000000000005	0.041005	1	WholeBlood	WholeBlood,Muscle_Skeletal,Skin_NotSunExposed_Suprapubic	3.642,1.873,1.786	1	WholeBlood	WholeBlood	3.642
chr6	143536990	143537207	chr6	143536844	143537207	PHACTR2	perfect	50	0.010439600000000004	0.041085065212437044	0	0.28571	0	0.0038625	1	Cells_EBV_transformedlymphocytes	Cells_EBV_transformedlymphocytes,Esophagus_Mucosa,Cells_Culturedfibroblasts	6.7,0.892,0.697	1	Cells_EBV_transformedlymphocytes	Cells_EBV_transformedlymphocytes	6.7
chr6	144344210	144344304	chr6	144344100	144344304	UTRN	perfect	50	0.004534600000000001	0.017972185563207593	0	0.12627	0	0.0027075	1	Cells_EBV_transformedlymphocytes	Cells_EBV_transformedlymphocytes,SmallIntestine_TerminalIleum,Adipose_Visceral_Omentum	6.774,0.416,0.405	1	Cells_EBV_transformedlymphocytes	Cells_EBV_transformedlymphocytes	6.774
chr6	144583456	144583600	chr6	144583170	144583600	UTRN	perfect	50	0.08124519999999999	0.08782963367793355	0	0.35091	0.053895	0.08689	1	Brain_FrontalCortex_BA9	Brain_FrontalCortex_BA9,Brain_Cortex,Brain_Anteriorcingulatecortex_BA24	3.07,2.983,2.735	1	Brain_FrontalCortex_BA9	Brain_FrontalCortex_BA9	3.07
chr6	144799453	144799473	chr6	144799380	144799473	UTRN	perfect	50	0.0878666	0.0847929424433666	0	0.38127	0.07486999999999999	0.09724500000000001	1	Testis	Testis,WholeBlood,Cells_EBV_transformedlymphocytes	3.46,2.671,1.942	1	Testis	Testis	3.46
chr6	145384026	145384097	chr6	145382534	145384097	EPM2A	perfect	50	0.0256494	0.032989418365931354	0	0.13128	0.012244999999999999	0.0264675	1	Brain_Anteriorcingulatecortex_BA24	Brain_Anteriorcingulatecortex_BA24,Brain_FrontalCortex_BA9,Brain_Cortex	3.202,2.523,2.211	1	Brain_Anteriorcingulatecortex_BA24	Brain_Anteriorcingulatecortex_BA24	3.202
chr6	145502521	145502575	chr6	145502521	145502575	EPM2A	perfect	50	0.026284799999999997	0.03296598074824829	0	0.13128	0.01284	0.031335	1	Brain_Anteriorcingulatecortex_BA24	Brain_Anteriorcingulatecortex_BA24,Brain_FrontalCortex_BA9,Brain_Cortex	3.185,2.505,2.194	1	Brain_Anteriorcingulatecortex_BA24	Brain_Anteriorcingulatecortex_BA24	3.185
chr6	145864325	145864491	chr6	145864244	145864491	SHPRH	perfect	50	0.037804399999999995	0.03395451291937254	0	0.14146	0.039665	0.054725	1	Spleen	Spleen,Testis,Pituitary	3.053,2.61,1.453	1	Spleen	Spleen	3.053
chr6	146426558	146426616	chr6	146426558	146426643	GRM1	perfect	50	0.03630799999999999	0.08112601980743239	0	0.35294	0	0	1	Heart_LeftVentricle	Heart_LeftVentricle,Brain_Nucleusaccumbens_basalganglia,Brain_Anteriorcingulatecortex_BA24	3.903,2.592,2.253	1	Heart_LeftVentricle	Heart_LeftVentricle	3.903
chr6	146770578	146770609	chr6	146770438	146770609	ADGB	perfect	50	0.036401399999999993	0.12409634575043799	0	0.58625	0	0	2	Pituitary,Testis	Testis,Pituitary,Brain_Hypothalamus	4.431,3.736,2.637	2	Pituitary,Testis	Testis,Pituitary	4.431,3.736
chr6	146807401	146807584	chr6	146807401	146807840	ADGB	perfect	50	0.031205000000000007	0.10337754841021397	0	0.42857	0	0	3	Brain_Hippocampus,Lung,Pituitary	Pituitary,Brain_Hippocampus,Lung	3.844,3.567,3.432	3	Brain_Hippocampus,Lung,Pituitary	Pituitary,Brain_Hippocampus,Lung	3.844,3.567,3.432
chr6	147328698	147328782	chr6	147328698	147328782	STXBP5	perfect	50	0.0674428	0.055519581323775734	0	0.29833	0.072245	0.08523499999999999	1	Testis	Testis,Bladder,Breast_MammaryTissue	4.159,1.291,1.205	1	Testis	Testis	4.159
chr6	149842614	149842676	chr6	149840437	149842676	LRP11	perfect	50	0.0730062	0.07026264446855303	0	0.5	0.06712499999999999	0.0376025	1	WholeBlood	WholeBlood,Testis,Muscle_Skeletal	6.077,2.004,0.749	1	WholeBlood	WholeBlood	6.077
chr6	150686872	150686990	chr6	150686761	150686990	PLEKHG1	perfect	50	0.011163000000000001	0.03577030065827898	0	0.15284	0	0	2	Skin_NotSunExposed_Suprapubic,Skin_SunExposed_Lowerleg	Skin_SunExposed_Lowerleg,Skin_NotSunExposed_Suprapubic,Esophagus_Mucosa	3.961,3.819,2.75	2	Skin_NotSunExposed_Suprapubic,Skin_SunExposed_Lowerleg	Skin_SunExposed_Lowerleg,Skin_NotSunExposed_Suprapubic	3.961,3.819
chr6	151325860	151325885	chr6	151325687	151325885	AKAP12	perfect	50	0.1078096	0.10789972012900853	0	0.45474	0.08304	0.14739000000000002	1	Cells_Culturedfibroblasts	Cells_Culturedfibroblasts,Muscle_Skeletal,Adipose_Visceral_Omentum	3.215,2.376,2.267	1	Cells_Culturedfibroblasts	Cells_Culturedfibroblasts	3.215
chr6	151341782	151341786	chr6	151341685	151341786	AKAP12	perfect	50	0.010373000000000002	0.04338154805011561	0	0.28687	0	0	1	Testis	Testis,Bladder,MinorSalivaryGland	6.374,2.232,0.837	1	Testis	Testis	6.374
chr6	154093269	154093443	chr6	154093269	154093520	OPRM1	perfect	50	0.004677000000000005	0.03307138415609483	0	0.23385	0	0	1	Testis	Testis,Adipose_Subcutaneous,Adipose_Visceral_Omentum	6.93,-0.141,-0.141	1	Testis	Testis	6.93
chr6	155168844	155168916	chr6	155168844	155168916	TIAM2	perfect	50	0.0024096000000000013	0.01703844499947105	0	0.12048	0	0	1	Testis	Testis,Adipose_Subcutaneous,Adipose_Visceral_Omentum	6.93,-0.141,-0.141	1	Testis	Testis	6.93
chr6	157888570	157888660	chr6	157888570	157888660	SNX9	perfect	50	0.016482	0.06332539388116021	0	0.4519	0.00587	0.0056124999999999986	1	Muscle_Skeletal	Muscle_Skeletal,Heart_LeftVentricle,Heart_AtrialAppendage	6.876,0.438,0.138	1	Muscle_Skeletal	Muscle_Skeletal	6.876
chr6	158093887	158094007	chr6	158093887	158094094	SYNJ2	perfect	50	0.0061822000000000005	0.03562098236794071	0	0.25226	0	0	1	Testis	Testis,Brain_FrontalCortex_BA9,Brain_Cortex	6.908,0.169,0.161	1	Testis	Testis	6.908
chr6	158536734	158536865	chr6	158536435	158536865	TMEM181	perfect	50	0.0188834	0.02800491892726078	0	0.14112	0.00794	0.02868	1	Pituitary	Pituitary,Testis,Brain_Anteriorcingulatecortex_BA24	4.365,2.276,1.691	1	Pituitary	Pituitary	4.365
chr6	161545416	161545437	chr6	161545111	161545437	PRKN	perfect	50	0.0039120000000000005	0.027662017280017742	0	0.1956	0	0	1	Testis	Testis,Adipose_Subcutaneous,Adipose_Visceral_Omentum	6.93,-0.141,-0.141	1	Testis	Testis	6.93
chr6	162624403	162624585	chr6	162624345	162624585	PRKN	perfect	50	0.007253399999999998	0.05128928326658503	0	0.36267	0	0	1	Testis	Testis,Adipose_Subcutaneous,Adipose_Visceral_Omentum	6.93,-0.141,-0.141	1	Testis	Testis	6.93
chr6	163312778	163312895	chr6	163312778	163312895	PACRG	perfect	50	0.032923999999999995	0.06416030599448636	0	0.37444	0	0.046325	1	Heart_LeftVentricle	Heart_LeftVentricle,Heart_AtrialAppendage,Liver	5.323,2.813,0.948	1	Heart_LeftVentricle	Heart_LeftVentricle	5.323
chr6	165711018	165711136	chr6	165711018	165711153	PDE10A	perfect	50	0.0174628	0.05000565711017513	0	0.3425	0	0.019745	1	Testis	Testis,Bladder,Nerve_Tibial	6.5,0.916,0.767	1	Testis	Testis	6.5
chr6	166770862	166770913	chr6	166770862	166770913	RPS6KA2	perfect	50	0.0697446	0.08534571512766799	0	0.37423	0.024345	0.11381000000000002	1	Cells_EBV_transformedlymphocytes	Cells_EBV_transformedlymphocytes,Brain_Nucleusaccumbens_basalganglia,Brain_Caudate_basalganglia	3.568,1.902,1.778	1	Cells_EBV_transformedlymphocytes	Cells_EBV_transformedlymphocytes	3.568
chr6	166862107	166862170	chr6	166862107	166862551	RPS6KA2	perfect	50	0.0746196	0.09486238077104651	0	0.45399	0.025985	0.11918250000000002	1	Cells_EBV_transformedlymphocytes	Cells_EBV_transformedlymphocytes,Brain_Nucleusaccumbens_basalganglia,Brain_Caudate_basalganglia	3.999,1.783,1.665	1	Cells_EBV_transformedlymphocytes	Cells_EBV_transformedlymphocytes	3.999
chr6	167172144	167172277	chr6	167172143	167172809	ENSG00000291286,TCP10L2	perfect	50	0.0045018	0.024817075728503665	0	0.16667	0	0	1	SmallIntestine_TerminalIleum	SmallIntestine_TerminalIleum,Testis,Adipose_Subcutaneous	6.535,2.173,-0.181	1	SmallIntestine_TerminalIleum	SmallIntestine_TerminalIleum	6.535
chr6	167172277	167172288	chr6	167172143	167172809	ENSG00000291286,TCP10L2	perfect	50	0.0043686	0.024538080859873995	0	0.16667	0	0	1	SmallIntestine_TerminalIleum	SmallIntestine_TerminalIleum,Testis,Adipose_Subcutaneous	6.614,1.931,-0.178	1	SmallIntestine_TerminalIleum	SmallIntestine_TerminalIleum	6.614
chr6	167173752	167173968	chr6	167173752	167173968	ENSG00000291286,TCP10L2	perfect	50	0.0043686	0.024538080859873995	0	0.16667	0	0	1	SmallIntestine_TerminalIleum	SmallIntestine_TerminalIleum,Testis,Adipose_Subcutaneous	6.614,1.931,-0.178	1	SmallIntestine_TerminalIleum	SmallIntestine_TerminalIleum	6.614
chr6	167176996	167177134	chr6	167176996	167177134	ENSG00000291286,TCP10L2	perfect	50	0.0043686	0.024538080859873995	0	0.16667	0	0	1	SmallIntestine_TerminalIleum	SmallIntestine_TerminalIleum,Testis,Adipose_Subcutaneous	6.614,1.931,-0.178	1	SmallIntestine_TerminalIleum	SmallIntestine_TerminalIleum	6.614
chr6	167178383	167178542	chr6	167178383	167178766	ENSG00000291286,TCP10L2	perfect	50	0.0043686	0.024538080859873995	0	0.16667	0	0	1	SmallIntestine_TerminalIleum	SmallIntestine_TerminalIleum,Testis,Adipose_Subcutaneous	6.614,1.931,-0.178	1	SmallIntestine_TerminalIleum	SmallIntestine_TerminalIleum	6.614
chr6	167179010	167179122	chr6	167179010	167179122	TCP10L2	perfect	50	0.0043686	0.024538080859873995	0	0.16667	0	0	1	SmallIntestine_TerminalIleum	SmallIntestine_TerminalIleum,Testis,Adipose_Subcutaneous	6.614,1.931,-0.178	1	SmallIntestine_TerminalIleum	SmallIntestine_TerminalIleum	6.614
chr6	167180632	167180733	chr6	167180632	167180733	TCP10L2	perfect	50	0.0043686	0.024538080859873995	0	0.16667	0	0	1	SmallIntestine_TerminalIleum	SmallIntestine_TerminalIleum,Testis,Adipose_Subcutaneous	6.614,1.931,-0.178	1	SmallIntestine_TerminalIleum	SmallIntestine_TerminalIleum	6.614
chr6	167954460	167954493	chr6	167954457	167954493	AFDN	perfect	50	0.012765600000000002	0.0275725548371002	0	0.12272	0	0.0124	2	Brain_CerebellarHemisphere,Brain_Cerebellum	Brain_CerebellarHemisphere,Brain_Cerebellum,Brain_FrontalCortex_BA9	3.988,3.536,2.04	2	Brain_CerebellarHemisphere,Brain_Cerebellum	Brain_CerebellarHemisphere,Brain_Cerebellum	3.988,3.536
chr6	168062670	168062739	chr6	168062670	168062739	FRMD1	perfect	50	0.0584776	0.20939899562708666	0	1	0	0	2	Brain_Cerebellum,Lung	Brain_Cerebellum,Lung,Bladder	4.496,4.496,2.109	2	Brain_Cerebellum,Lung	Brain_Cerebellum,Lung	4.496,4.496
chr6	168075738	168075747	chr6	168075738	168075866	FRMD1	perfect	50	0.007900199999999994	0.05534711365333428	0	0.39142	0	0	1	Testis	Testis,Nerve_Tibial,Adipose_Subcutaneous	6.929,-0.078,-0.143	1	Testis	Testis	6.929
chr6	168081342	168081538	chr6	168081342	168081862	FRMD1	perfect	50	0.010533399999999997	0.03814292876451275	0	0.19231	0	0	2	Spleen,Stomach	Spleen,Stomach,Adipose_Visceral_Omentum	4.766,4.394,1.794	2	Spleen,Stomach	Spleen,Stomach	4.766,4.394
chr6	170295405	170295453	chr6	170295320	170295453	FAM120B	perfect	50	0.1670928	0.1277108938194517	0	0.55124	0.166775	0.17823000000000003	1	Muscle_Skeletal	Muscle_Skeletal,Cells_EBV_transformedlymphocytes,Cells_Culturedfibroblasts	3.008,2.405,2.237	1	Muscle_Skeletal	Muscle_Skeletal	3.008
chr7	500446	500499	chr7	500430	500499	PDGFA	perfect	50	0.056797400000000005	0.07147226545896482	0	0.30778	0.025705	0.09151499999999999	1	Pancreas	Pancreas,Stomach,Liver	3.512,2.657,1.857	1	Pancreas	Pancreas	3.512
chr7	602552	602683	chr7	602552	602683	PRKAR1B	perfect	50	0.020231999999999997	0.06319856889363935	0	0.40223	0	0.010409999999999999	1	WholeBlood	WholeBlood,Cells_EBV_transformedlymphocytes,Artery_Coronary	6.044,2.45,1.196	1	WholeBlood	WholeBlood	6.044
chr7	691539	691551	chr7	691539	691794	PRKAR1B	perfect	50	0.0031572000000000006	0.02201949646683732	0	0.15574	0	0	1	Testis	Testis,Brain_Anteriorcingulatecortex_BA24,Brain_Cortex	6.929,-0.109,-0.112	1	Testis	Testis	6.929
chr7	769147	769205	chr7	768474	769205	DNAAF5	perfect	50	0.06560679999999999	0.04946688195105069	0	0.28416	0.04585	0.05230749999999999	1	Kidney_Cortex	Kidney_Cortex,Brain_Cerebellum,Brain_CerebellarHemisphere	4.418,1.756,1.722	1	Kidney_Cortex	Kidney_Cortex	4.418
chr7	848607	848615	chr7	848417	848615	SUN1	perfect	50	0.3030178	0.049684931041637216	0.054	0.45882	0.30074999999999996	0.03467999999999999	1	WholeBlood	WholeBlood,Kidney_Cortex,Heart_LeftVentricle	3.136,1.535,1.12	1	WholeBlood	WholeBlood	3.136
chr7	849519	849603	chr7	849519	850767	SUN1	perfect	50	0.3033556	0.04971806895128669	0.054	0.45882	0.30112	0.03467999999999999	1	WholeBlood	WholeBlood,Kidney_Cortex,Heart_LeftVentricle	3.127,1.527,1.163	1	WholeBlood	WholeBlood	3.127
chr7	920783	920803	chr7	920783	920889	ADAP1	perfect	50	0.05418280000000001	0.15323726449116312	0	1	0	0.04122	1	Muscle_Skeletal	Muscle_Skeletal,Cells_Culturedfibroblasts,Liver	6.172,1.533,1.515	1	Muscle_Skeletal	Muscle_Skeletal	6.172
chr7	2309804	2309856	chr7	2309804	2309946	SNX8	perfect	50	0.004908599999999995	0.03470904346132288	0	0.24543	0	0	1	Testis	Testis,Adipose_Subcutaneous,Adipose_Visceral_Omentum	6.93,-0.141,-0.141	1	Testis	Testis	6.93
chr7	2596957	2597137	chr7	2596898	2597137	IQCE	perfect	50	0.0308134	0.02539443733158416	0	0.11916	0.03621	0.047627499999999996	1	Testis	Testis,Artery_Aorta,Vagina	3.479,1.397,1.243	1	Testis	Testis	3.479
chr7	2659939	2660017	chr7	2659939	2660040	TTYH3	perfect	50	0.0209212	0.02275051806003547	0	0.12735	0.01481	0.006014999999999996	2	Brain_CerebellarHemisphere,Brain_Cerebellum	Brain_CerebellarHemisphere,Brain_Cerebellum,Brain_FrontalCortex_BA9	4.678,4.366,0.927	2	Brain_CerebellarHemisphere,Brain_Cerebellum	Brain_CerebellarHemisphere,Brain_Cerebellum	4.678,4.366
chr7	3958039	3958053	chr7	3958039	3958287	SDK1	perfect	50	0.0039558000000000015	0.017645501373854296	0	0.12232	0	0	1	Testis	Testis,Pancreas,Pituitary	6.708,0.922,0.697	1	Testis	Testis	6.708
chr7	6398661	6398718	chr7	6398661	6398718	RAC1	perfect	50	0.0325754	0.029558847372656467	0.00103	0.14935	0.036989999999999995	0.043579999999999994	1	Esophagus_Mucosa	Esophagus_Mucosa,Vagina,MinorSalivaryGland	3.951,2.039,1.532	1	Esophagus_Mucosa	Esophagus_Mucosa	3.951
chr7	6531067	6531102	chr7	6531067	6531186	GRID2IP	perfect	50	0.0062884	0.03173434220113557	0	0.18798	0	0	2	Brain_CerebellarHemisphere,Brain_Cerebellum	Brain_Cerebellum,Brain_CerebellarHemisphere,Adipose_Subcutaneous	5.725,3.786,-0.198	2	Brain_CerebellarHemisphere,Brain_Cerebellum	Brain_Cerebellum,Brain_CerebellarHemisphere	5.725,3.786
chr7	7676101	7676208	chr7	7676101	7676208	UMAD1	perfect	50	0.0489778	0.018544276336841584	0.03079	0.11931	0.046	0.021255000000000003	2	Liver,Testis	Testis,Liver,SmallIntestine_TerminalIleum	3.793,3.379,1.646	2	Liver,Testis	Testis,Liver	3.793,3.379
chr7	11102485	11102495	chr7	11102485	11110551	PHF14	perfect	50	0.17191859999999998	0.11374924030264368	0.04503	0.51936	0.123125	0.13361499999999998	1	Brain_FrontalCortex_BA9	Brain_FrontalCortex_BA9,Brain_Cortex,Brain_Anteriorcingulatecortex_BA24	3.054,2.591,2.249	1	Brain_FrontalCortex_BA9	Brain_FrontalCortex_BA9	3.054
chr7	13986115	13986176	chr7	13986115	13986491	ETV1	perfect	50	0.0283782	0.055277512816917576	0	0.26828	0	0.0326925	2	Brain_CerebellarHemisphere,Brain_Cerebellum	Brain_Cerebellum,Brain_CerebellarHemisphere,Brain_Caudate_basalganglia	4.34,4.159,1.441	2	Brain_CerebellarHemisphere,Brain_Cerebellum	Brain_Cerebellum,Brain_CerebellarHemisphere	4.34,4.159
chr7	15306460	15306565	chr7	15306234	15306565	AGMO	perfect	50	0.0059264	0.024058816429741513	0	0.11307	0	0	2	Liver,SmallIntestine_TerminalIleum	Liver,SmallIntestine_TerminalIleum,Testis	4.453,4.247,2.877	2	Liver,SmallIntestine_TerminalIleum	Liver,SmallIntestine_TerminalIleum	4.453,4.247
chr7	16464315	16464387	chr7	16464315	16464387	SOSTDC1	perfect	50	0.0344172	0.0724798088151283	0	0.47036	0	0.04525	1	Testis	Testis,Ovary,Bladder	6.015,1.75,1.117	1	Testis	Testis	6.015
chr7	17450994	17451012	chr7	17450994	17451061	ENSG00000283321,LINC02888	perfect	50	0.05999999999999999	0.2398979374820953	0	1	0	0	3	Bladder,Cells_Culturedfibroblasts,Nerve_Tibial	Bladder,Cells_Culturedfibroblasts,Nerve_Tibial	3.918,3.918,3.918	3	Bladder,Cells_Culturedfibroblasts,Nerve_Tibial	Bladder,Cells_Culturedfibroblasts,Nerve_Tibial	3.918,3.918,3.918
chr7	20659065	20659086	chr7	20659065	20660394	ABCB5	perfect	50	0.1696164	0.24952980929249924	0	1	0	0.336495	1	Lung	Lung,Artery_Coronary,Artery_Tibial	3.328,1.992,1.992	1	Lung	Lung	3.328
chr7	23125760	23125816	chr7	23125760	23126049	KLHL7	perfect	50	0.2990604	0.11194258708783875	0.13629	0.68626	0.29601500000000003	0.101915	2	Cells_EBV_transformedlymphocytes,WholeBlood	Cells_EBV_transformedlymphocytes,WholeBlood,Testis	3.459,3.067,2.274	2	Cells_EBV_transformedlymphocytes,WholeBlood	Cells_EBV_transformedlymphocytes,WholeBlood	3.459,3.067
chr7	28071617	28071633	chr7	28071617	28071684	JAZF1	perfect	50	0.004671400000000002	0.03303178617634839	0	0.23357	0	0	1	Testis	Testis,Adipose_Subcutaneous,Adipose_Visceral_Omentum	6.93,-0.141,-0.141	1	Testis	Testis	6.93
chr7	28686150	28686197	chr7	28685980	28686197	CREB5	perfect	50	0.0061861999999999985	0.020201341831569464	0	0.11933	0	0	2	Cells_Culturedfibroblasts,WholeBlood	WholeBlood,Cells_Culturedfibroblasts,Cells_EBV_transformedlymphocytes	5.601,3.388,1.136	1	WholeBlood	WholeBlood	5.601
chr7	28818760	28818762	chr7	28818760	28818789	CREB5	perfect	50	0.010595199999999999	0.03445866723943872	0	0.21154	0	0	1	Testis	Testis,WholeBlood,Spleen	5.831,2.879,1.066	1	Testis	Testis	5.831
chr7	30654742	30654808	chr7	30654697	30654808	CRHR2	perfect	50	0.013754599999999997	0.0387135068561612	0	0.18269	0	0	1	Testis	Testis,Pituitary,Thyroid	4.364,2.858,2.684	1	Testis	Testis	4.364
chr7	30686388	30686449	chr7	30685872	30686771	CRHR2,ENSG00000305335	perfect	50	0.007307799999999997	0.037445781282776695	0	0.23077	0	0	2	Muscle_Skeletal,Testis	Muscle_Skeletal,Testis,Adipose_Subcutaneous	5.968,3.4,-0.195	2	Muscle_Skeletal,Testis	Muscle_Skeletal,Testis	5.968,3.4
chr7	33314259	33314308	chr7	33314259	33314571	BBS9	perfect	50	0.0250134	0.03733064772586531	0	0.23684	0.019465000000000003	0.033645	1	Cells_EBV_transformedlymphocytes	Cells_EBV_transformedlymphocytes,Esophagus_Mucosa,Cells_Culturedfibroblasts	5.674,1.715,1.549	1	Cells_EBV_transformedlymphocytes	Cells_EBV_transformedlymphocytes	5.674
chr7	35832668	35832674	chr7	35832668	35832674	SEPTIN7	perfect	50	0.1452316	0.06728317436395072	0.02121	0.34759	0.12167	0.09041500000000004	1	WholeBlood	WholeBlood,Liver,Kidney_Cortex	3.008,2.076,1.935	1	WholeBlood	WholeBlood	3.008
chr7	36383858	36383928	chr7	36383858	36383928	MATCAP2	perfect	50	0.0020839999999999986	0.01473610531992765	0	0.1042	0	0	1	Testis	Testis,Adipose_Subcutaneous,Adipose_Visceral_Omentum	6.93,-0.141,-0.141	1	Testis	Testis	6.93
chr7	40085698	40085746	chr7	40085698	40085746	CDK13	perfect	50	0.0461832	0.04658501744955678	0	0.23107	0.032424999999999995	0.034335000000000004	3	Cells_Culturedfibroblasts,Cells_EBV_transformedlymphocytes,Muscle_Skeletal	Cells_EBV_transformedlymphocytes,Muscle_Skeletal,Cells_Culturedfibroblasts	3.969,3.173,3.159	3	Cells_Culturedfibroblasts,Cells_EBV_transformedlymphocytes,Muscle_Skeletal	Cells_EBV_transformedlymphocytes,Muscle_Skeletal,Cells_Culturedfibroblasts	3.969,3.173,3.159
chr7	44159072	44159120	chr7	44159072	44159282	GCK	perfect	50	0.012173999999999999	0.08608317954165026	0	0.6087	0	0	1	Liver	Liver,Adipose_Subcutaneous,Adipose_Visceral_Omentum	6.93,-0.141,-0.141	1	Liver	Liver	6.93
chr7	44225762	44225834	chr7	44225762	44225913	CAMK2B	perfect	50	0.005283599999999999	0.02079936682317271	0	0.14286	0	0.0014175	1	Prostate	Prostate,Thyroid,Muscle_Skeletal	6.614,1.272,0.813	1	Prostate	Prostate	6.614
chr7	44225834	44225891	chr7	44225762	44225913	CAMK2B	perfect	50	0.005797199999999999	0.020920367191533017	0	0.14286	0	0.0014175	1	Prostate	Prostate,Thyroid,Muscle_Skeletal	6.552,1.24,0.784	1	Prostate	Prostate	6.552
chr7	44225891	44225913	chr7	44225762	44225913	CAMK2B	perfect	50	0.005283599999999999	0.02079936682317271	0	0.14286	0	0.0014175	1	Prostate	Prostate,Thyroid,Muscle_Skeletal	6.614,1.272,0.813	1	Prostate	Prostate	6.614
chr7	44656317	44656362	chr7	44656317	44656362	OGDH	perfect	50	0.0142276	0.02601837392839051	0	0.12444	0.00377	0.0103625	2	Brain_CerebellarHemisphere,Brain_Cerebellum	Brain_Cerebellum,Brain_CerebellarHemisphere,Brain_Cortex	4.236,3.974,1.667	2	Brain_CerebellarHemisphere,Brain_Cerebellum	Brain_Cerebellum,Brain_CerebellarHemisphere	4.236,3.974
chr7	45027704	45027785	chr7	45027014	45027797	CCM2	perfect	50	0.02074119999999999	0.06749120866831622	0	0.31599	0	0	2	Spleen,WholeBlood	WholeBlood,Spleen,Cells_EBV_transformedlymphocytes	4.375,4.093,2.216	2	Spleen,WholeBlood	WholeBlood,Spleen	4.375,4.093
chr7	45027785	45027797	chr7	45027014	45027797	CCM2	perfect	50	0.0527542	0.07747694322170688	0	0.38908	0.032494999999999996	0.0258975	2	Spleen,WholeBlood	WholeBlood,Spleen,Cells_EBV_transformedlymphocytes	4.341,3.76,1.97	2	Spleen,WholeBlood	WholeBlood,Spleen	4.341,3.76
chr7	47787336	47787372	chr7	47787336	47787372	PKD1L1	perfect	50	0.003272199999999999	0.016834217254491766	0	0.10458	0	0	2	Heart_LeftVentricle,Testis	Heart_LeftVentricle,Testis,Adipose_Subcutaneous	6.018,3.312,-0.194	1	Heart_LeftVentricle	Heart_LeftVentricle	6.018
chr7	50368005	50368048	chr7	50367664	50369444	IKZF1	perfect	50	0.06213620000000001	0.08244181029832683	0	0.53642	0.047905	0.0906175	1	Testis	Testis,Cells_EBV_transformedlymphocytes,Skin_NotSunExposed_Suprapubic	5.753,1.43,0.957	1	Testis	Testis	5.753
chr7	50368048	50368065	chr7	50367664	50369444	IKZF1	perfect	50	0.0521456	0.06063965127518058	0	0.37748	0.047905	0.0761825	1	Testis	Testis,Skin_NotSunExposed_Suprapubic,Cells_EBV_transformedlymphocytes	5.365,1.466,0.954	1	Testis	Testis	5.365
chr7	50369521	50369532	chr7	50369521	50369704	IKZF1	perfect	50	0.010739600000000004	0.044892178126925315	0	0.29801	0	0	1	Testis	Testis,Cells_EBV_transformedlymphocytes,WholeBlood	6.399,1.988,1.006	1	Testis	Testis	6.399
chr7	51073344	51073385	chr7	51070827	51073385	COBL	perfect	50	0.05702879999999999	0.20917139969793147	0	0.95472	0.00472	0.004634999999999999	3	Heart_AtrialAppendage,Heart_LeftVentricle,Muscle_Skeletal	Muscle_Skeletal,Heart_LeftVentricle,Heart_AtrialAppendage	4.292,3.944,3.477	3	Heart_AtrialAppendage,Heart_LeftVentricle,Muscle_Skeletal	Muscle_Skeletal,Heart_LeftVentricle,Heart_AtrialAppendage	4.292,3.944,3.477
chr7	51187913	51187958	chr7	51187913	51187958	COBL	perfect	50	0.025043399999999997	0.10009188836651803	0	0.50573	0	0	3	Heart_AtrialAppendage,Heart_LeftVentricle,Muscle_Skeletal	Muscle_Skeletal,Heart_LeftVentricle,Heart_AtrialAppendage	4.802,3.562,3.223	3	Heart_AtrialAppendage,Heart_LeftVentricle,Muscle_Skeletal	Muscle_Skeletal,Heart_LeftVentricle,Heart_AtrialAppendage	4.802,3.562,3.223
chr7	70290367	70290505	chr7	70290367	70294239	AUTS2	perfect	50	0.024206400000000003	0.044761401774478946	0	0.27376	0.011779999999999999	0.016919999999999998	2	Spleen,Testis	Testis,Spleen,Cells_EBV_transformedlymphocytes	5.575,3.019,1.641	2	Spleen,Testis	Testis,Spleen	5.575,3.019
chr7	74093249	74093299	chr7	74093078	74093299	LIMK1	perfect	50	0.0288142	0.036327715123327435	0	0.19106	0.01732	0.03604	1	Cells_EBV_transformedlymphocytes	Cells_EBV_transformedlymphocytes,Artery_Aorta,Spleen	4.466,1.945,1.669	1	Cells_EBV_transformedlymphocytes	Cells_EBV_transformedlymphocytes	4.466
chr7	74183871	74183921	chr7	74183821	74183921	EIF4H	perfect	50	0.009426200000000004	0.06665329940820636	0	0.47131	0	0	1	Testis	Testis,Adipose_Subcutaneous,Adipose_Visceral_Omentum	6.93,-0.141,-0.141	1	Testis	Testis	6.93
chr7	74849111	74849592	chr7	74849111	74850290	GTF2IRD2	perfect	50	0.0107578	0.04324501190015905	0	0.29849	0	0.00355	1	Testis	Testis,Brain_Cerebellum,Brain_CerebellarHemisphere	6.654,1.263,0.679	1	Testis	Testis	6.654
chr7	75094548	75095029	chr7	75093850	75095029	GTF2IRD2B	perfect	50	0.0675696	0.057261107075485394	0.01167	0.4259	0.053345000000000004	0.028560000000000002	1	Testis	Testis,Brain_CerebellarHemisphere,Brain_Cerebellum	6.258,1.525,1.217	1	Testis	Testis	6.258
chr7	75410117	75410214	chr7	75410117	75410274	FKBP6P2,TRIM73	perfect	50	0.06863280000000001	0.03304960329132992	0	0.17219	0.072265	0.03372000000000001	1	Testis	Testis,Stomach,Pancreas	3.133,1.729,1.457	1	Testis	Testis	3.133
chr7	75611665	75611698	chr7	75611665	75611843	HIP1	perfect	50	0.012888599999999991	0.08203715808195251	0	0.57947	0	0	1	Testis	Testis,AdrenalGland,Liver	6.906,0.356,0.122	1	Testis	Testis	6.906
chr7	75999098	75999134	chr7	75998544	75999134	STYXL1	perfect	50	0.0219608	0.028516190591969866	0.00403	0.15572	0.012334999999999999	0.009227500000000001	2	Brain_CerebellarHemisphere,Brain_Cerebellum	Brain_Cerebellum,Brain_CerebellarHemisphere,Brain_Cortex	4.691,3.452,2.044	2	Brain_CerebellarHemisphere,Brain_Cerebellum	Brain_Cerebellum,Brain_CerebellarHemisphere	4.691,3.452
chr7	76048575	76048593	chr7	76048561	76049047	MDH2,STYXL1	perfect	50	0.0595696	0.029731501122889976	0.02071	0.1876	0.0503	0.02586	1	Testis	Testis,Skin_NotSunExposed_Suprapubic,Skin_SunExposed_Lowerleg	4.306,2.369,2.092	1	Testis	Testis	4.306
chr7	78345443	78345572	chr7	78345443	78345572	MAGI2	perfect	50	0.021448400000000003	0.03158332422048583	0	0.1485	0	0.03379	1	Artery_Tibial	Artery_Tibial,Artery_Coronary,Ovary	4.023,2.942,1.762	1	Artery_Tibial	Artery_Tibial	4.023
chr7	82001658	82001715	chr7	82001658	82001715	CACNA2D1	perfect	50	0.0512378	0.04783438338514185	0	0.22759	0.056940000000000004	0.08009	1	Cells_Culturedfibroblasts	Cells_Culturedfibroblasts,Muscle_Skeletal,MinorSalivaryGland	3.687,2.542,1.107	1	Cells_Culturedfibroblasts	Cells_Culturedfibroblasts	3.687
chr7	92142462	92142486	chr7	92141642	92142952	CYP51A1-AS1,ENSG00000285772,LRRD1	perfect	50	0.03958619999999999	0.1959120332886832	0	1	0	0	2	Spleen,Testis	Spleen,Testis,Adipose_Subcutaneous	4.902,4.797,-0.202	2	Spleen,Testis	Spleen,Testis	4.902,4.797
chr7	93320375	93320566	chr7	93320375	93321170	VPS50	perfect	50	0.0555796	0.037080441731732486	0.00738	0.25532	0.0557	0.03629249999999999	1	WholeBlood	WholeBlood,Esophagus_Mucosa,Pancreas	5.387,1.17,1.149	1	WholeBlood	WholeBlood	5.387
chr7	94639340	94639448	chr7	94639340	94639448	SGCE	perfect	50	0.0454274	0.02808089144828939	0	0.14265	0.04883	0.0364675	1	Nerve_Tibial	Nerve_Tibial,Brain_Spinalcord_cervicalc_1,Brain_Amygdala	3.462,2.242,1.6	1	Nerve_Tibial	Nerve_Tibial	3.462
chr7	94663454	94663556	chr7	94663333	94669695	PEG10	perfect	50	0.1666642	0.07754202157908593	0.04124	0.40665	0.16612500000000002	0.0888825	2	Cells_Culturedfibroblasts,Cells_EBV_transformedlymphocytes	Cells_Culturedfibroblasts,Cells_EBV_transformedlymphocytes,Artery_Tibial	3.095,3.011,1.48	2	Cells_Culturedfibroblasts,Cells_EBV_transformedlymphocytes	Cells_Culturedfibroblasts,Cells_EBV_transformedlymphocytes	3.095,3.011
chr7	94663556	94664507	chr7	94663333	94669695	PEG10	perfect	50	0.2164076	0.1001301270808366	0.05435	0.57535	0.217825	0.10878500000000002	2	Cells_Culturedfibroblasts,Cells_EBV_transformedlymphocytes	Cells_Culturedfibroblasts,Cells_EBV_transformedlymphocytes,Artery_Tibial	3.585,3.135,1.485	2	Cells_Culturedfibroblasts,Cells_EBV_transformedlymphocytes	Cells_Culturedfibroblasts,Cells_EBV_transformedlymphocytes	3.585,3.135
chr7	94664507	94664509	chr7	94663333	94669695	PEG10	perfect	50	0.2087768	0.11124984632761685	0	0.57535	0.217825	0.11134250000000001	1	Cells_Culturedfibroblasts	Cells_Culturedfibroblasts,Cells_EBV_transformedlymphocytes,Artery_Tibial	3.295,2.89,1.405	1	Cells_Culturedfibroblasts	Cells_Culturedfibroblasts	3.295
chr7	94664509	94664534	chr7	94663333	94669695	PEG10	perfect	50	0.2164076	0.1001301270808366	0.05435	0.57535	0.217825	0.10878500000000002	2	Cells_Culturedfibroblasts,Cells_EBV_transformedlymphocytes	Cells_Culturedfibroblasts,Cells_EBV_transformedlymphocytes,Artery_Tibial	3.585,3.135,1.485	2	Cells_Culturedfibroblasts,Cells_EBV_transformedlymphocytes	Cells_Culturedfibroblasts,Cells_EBV_transformedlymphocytes	3.585,3.135
chr7	94664534	94665679	chr7	94663333	94669695	PEG10	perfect	50	0.007630800000000005	0.026738471239861446	0	0.15385	0	0	1	WholeBlood	WholeBlood,Esophagus_Mucosa,Liver	5.468,2.81,2.147	1	WholeBlood	WholeBlood	5.468
chr7	95818498	95818532	chr7	95818498	95818963	DYNC1I1	perfect	50	0.0245152	0.05527868793445717	0	0.38462	0.01381	0.02361	1	Cells_Culturedfibroblasts	Cells_Culturedfibroblasts,Testis,Lung	6.514,1.366,0.418	1	Cells_Culturedfibroblasts	Cells_Culturedfibroblasts	6.514
chr7	96622618	96622643	chr7	96621656	96622643	SEM1	perfect	50	0.0693878	0.019058092425475306	0.04567	0.13346	0.06651499999999999	0.0249425	1	Testis	Testis,Ovary,Cells_EBV_transformedlymphocytes	3.362,2.266,2.007	1	Testis	Testis	3.362
chr7	97136387	97136417	chr7	97136387	97136467	SDHAF3	perfect	50	0.0274458	0.016939153906297223	0	0.10277	0.02771	0.018482500000000006	1	Cells_EBV_transformedlymphocytes	Cells_EBV_transformedlymphocytes,Esophagus_Mucosa,Cells_Culturedfibroblasts	4.447,1.49,1.474	1	Cells_EBV_transformedlymphocytes	Cells_EBV_transformedlymphocytes	4.447
chr7	99050914	99050992	chr7	99050914	99050992	SMURF1	perfect	50	0.018758	0.03545597661256873	0	0.13592	0	0.029825	1	Brain_Cerebellum	Brain_Cerebellum,Brain_CerebellarHemisphere,Testis	3.304,2.911,2.141	1	Brain_Cerebellum	Brain_Cerebellum	3.304
chr7	99561887	99561973	chr7	99561887	99562494	ZNF655	perfect	50	0.0848642	0.07219059475995414	0	0.35958	0.088075	0.10811500000000002	1	WholeBlood	WholeBlood,Liver,Cells_EBV_transformedlymphocytes	3.805,1.713,1.539	1	WholeBlood	WholeBlood	3.805
chr7	99562367	99562494	chr7	99561887	99562494	ZNF655	perfect	50	0.0816566	0.07113763901144352	0	0.35958	0.08333	0.10562000000000002	1	WholeBlood	WholeBlood,Liver,Cells_EBV_transformedlymphocytes	3.907,1.783,1.448	1	WholeBlood	WholeBlood	3.907
chr7	99563862	99564023	chr7	99563862	99564705	ZNF655	perfect	50	0.220759	0.09916476271481577	0.05984	0.63231	0.21464	0.11048000000000002	1	WholeBlood	WholeBlood,Brain_Substantianigra,Brain_Spinalcord_cervicalc_1	4.15,1.418,1.303	1	WholeBlood	WholeBlood	4.15
chr7	99564023	99564056	chr7	99563862	99564705	ZNF655	perfect	50	0.2205156	0.09900515072480227	0.05984	0.63231	0.21464	0.11048000000000002	1	WholeBlood	WholeBlood,Brain_Substantianigra,Brain_Spinalcord_cervicalc_1	4.159,1.423,1.308	1	WholeBlood	WholeBlood	4.159
chr7	99685142	99685225	chr7	99684956	99685235	CYP3A51P,CYP3A7-CYP3A51P	perfect	50	0.011111200000000009	0.07856804867119971	0	0.55556	0	0	1	Liver	Liver,Adipose_Subcutaneous,Adipose_Visceral_Omentum	6.93,-0.141,-0.141	1	Liver	Liver	6.93
chr7	99685225	99685235	chr7	99684956	99685235	CYP3A51P,CYP3A7-CYP3A51P	perfect	50	0.019999999999999993	0.14142135623730945	0	1	0	0	1	Liver	Liver,Adipose_Subcutaneous,Adipose_Visceral_Omentum	6.93,-0.141,-0.141	1	Liver	Liver	6.93
chr7	99695745	99695846	chr7	99695745	99695846	CYP3A51P,CYP3A7-CYP3A51P	perfect	50	0.0088888	0.06285330756610986	0	0.44444	0	0	1	Liver	Liver,Adipose_Subcutaneous,Adipose_Visceral_Omentum	6.93,-0.141,-0.141	1	Liver	Liver	6.93
chr7	99761775	99761868	chr7	99761775	99761868	CYP3A4	perfect	50	0.008254400000000002	0.030442506880065858	0	0.15282	0	0	2	Skin_NotSunExposed_Suprapubic,Skin_SunExposed_Lowerleg	Skin_SunExposed_Lowerleg,Skin_NotSunExposed_Suprapubic,SmallIntestine_TerminalIleum	4.749,3.893,2.751	2	Skin_NotSunExposed_Suprapubic,Skin_SunExposed_Lowerleg	Skin_SunExposed_Lowerleg,Skin_NotSunExposed_Suprapubic	4.749,3.893
chr7	99839413	99839417	chr7	99839413	99839420	CYP3A43	perfect	50	0.004165599999999999	0.02061853388164569	0	0.10619	0	0	2	Liver,Pancreas	Pancreas,Liver,Adipose_Subcutaneous	4.948,4.749,-0.202	2	Liver,Pancreas	Pancreas,Liver	4.948,4.749
chr7	99902133	99902174	chr7	99901165	99902174	TRIM4	perfect	50	0.1326656	0.04146297252307147	0.05591	0.2784	0.125365	0.0576825	1	Testis	Testis,Pancreas,Ovary	3.515,2.74,1.923	1	Testis	Testis	3.515
chr7	100584188	100584200	chr7	100583981	100584200	FBXO24	perfect	50	0.007643999999999997	0.05387114789486307	0	0.38095	0	0	1	Cells_EBV_transformedlymphocytes	Cells_EBV_transformedlymphocytes,Testis,Adipose_Subcutaneous	6.93,-0.119,-0.142	1	Cells_EBV_transformedlymphocytes	Cells_EBV_transformedlymphocytes	6.93
chr7	100584689	100584785	chr7	100584689	100584785	FBXO24	perfect	50	0.007643999999999997	0.05387114789486307	0	0.38095	0	0	1	Cells_EBV_transformedlymphocytes	Cells_EBV_transformedlymphocytes,Testis,Adipose_Subcutaneous	6.93,-0.119,-0.142	1	Cells_EBV_transformedlymphocytes	Cells_EBV_transformedlymphocytes	6.93
chr7	101236746	101236886	chr7	101236746	101236886	CLDN15	perfect	50	0.0895196	0.02646808266264738	0.02259	0.20794	0.08953	0.0250625	1	Testis	Testis,Nerve_Tibial,Brain_Spinalcord_cervicalc_1	4.474,1.579,0.996	1	Testis	Testis	4.474
chr7	101627478	101627481	chr7	101627478	101627524	MYL10	perfect	50	0.031248199999999993	0.12500437993453	0	0.53968	0	0	3	Bladder,Pituitary,Testis	Testis,Pituitary,Bladder	4.067,3.932,3.75	3	Bladder,Pituitary,Testis	Testis,Pituitary,Bladder	4.067,3.932,3.75
chr7	102285158	102285258	chr7	102284994	102285258	SH2B2	perfect	50	0.7732289999999999	0.07520024126779577	0.63855	1	0.758725	0.06677499999999992	3	Heart_AtrialAppendage,Heart_LeftVentricle,Liver	Heart_AtrialAppendage,Heart_LeftVentricle,Liver	3.016,3.016,3.016	3	Heart_AtrialAppendage,Heart_LeftVentricle,Liver	Heart_AtrialAppendage,Heart_LeftVentricle,Liver	3.016,3.016,3.016
chr7	102942289	102942300	chr7	102942289	102942342	LRRC17	perfect	50	0.0232738	0.03450826602483552	0	0.13793	0	0.043175	1	Cells_Culturedfibroblasts	Cells_Culturedfibroblasts,Artery_Coronary,Artery_Aorta	3.323,2.316,1.899	1	Cells_Culturedfibroblasts	Cells_Culturedfibroblasts	3.323
chr7	104845381	104845395	chr7	104845381	104845429	LHFPL3	perfect	50	0.0104684	0.026116759601482586	0	0.14286	0	0	1	Vagina	Vagina,Brain_Nucleusaccumbens_basalganglia,Brain_Cerebellum	5.069,2.853,1.975	1	Vagina	Vagina	5.069
chr7	105617791	105618097	chr7	105617791	105618097	ATXN7L1	perfect	50	0.1385778	0.04071272915771414	0.05336	0.26573	0.13825	0.0425875	1	WholeBlood	WholeBlood,Brain_Spinalcord_cervicalc_1,Spleen	3.123,2.304,1.689	1	WholeBlood	WholeBlood	3.123
chr7	106112478	106112529	chr7	106112478	106112589	SYPL1	perfect	50	0.0334568	0.09080462582480958	0	0.65816	0.016465	0.014357500000000002	1	Testis	Testis,Brain_Nucleusaccumbens_basalganglia,Brain_Hypothalamus	6.88,0.13,0.105	1	Testis	Testis	6.88
chr7	108026892	108026915	chr7	108026560	108026915	LAMB4	perfect	50	0.07091900000000002	0.20867723898501286	0	1	0	0.027102499999999998	2	MinorSalivaryGland,Muscle_Skeletal	MinorSalivaryGland,Muscle_Skeletal,Testis	4.452,4.452,2.105	2	MinorSalivaryGland,Muscle_Skeletal	MinorSalivaryGland,Muscle_Skeletal	4.452,4.452
chr7	114923458	114923493	chr7	114923458	114923665	MDFIC	perfect	50	0.0264016	0.023935979182573067	0	0.10928	0.026425	0.0381225	1	Esophagus_Muscularis	Esophagus_Muscularis,Brain_Cortex,Brain_Anteriorcingulatecortex_BA24	3.463,2.098,1.602	1	Esophagus_Muscularis	Esophagus_Muscularis	3.463
chr7	115968184	115968250	chr7	115968184	115968313	TFEC	perfect	50	0.07386739999999999	0.135070556510141	0	0.52239	0	0.072115	2	Brain_Cerebellum,Kidney_Cortex	Kidney_Cortex,Brain_Cerebellum,Brain_Anteriorcingulatecortex_BA24	3.321,3.155,2.229	2	Brain_Cerebellum,Kidney_Cortex	Kidney_Cortex,Brain_Cerebellum	3.321,3.155
chr7	116110707	116110905	chr7	116110707	116110926	TFEC	perfect	50	0.024114600000000007	0.07426087010955752	0	0.43243	0	0.007260000000000001	2	Cells_EBV_transformedlymphocytes,Testis	Cells_EBV_transformedlymphocytes,Testis,SmallIntestine_TerminalIleum	5.498,3.512,1.27	2	Cells_EBV_transformedlymphocytes,Testis	Cells_EBV_transformedlymphocytes,Testis	5.498,3.512
chr7	117020607	117020629	chr7	117020183	117020629	MIR6132,ST7	perfect	50	0.036083000000000004	0.09174588548300804	0	0.45722	0.002895	0.0161	2	Brain_CerebellarHemisphere,Brain_Cerebellum	Brain_CerebellarHemisphere,Brain_Cerebellum,Brain_FrontalCortex_BA9	4.59,4.263,1.673	2	Brain_CerebellarHemisphere,Brain_Cerebellum	Brain_CerebellarHemisphere,Brain_Cerebellum	4.59,4.263
chr7	117098814	117098815	chr7	117098612	117098815	ST7,ST7-OT4	perfect	50	0.030951199999999998	0.024536187987941237	0	0.11154	0.022975	0.031275	1	Pituitary	Pituitary,Muscle_Skeletal,Heart_AtrialAppendage	3.284,2.672,2.059	1	Pituitary	Pituitary	3.284
chr7	117755550	117755574	chr7	117755371	117755574	CTTNBP2	perfect	50	0.0716604	0.07877357958511888	0	0.44186	0.06743	0.09227	1	Testis	Testis,Skin_NotSunExposed_Suprapubic,Skin_SunExposed_Lowerleg	4.7,2.382,1.854	1	Testis	Testis	4.7
chr7	117786385	117786425	chr7	117786385	117786425	CTTNBP2	perfect	50	0.417866	0.17503245081051313	0	1	0.4	0.2730625	1	Cells_EBV_transformedlymphocytes	Cells_EBV_transformedlymphocytes,Brain_Nucleusaccumbens_basalganglia,Brain_Caudate_basalganglia	3.326,1.419,1.357	1	Cells_EBV_transformedlymphocytes	Cells_EBV_transformedlymphocytes	3.326
chr7	120740843	120740878	chr7	120740843	120740878	KCND2	perfect	50	0.0020834000000000004	0.014731862679240518	0	0.10417	0	0	1	Cells_Culturedfibroblasts	Cells_Culturedfibroblasts,Adipose_Subcutaneous,Adipose_Visceral_Omentum	6.93,-0.141,-0.141	1	Cells_Culturedfibroblasts	Cells_Culturedfibroblasts	6.93
chr7	121325415	121325480	chr7	121325366	121325480	WNT16	perfect	50	0.0794494	0.10366591716309322	0	0.44828	0.008405	0.125	1	Testis	Testis,Liver,Brain_CerebellarHemisphere	3.558,2.449,1.99	1	Testis	Testis	3.558
chr7	123544729	123544734	chr7	123544729	123544761	NDUFA5	perfect	50	0.022354200000000005	0.058418894416593904	0	0.25146	0	0.0093025	2	Cells_Culturedfibroblasts,Cells_EBV_transformedlymphocytes	Cells_Culturedfibroblasts,Cells_EBV_transformedlymphocytes,Testis	3.922,3.608,2.734	2	Cells_Culturedfibroblasts,Cells_EBV_transformedlymphocytes	Cells_Culturedfibroblasts,Cells_EBV_transformedlymphocytes	3.922,3.608
chr7	123544734	123544761	chr7	123544729	123544761	NDUFA5	perfect	50	0.3039918	0.03399622996445221	0.21968	0.40765	0.29976	0.026172499999999987	1	Cells_Culturedfibroblasts	Cells_Culturedfibroblasts,Cells_EBV_transformedlymphocytes,WholeBlood	3.049,2.846,2.456	1	Cells_Culturedfibroblasts	Cells_Culturedfibroblasts	3.049
chr7	123970197	123970245	chr7	123970197	123970296	SPAM1	perfect	50	0.0201394	0.14140467397537332	0	1	0	0	1	Muscle_Skeletal	Muscle_Skeletal,Testis,Adipose_Subcutaneous	6.929,-0.093,-0.142	1	Muscle_Skeletal	Muscle_Skeletal	6.929
chr7	129368494	129368551	chr7	129366826	129368894	AHCYL2,ENSG00000286722	perfect	50	0.0206888	0.0426721537859843	0	0.1882	0.007315	0.018000000000000002	2	Cells_EBV_transformedlymphocytes,Colon_Transverse	Colon_Transverse,Cells_EBV_transformedlymphocytes,Lung	3.926,3.863,2.863	2	Cells_EBV_transformedlymphocytes,Colon_Transverse	Colon_Transverse,Cells_EBV_transformedlymphocytes	3.926,3.863
chr7	130421942	130422007	chr7	130419033	130422007	CEP41	perfect	50	0.1184614	0.08693512338285278	0.01767	0.5	0.10791500000000001	0.10649250000000002	1	WholeBlood	WholeBlood,Liver,Esophagus_Mucosa	4.389,2.727,1.446	1	WholeBlood	WholeBlood	4.389
chr7	130441657	130441735	chr7	130441657	130441735	CEP41	perfect	50	0.008545800000000006	0.06042793130663998	0	0.42729	0	0	1	Testis	Testis,Adipose_Subcutaneous,Adipose_Visceral_Omentum	6.93,-0.141,-0.141	1	Testis	Testis	6.93
chr7	130442396	130442420	chr7	130442396	130442688	CEP41,ENSG00000299415	perfect	50	0.004539599999999998	0.03209981943874452	0	0.22698	0	0	1	MinorSalivaryGland	MinorSalivaryGland,Adipose_Subcutaneous,Adipose_Visceral_Omentum	6.93,-0.141,-0.141	1	MinorSalivaryGland	MinorSalivaryGland	6.93
chr7	132484818	132485013	chr7	132484757	132485013	PLXNA4	perfect	50	0.0038518000000000024	0.02723633899774344	0	0.19259	0	0	1	Testis	Testis,Adipose_Subcutaneous,Adipose_Visceral_Omentum	6.93,-0.141,-0.141	1	Testis	Testis	6.93
chr7	132886973	132886988	chr7	132886973	132886988	CHCHD3	perfect	50	0.064609	0.12175247275282973	0	0.45075	0	0.04656500000000001	1	Brain_CerebellarHemisphere	Brain_CerebellarHemisphere,Brain_Cerebellum,Brain_FrontalCortex_BA9	3.172,2.92,2.21	1	Brain_CerebellarHemisphere	Brain_CerebellarHemisphere	3.172
chr7	134891620	134891673	chr7	134891457	134891673	CALD1	perfect	50	0.1865792	0.0984110218615615	0.04444	0.56397	0.178305	0.1178775	1	Liver	Liver,Pituitary,Pancreas	3.835,1.752,1.579	1	Liver	Liver	3.835
chr7	135384677	135384731	chr7	135384289	135384731	CNOT4	perfect	50	0.047783400000000004	0.016098691493283496	0.02178	0.12526	0.04513	0.0152575	1	Muscle_Skeletal	Muscle_Skeletal,Ovary,Cells_Culturedfibroblasts	4.813,2.07,1.287	1	Muscle_Skeletal	Muscle_Skeletal	4.813
chr7	135388796	135388894	chr7	135386150	135388894	CNOT4	perfect	50	0.1196158	0.03444773160328913	0.06128	0.238	0.114665	0.038317500000000004	2	Muscle_Skeletal,Ovary	Muscle_Skeletal,Ovary,Breast_MammaryTissue	3.437,3.366,1.382	2	Muscle_Skeletal,Ovary	Muscle_Skeletal,Ovary	3.437,3.366
chr7	137545899	137545962	chr7	137545899	137545962	DGKI	perfect	50	0.003095199999999999	0.021886369091286023	0	0.15476	0	0	1	Testis	Testis,Adipose_Subcutaneous,Adipose_Visceral_Omentum	6.93,-0.141,-0.141	1	Testis	Testis	6.93
chr7	139371411	139371463	chr7	139371386	139371463	LUC7L2	perfect	50	0.3026884	0.1131054152578605	0.10071	0.65576	0.273525	0.15460999999999997	1	WholeBlood	WholeBlood,Brain_Amygdala,Brain_Hippocampus	3.122,1.572,1.478	1	WholeBlood	WholeBlood	3.122
chr7	144403656	144403693	chr7	144403656	144403795	NOBOX	perfect	50	0.01999999999999999	0.14142135623730948	0	1	0	0	1	Testis	Testis,Adipose_Subcutaneous,Adipose_Visceral_Omentum	6.93,-0.141,-0.141	1	Testis	Testis	6.93
chr7	144667725	144667846	chr7	144667725	144667846	TPK1	perfect	50	0.008112600000000001	0.024968235233052843	0	0.14815	0	0	1	Testis	Testis,Brain_FrontalCortex_BA9,WholeBlood	5.609,2.873,1.18	1	Testis	Testis	5.609
chr7	150330404	150331112	chr7	150328634	150332721	ENSG00000293476,ZBED10P	perfect	50	0.6585078	0.07259862536760119	0.54801	0.91823	0.6498250000000001	0.08557750000000008	1	AdrenalGland	AdrenalGland,Liver,Spleen	3.578,2.942,1.513	1	AdrenalGland	AdrenalGland	3.578
chr7	151011787	151011839	chr7	151011787	151012065	NOS3	perfect	50	0.0266752	0.05715211879372665	0	0.30905	0.01437	0.014199999999999997	2	Cells_Culturedfibroblasts,Cells_EBV_transformedlymphocytes	Cells_Culturedfibroblasts,Cells_EBV_transformedlymphocytes,WholeBlood	4.941,4.432,0.991	2	Cells_Culturedfibroblasts,Cells_EBV_transformedlymphocytes	Cells_Culturedfibroblasts,Cells_EBV_transformedlymphocytes	4.941,4.432
chr7	151031240	151031291	chr7	151031240	151031626	ABCB8	perfect	50	0.0982316	0.06472153388485291	0	0.31151	0.09739500000000001	0.09490499999999999	1	Liver	Liver,Kidney_Cortex,Esophagus_Mucosa	3.295,2.014,1.647	1	Liver	Liver	3.295
chr7	151037240	151037283	chr7	151037168	151037586	ABCB8	perfect	50	0.0939478	0.03606414683446649	0.02959	0.21959	0.08535000000000001	0.0474325	1	Cells_Culturedfibroblasts	Cells_Culturedfibroblasts,Cells_EBV_transformedlymphocytes,Esophagus_Mucosa	3.484,2.164,1.672	1	Cells_Culturedfibroblasts	Cells_Culturedfibroblasts	3.484
chr7	151037283	151037290	chr7	151037168	151037586	ABCB8	perfect	50	0.1146216	0.04476153224383999	0.03555	0.26146	0.108595	0.0617925	1	Cells_Culturedfibroblasts	Cells_Culturedfibroblasts,Cells_EBV_transformedlymphocytes,Esophagus_Mucosa	3.28,2.254,1.7	1	Cells_Culturedfibroblasts	Cells_Culturedfibroblasts	3.28
chr7	151037290	151037316	chr7	151037168	151037586	ABCB8	perfect	50	0.0939478	0.03606414683446649	0.02959	0.21959	0.08535000000000001	0.0474325	1	Cells_Culturedfibroblasts	Cells_Culturedfibroblasts,Cells_EBV_transformedlymphocytes,Esophagus_Mucosa	3.484,2.164,1.672	1	Cells_Culturedfibroblasts	Cells_Culturedfibroblasts	3.484
chr7	151062639	151062663	chr7	151062546	151063189	SLC4A2	perfect	50	0.039422	0.039925110864605255	0	0.1644	0.028715	0.04246	1	Stomach	Stomach,Liver,Pancreas	3.13,2.977,2.489	1	Stomach	Stomach	3.13
chr7	151735899	151735993	chr7	151735899	151736314	PRKAG2	perfect	50	0.0339404	0.07691996479139994	0	0.45313	0.014785	0.018467499999999998	2	Heart_AtrialAppendage,Testis	Heart_AtrialAppendage,Testis,Heart_LeftVentricle	5.45,3.076,1.891	2	Heart_AtrialAppendage,Testis	Heart_AtrialAppendage,Testis	5.45,3.076
chr7	155509720	155509735	chr7	155509720	155510162	CNPY1	perfect	50	0.0448698	0.16993871995744683	0	1	0	0	1	Brain_Substantianigra	Brain_Substantianigra,Brain_CerebellarHemisphere,Brain_Cerebellum	5.62,2.228,2.207	1	Brain_Substantianigra	Brain_Substantianigra	5.62
chr7	155806710	155806749	chr7	155806581	155806839	SHH	perfect	50	0.010399200000000003	0.03357751086786561	0	0.16667	0	0	2	Kidney_Cortex,Liver	Kidney_Cortex,Liver,SmallIntestine_TerminalIleum	4.654,4.153,2.121	2	Kidney_Cortex,Liver	Kidney_Cortex,Liver	4.654,4.153
chr7	158641466	158641554	chr7	158639795	158641554	NCAPG2	perfect	50	0.0697234	0.031702787208311996	0.01584	0.18111	0.059805	0.032964999999999994	1	Brain_Cerebellum	Brain_Cerebellum,Brain_CerebellarHemisphere,Brain_FrontalCortex_BA9	3.513,2.744,1.715	1	Brain_Cerebellum	Brain_Cerebellum	3.513
chr7	159096834	159097143	chr7	159096834	159097204	VIPR2	perfect	50	0.0237836	0.07027396788488403	0	0.32402	0	0	2	Heart_LeftVentricle,Testis	Testis,Heart_LeftVentricle,Heart_AtrialAppendage	4.272,3.136,2.987	2	Heart_LeftVentricle,Testis	Testis,Heart_LeftVentricle	4.272,3.136
chr8	1678981	1679044	chr8	1678981	1679044	DLGAP2	perfect	50	0.004617799999999997	0.027944114877478485	0	0.19505	0	0	1	Testis	Testis,Pituitary,Adipose_Subcutaneous	6.815,1.117,-0.165	1	Testis	Testis	6.815
chr8	1680547	1680699	chr8	1680547	1680840	DLGAP2	perfect	50	0.004617799999999997	0.027944114877478485	0	0.19505	0	0	1	Testis	Testis,Pituitary,Adipose_Subcutaneous	6.815,1.117,-0.165	1	Testis	Testis	6.815
chr8	6545461	6545479	chr8	6545461	6545713	MCPH1	perfect	50	0.0162904	0.023948087389865882	0	0.13575	0.01021	0.0239975	1	Testis	Testis,Artery_Tibial,Adipose_Subcutaneous	4.988,2.284,1.459	1	Testis	Testis	4.988
chr8	9772368	9772419	chr8	9772368	9772423	TNKS	perfect	50	0.0348702	0.042684774587572055	0	0.29564	0.028455	0.018634999999999995	1	Testis	Testis,Cells_EBV_transformedlymphocytes,Muscle_Skeletal	6.109,2.112,0.901	1	Testis	Testis	6.109
chr8	10337708	10337804	chr8	10337708	10337823	MSRA	perfect	50	0.0068768000000000015	0.04048220437653653	0	0.28044	0	0	1	Testis	Testis,WholeBlood,Adipose_Subcutaneous	6.758,1.396,-0.17	1	Testis	Testis	6.758
chr8	10496328	10496384	chr8	10494853	10496466	PRSS51	perfect	50	0.019422000000000002	0.06340305445548902	0	0.28786	0	0	2	Brain_CerebellarHemisphere,Brain_Cerebellum	Brain_CerebellarHemisphere,Brain_Cerebellum,Brain_FrontalCortex_BA9	4.234,3.955,2.238	2	Brain_CerebellarHemisphere,Brain_Cerebellum	Brain_CerebellarHemisphere,Brain_Cerebellum	4.234,3.955
chr8	10497772	10497883	chr8	10497711	10497971	PRSS51	perfect	50	0.002577000000000001	0.018222141751177333	0	0.12885	0	0	1	Testis	Testis,Adipose_Subcutaneous,Adipose_Visceral_Omentum	6.93,-0.141,-0.141	1	Testis	Testis	6.93
chr8	10497964	10497971	chr8	10497711	10497971	PRSS51	perfect	50	0.019960400000000007	0.06471852262888353	0	0.28786	0	0	2	Brain_CerebellarHemisphere,Brain_Cerebellum	Brain_CerebellarHemisphere,Brain_Cerebellum,Testis	4.139,3.866,2.574	2	Brain_CerebellarHemisphere,Brain_Cerebellum	Brain_CerebellarHemisphere,Brain_Cerebellum	4.139,3.866
chr8	10498615	10498808	chr8	10498615	10498808	PRSS51	perfect	50	0.019960400000000007	0.06471852262888353	0	0.28786	0	0	2	Brain_CerebellarHemisphere,Brain_Cerebellum	Brain_CerebellarHemisphere,Brain_Cerebellum,Testis	4.139,3.866,2.574	2	Brain_CerebellarHemisphere,Brain_Cerebellum	Brain_CerebellarHemisphere,Brain_Cerebellum	4.139,3.866
chr8	10517893	10517954	chr8	10517893	10518015	PRSS51	perfect	50	0.019960400000000007	0.06471852262888353	0	0.28786	0	0	2	Brain_CerebellarHemisphere,Brain_Cerebellum	Brain_CerebellarHemisphere,Brain_Cerebellum,Testis	4.139,3.866,2.574	2	Brain_CerebellarHemisphere,Brain_Cerebellum	Brain_CerebellarHemisphere,Brain_Cerebellum	4.139,3.866
chr8	13132943	13132980	chr8	13132943	13133474	DLC1	perfect	50	0.015679600000000002	0.018729315443432305	0	0.13447	0.01176	0.010974999999999999	1	Cells_Culturedfibroblasts	Cells_Culturedfibroblasts,Testis,Bladder	6.342,0.865,0.694	1	Cells_Culturedfibroblasts	Cells_Culturedfibroblasts	6.342
chr8	13276261	13276400	chr8	13276261	13276546	DLC1	perfect	50	0.0064464	0.01692280308715228	0	0.12136	0.00379	0.004955000000000001	1	Cells_Culturedfibroblasts	Cells_Culturedfibroblasts,Skin_SunExposed_Lowerleg,Stomach	6.79,0.29,0.286	1	Cells_Culturedfibroblasts	Cells_Culturedfibroblasts	6.79
chr8	17554945	17555082	chr8	17554945	17555082	SLC7A2	perfect	50	0.10881679999999998	0.27739167862274244	0	1	0	0.0036675	2	Cells_EBV_transformedlymphocytes,WholeBlood	Cells_EBV_transformedlymphocytes,WholeBlood,Liver	3.213,3.213,2.991	2	Cells_EBV_transformedlymphocytes,WholeBlood	Cells_EBV_transformedlymphocytes,WholeBlood	3.213,3.213
chr8	17675013	17675015	chr8	17674667	17675015	MTUS1	perfect	50	0.013986799999999999	0.01980006137281769	0	0.11209	0.00737	0.01418	1	Heart_AtrialAppendage	Heart_AtrialAppendage,Pancreas,Heart_LeftVentricle	4.955,2.328,2.194	1	Heart_AtrialAppendage	Heart_AtrialAppendage	4.955
chr8	17676275	17676329	chr8	17676275	17676494	MTUS1	perfect	50	0.014643	0.021017232312596074	0	0.11525	0.00737	0.01418	1	Heart_AtrialAppendage	Heart_AtrialAppendage,Pancreas,Heart_LeftVentricle	4.787,2.708,2.036	1	Heart_AtrialAppendage	Heart_AtrialAppendage	4.787
chr8	17721711	17721901	chr8	17721711	17722221	MTUS1	perfect	50	0.0071639999999999985	0.025080991338673433	0	0.13715	0	0.0010875	2	Brain_CerebellarHemisphere,Brain_Cerebellum	Brain_CerebellarHemisphere,Brain_Cerebellum,Brain_Anteriorcingulatecortex_BA24	5.183,4.301,0.489	2	Brain_CerebellarHemisphere,Brain_Cerebellum	Brain_CerebellarHemisphere,Brain_Cerebellum	5.183,4.301
chr8	17983232	17983289	chr8	17983232	17983289	PCM1	perfect	50	0.2642372	0.045368969393592515	0.14288	0.40848	0.262115	0.043072500000000014	1	Testis	Testis,Muscle_Skeletal,Heart_LeftVentricle	3.179,2.201,2.139	1	Testis	Testis	3.179
chr8	18216893	18216994	chr8	18216320	18216994	NAT1	perfect	50	0.0167658	0.029436223837930268	0	0.127	0	0.03885	1	Liver	Liver,Testis,Prostate	3.745,1.891,1.712	1	Liver	Liver	3.745
chr8	19084205	19084529	chr8	19084205	19084730	PSD3	perfect	50	0.0177942	0.04250855491761247	0	0.26139	0	0.0248075	1	Cells_Culturedfibroblasts	Cells_Culturedfibroblasts,Adipose_Subcutaneous,Spleen	5.731,1.987,1.625	1	Cells_Culturedfibroblasts	Cells_Culturedfibroblasts	5.731
chr8	22409945	22409954	chr8	22409945	22410115	SLC39A14	perfect	50	0.036789	0.11227132976292165	0	0.70644	0	0.007987500000000002	1	Liver	Liver,SmallIntestine_TerminalIleum,Colon_Transverse	5.965,1.76,1.702	1	Liver	Liver	5.965
chr8	22409954	22410115	chr8	22409945	22410115	SLC39A14	perfect	50	0.03665420000000001	0.11231218357755844	0	0.70644	0	0.007987500000000002	1	Liver	Liver,SmallIntestine_TerminalIleum,Colon_Transverse	5.964,1.761,1.702	1	Liver	Liver	5.964
chr8	22531301	22531328	chr8	22531301	22531328	PPP3CC	perfect	50	0.0169318	0.09043885989068264	0	0.62302	0	0	1	Muscle_Skeletal	Muscle_Skeletal,Heart_LeftVentricle,Heart_AtrialAppendage	6.702,1.396,0.702	1	Muscle_Skeletal	Muscle_Skeletal	6.702
chr8	22692301	22692341	chr8	22692301	22692414	EGR3	perfect	50	0.016125199999999996	0.06563993182476033	0	0.45735	0	0.00524	1	Testis	Testis,Cells_EBV_transformedlymphocytes,Nerve_Tibial	6.722,1.095,0.342	1	Testis	Testis	6.722
chr8	22692341	22692354	chr8	22692301	22692414	EGR3	perfect	50	0.008919199999999999	0.021756554709243984	0	0.12796	0	0.00524	1	Testis	Testis,Cells_EBV_transformedlymphocytes,Nerve_Tibial	5.471,2.368,1.362	1	Testis	Testis	5.471
chr8	22997072	22997089	chr8	22996772	22997089	RHOBTB2	perfect	50	0.1273972	0.07846794536078319	0.02689	0.48333	0.105595	0.06858249999999999	1	Liver	Liver,Kidney_Cortex,Pancreas	4.536,2.338,2.289	1	Liver	Liver	4.536
chr8	23425050	23425090	chr8	23425050	23425328	LOXL2	perfect	50	0.009263	0.029878714302448584	0	0.18966	0	0	1	Cells_EBV_transformedlymphocytes	Cells_EBV_transformedlymphocytes,Testis,Pituitary	6.038,1.853,1.457	1	Cells_EBV_transformedlymphocytes	Cells_EBV_transformedlymphocytes	6.038
chr8	24506090	24506156	chr8	24506090	24506156	ADAM7	perfect	50	0.0201266	0.14140591936358685	0	1	0	0	1	Kidney_Cortex	Kidney_Cortex,Testis,Adipose_Subcutaneous	6.93,-0.098,-0.142	1	Kidney_Cortex	Kidney_Cortex	6.93
chr8	24526754	24526778	chr8	24526754	24526970	ADAM7	perfect	50	0.01987339999999999	0.14052615905232732	0	0.99367	0	0	1	Testis	Testis,Adipose_Subcutaneous,Adipose_Visceral_Omentum	6.93,-0.141,-0.141	1	Testis	Testis	6.93
chr8	25858083	25858154	chr8	25858058	25858154	EBF2	perfect	50	0.0026665999999999986	0.01885570942712048	0	0.13333	0	0	1	Testis	Testis,Adipose_Subcutaneous,Adipose_Visceral_Omentum	6.93,-0.141,-0.141	1	Testis	Testis	6.93
chr8	27676568	27676597	chr8	27676568	27676776	SCARA3	perfect	50	0.0688554	0.036092635927624926	0	0.18341	0.06522	0.031244999999999988	1	Colon_Sigmoid	Colon_Sigmoid,Esophagus_Muscularis,Esophagus_GastroesophagealJunction	3.174,2.955,1.957	1	Colon_Sigmoid	Colon_Sigmoid	3.174
chr8	28465373	28465445	chr8	28465198	28465445	FBXO16	perfect	50	0.0290026	0.04282095499845364	0	0.2	0	0.0602225	1	Spleen	Spleen,Cells_EBV_transformedlymphocytes,Kidney_Cortex	3.993,1.936,1.88	1	Spleen	Spleen	3.993
chr8	29345369	29345529	chr8	29345369	29346074	DUSP4	perfect	50	0.030532599999999997	0.0619245087087199	0	0.39969	0.01346	0.037184999999999996	1	Testis	Testis,Prostate,Vagina	5.961,1.596,1.526	1	Testis	Testis	5.961
chr8	30095803	30095888	chr8	30095648	30095888	LEPROTL1	perfect	50	0.049578599999999994	0.08212109202356516	0	0.51223	0.021695	0.0764425	1	Testis	Testis,Liver,Spleen	5.634,2.199,1.053	1	Testis	Testis	5.634
chr8	30547291	30547420	chr8	30547291	30547522	RBPMS	perfect	50	0.3598684	0.08769430899460248	0.15882	0.63846	0.35805	0.10549249999999999	1	Cells_Culturedfibroblasts	Cells_Culturedfibroblasts,AdrenalGland,Brain_Substantianigra	3.177,1.8,1.526	1	Cells_Culturedfibroblasts	Cells_Culturedfibroblasts	3.177
chr8	30732295	30732370	chr8	30731528	30732370	UBXN8	perfect	50	0.0046488	0.01981120592400334	0	0.13009	0	0	1	Ovary	Ovary,Testis,Stomach	6.332,2.267,1.001	1	Ovary	Ovary	6.332
chr8	30888635	30888638	chr8	30888635	30888706	TEX15	perfect	50	0.017013	0.04490402964736493	0	0.16876	0	0	3	Brain_Hypothalamus,Pituitary,Testis	Testis,Pituitary,Brain_Hypothalamus	3.379,3.114,3.047	3	Brain_Hypothalamus,Pituitary,Testis	Testis,Pituitary,Brain_Hypothalamus	3.379,3.114,3.047
chr8	31639984	31640658	chr8	31639754	31640752	ENSG00000302325,NRG1	perfect	50	0.029717599999999997	0.06656891483788724	0	0.35185	0	0	1	Brain_Nucleusaccumbens_basalganglia	Brain_Nucleusaccumbens_basalganglia,Brain_CerebellarHemisphere,Pituitary	4.839,2.292,2.164	1	Brain_Nucleusaccumbens_basalganglia	Brain_Nucleusaccumbens_basalganglia	4.839
chr8	31640658	31640729	chr8	31639754	31640752	ENSG00000302325,NRG1	perfect	50	0.030774800000000005	0.06825723895944921	0	0.35185	0	0	1	Brain_Nucleusaccumbens_basalganglia	Brain_Nucleusaccumbens_basalganglia,Brain_CerebellarHemisphere,Pituitary	4.704,2.508,2.095	1	Brain_Nucleusaccumbens_basalganglia	Brain_Nucleusaccumbens_basalganglia	4.704
chr8	32722002	32722042	chr8	32721752	32722042	NRG1	perfect	50	0.0035494000000000016	0.01801314649280985	0	0.1085	0	0	2	Brain_CerebellarHemisphere,Brain_Cerebellum	Brain_Cerebellum,Brain_CerebellarHemisphere,Adipose_Subcutaneous	5.826,3.632,-0.197	1	Brain_Cerebellum	Brain_Cerebellum	5.826
chr8	32763217	32763335	chr8	32763217	32763359	NRG1	perfect	50	0.0136464	0.06520969668598031	0	0.43497	0	0	1	Testis	Testis,Cells_Culturedfibroblasts,Liver	6.461,2.286,0.248	1	Testis	Testis	6.461
chr8	35724261	35724292	chr8	35724150	35724292	UNC5D	perfect	50	0.0033018000000000027	0.021783286018300867	0	0.15385	0	0	1	Testis	Testis,Pituitary,Adipose_Subcutaneous	6.911,0.364,-0.152	1	Testis	Testis	6.911
chr8	37845704	37845774	chr8	37845685	37845790	BRF2	perfect	50	0.0329064	0.03554777456566626	0	0.18436	0.02889	0.047705000000000004	1	Cells_Culturedfibroblasts	Cells_Culturedfibroblasts,Brain_CerebellarHemisphere,Brain_Cerebellum	4.261,2.31,1.957	1	Cells_Culturedfibroblasts	Cells_Culturedfibroblasts	4.261
chr8	38264935	38264949	chr8	38264738	38265073	PLPP5	perfect	50	0.0453642	0.020308097217913962	0.01232	0.12668	0.03876	0.020187499999999997	1	Testis	Testis,Cells_Culturedfibroblasts,AdrenalGland	4.004,2.816,1.804	1	Testis	Testis	4.004
chr8	38397129	38397132	chr8	38396972	38397132	LETM2	perfect	50	0.003620999999999997	0.025604336546764885	0	0.18105	0	0	1	Testis	Testis,Adipose_Subcutaneous,Adipose_Visceral_Omentum	6.93,-0.141,-0.141	1	Testis	Testis	6.93
chr8	41306721	41306857	chr8	41306721	41306990	SFRP1	perfect	50	0.6245464	0.1033174611308786	0.26333	1	0.61696	0.06981250000000006	1	WholeBlood	WholeBlood,Liver,Kidney_Cortex	3.634,1.824,1.813	1	WholeBlood	WholeBlood	3.634
chr8	41957048	41957180	chr8	41957048	41958363	KAT6A	perfect	50	0.004793399999999998	0.020841400478815407	0	0.11131	0	0	2	Cells_EBV_transformedlymphocytes,WholeBlood	WholeBlood,Cells_EBV_transformedlymphocytes,Cells_Culturedfibroblasts	5.111,4.474,0.604	1	WholeBlood	WholeBlood	5.111
chr8	42354493	42354521	chr8	42354416	42354521	POLB	perfect	50	0.0428208	0.023700169192541688	0.01121	0.13206	0.03795	0.024227500000000003	1	Cells_EBV_transformedlymphocytes	Cells_EBV_transformedlymphocytes,Cells_Culturedfibroblasts,Testis	3.765,2.694,1.883	1	Cells_EBV_transformedlymphocytes	Cells_EBV_transformedlymphocytes	3.765
chr8	42396677	42396680	chr8	42396655	42397599	VDAC3	perfect	50	0.089334	0.07543984899458993	0.02732	0.3724	0.05555	0.046099999999999995	1	Muscle_Skeletal	Muscle_Skeletal,Brain_CerebellarHemisphere,Heart_AtrialAppendage	3.752,2.341,2.023	1	Muscle_Skeletal	Muscle_Skeletal	3.752
chr8	43000270	43000276	chr8	43000270	43000276	HOOK3	perfect	50	0.0600034	0.09839461980500472	0	0.587	0.038599999999999995	0.0720175	1	Testis	Testis,Esophagus_Mucosa,Cells_EBV_transformedlymphocytes	5.356,1.82,1.726	1	Testis	Testis	5.356
chr8	43180575	43180738	chr8	43180288	43180738	HGSNAT	perfect	50	0.01131	0.014949488968127417	0	0.10927	0.009705	0.005325	1	Liver	Liver,Kidney_Cortex,Muscle_Skeletal	6.553,1.339,0.511	1	Liver	Liver	6.553
chr8	51850062	51850086	chr8	51848944	51850086	PCMTD1	perfect	50	0.1005788	0.03350608495695755	0.05128	0.22642	0.098045	0.03513000000000001	1	WholeBlood	WholeBlood,Skin_SunExposed_Lowerleg,Skin_NotSunExposed_Suprapubic	3.756,2.109,1.866	1	WholeBlood	WholeBlood	3.756
chr8	54679496	54679595	chr8	54679419	54679627	RP1	perfect	50	0.016960600000000006	0.06068510288264783	0	0.28571	0	0	3	Kidney_Cortex,Lung,Stomach	Kidney_Cortex,Stomach,Lung	4.429,3.644,3.124	3	Kidney_Cortex,Lung,Stomach	Kidney_Cortex,Stomach,Lung	4.429,3.644,3.124
chr8	54770122	54770167	chr8	54770122	54770167	RP1	perfect	50	0.016960600000000006	0.06068510288264783	0	0.28571	0	0	3	Kidney_Cortex,Lung,Stomach	Kidney_Cortex,Stomach,Lung	4.429,3.644,3.124	3	Kidney_Cortex,Lung,Stomach	Kidney_Cortex,Stomach,Lung	4.429,3.644,3.124
chr8	54783546	54783710	chr8	54783546	54783710	RP1	perfect	50	0.016960600000000006	0.06068510288264783	0	0.28571	0	0	3	Kidney_Cortex,Lung,Stomach	Kidney_Cortex,Stomach,Lung	4.429,3.644,3.124	3	Kidney_Cortex,Lung,Stomach	Kidney_Cortex,Stomach,Lung	4.429,3.644,3.124
chr8	54837449	54837669	chr8	54837449	54837669	RP1	perfect	50	0.016960600000000006	0.06068510288264783	0	0.28571	0	0	3	Kidney_Cortex,Lung,Stomach	Kidney_Cortex,Stomach,Lung	4.429,3.644,3.124	3	Kidney_Cortex,Lung,Stomach	Kidney_Cortex,Stomach,Lung	4.429,3.644,3.124
chr8	54852573	54852728	chr8	54852573	54852728	RP1	perfect	50	0.016960600000000006	0.06068510288264783	0	0.28571	0	0	3	Kidney_Cortex,Lung,Stomach	Kidney_Cortex,Stomach,Lung	4.429,3.644,3.124	3	Kidney_Cortex,Lung,Stomach	Kidney_Cortex,Stomach,Lung	4.429,3.644,3.124
chr8	54857027	54857106	chr8	54857027	54857106	RP1	perfect	50	0.016960600000000006	0.06068510288264783	0	0.28571	0	0	3	Kidney_Cortex,Lung,Stomach	Kidney_Cortex,Stomach,Lung	4.429,3.644,3.124	3	Kidney_Cortex,Lung,Stomach	Kidney_Cortex,Stomach,Lung	4.429,3.644,3.124
chr8	54865834	54865916	chr8	54865834	54865916	RP1	perfect	50	0.016960600000000006	0.06068510288264783	0	0.28571	0	0	3	Kidney_Cortex,Lung,Stomach	Kidney_Cortex,Stomach,Lung	4.429,3.644,3.124	3	Kidney_Cortex,Lung,Stomach	Kidney_Cortex,Stomach,Lung	4.429,3.644,3.124
chr8	54869842	54869939	chr8	54869842	54871720	RP1	perfect	50	0.016960600000000006	0.06068510288264783	0	0.28571	0	0	3	Kidney_Cortex,Lung,Stomach	Kidney_Cortex,Stomach,Lung	4.429,3.644,3.124	3	Kidney_Cortex,Lung,Stomach	Kidney_Cortex,Stomach,Lung	4.429,3.644,3.124
chr8	56303966	56304084	chr8	56303937	56304084	SDR16C5	perfect	50	0.0988426	0.1771365150110075	0	1	0.036495	0.0930975	1	Esophagus_GastroesophagealJunction	Esophagus_GastroesophagealJunction,Testis,Esophagus_Muscularis	5.087,1.899,1.559	1	Esophagus_GastroesophagealJunction	Esophagus_GastroesophagealJunction	5.087
chr8	58561747	58561795	chr8	58558340	58561795	SDCBP	perfect	50	0.0540842	0.020455683815686704	0.02139	0.13647	0.049055	0.020417499999999998	1	Liver	Liver,Brain_Putamen_basalganglia,Spleen	4.028,2.012,1.736	1	Liver	Liver	4.028
chr8	61661909	61661926	chr8	61656127	61661926	ASPH	perfect	50	0.042227799999999996	0.03187280180751646	0.01222	0.21087	0.03127	0.030702499999999997	1	WholeBlood	WholeBlood,Cells_EBV_transformedlymphocytes,Muscle_Skeletal	5.291,1.563,1.403	1	WholeBlood	WholeBlood	5.291
chr8	61665253	61665606	chr8	61662817	61665606	ASPH	perfect	50	0.0384904	0.12031822638252582	0.00463	0.74658	0.00952	0.0077625	1	Muscle_Skeletal	Muscle_Skeletal,Heart_LeftVentricle,Heart_AtrialAppendage	5.885,2.958,1.767	1	Muscle_Skeletal	Muscle_Skeletal	5.885
chr8	61668233	61668275	chr8	61668233	61668275	ASPH	perfect	50	0.0384904	0.12031822638252582	0.00463	0.74658	0.00952	0.0077625	1	Muscle_Skeletal	Muscle_Skeletal,Heart_LeftVentricle,Heart_AtrialAppendage	5.885,2.958,1.767	1	Muscle_Skeletal	Muscle_Skeletal	5.885
chr8	61676077	61676319	chr8	61675258	61676319	ASPH	perfect	50	0.0809908	0.14877036373511204	0	0.59694	0.00614	0.072115	1	Brain_CerebellarHemisphere	Brain_CerebellarHemisphere,Brain_Hypothalamus,Brain_FrontalCortex_BA9	3.468,2.784,2.534	1	Brain_CerebellarHemisphere	Brain_CerebellarHemisphere	3.468
chr8	61689672	61689688	chr8	61689672	61689849	ASPH	perfect	50	0.0963092	0.13454811766313896	0.01794	0.81611	0.044289999999999996	0.07722000000000001	1	Muscle_Skeletal	Muscle_Skeletal,Heart_LeftVentricle,Heart_AtrialAppendage	5.35,2.93,2.035	1	Muscle_Skeletal	Muscle_Skeletal	5.35
chr8	62945473	62945505	chr8	62945473	62946814	NKAIN3	perfect	50	0.059716399999999996	0.09480809404781643	0	0.4	0	0.14109	1	Cells_EBV_transformedlymphocytes	Cells_EBV_transformedlymphocytes,Pituitary,AdrenalGland	3.589,2.384,2.183	1	Cells_EBV_transformedlymphocytes	Cells_EBV_transformedlymphocytes	3.589
chr8	62945505	62945518	chr8	62945473	62946814	NKAIN3	perfect	50	0.0196828	0.07130484590224465	0	0.4	0	0	2	Cells_EBV_transformedlymphocytes,Pituitary	Cells_EBV_transformedlymphocytes,Pituitary,Prostate	5.334,3.731,1.727	2	Cells_EBV_transformedlymphocytes,Pituitary	Cells_EBV_transformedlymphocytes,Pituitary	5.334,3.731
chr8	65788881	65788941	chr8	65788881	65789084	PDE7A	perfect	50	0.4447952	0.045943716864735036	0.27255	0.59753	0.44943	0.0400875	1	Muscle_Skeletal	Muscle_Skeletal,Brain_FrontalCortex_BA9,Heart_LeftVentricle	3.324,1.406,0.881	1	Muscle_Skeletal	Muscle_Skeletal	3.324
chr8	68625576	68625655	chr8	68625458	68625655	C8orf34	perfect	50	0.010094200000000001	0.026462627331111818	0	0.17857	0	0.015515	1	Cells_Culturedfibroblasts	Cells_Culturedfibroblasts,Testis,Pituitary	6.367,1.485,0.54	1	Cells_Culturedfibroblasts	Cells_Culturedfibroblasts	6.367
chr8	68790814	68790873	chr8	68790814	68790873	C8orf34	perfect	50	0.010094200000000001	0.026462627331111818	0	0.17857	0	0.015515	1	Cells_Culturedfibroblasts	Cells_Culturedfibroblasts,Testis,Pituitary	6.367,1.485,0.54	1	Cells_Culturedfibroblasts	Cells_Culturedfibroblasts	6.367
chr8	68790990	68791011	chr8	68790990	68792571	C8orf34	perfect	50	0.010094200000000001	0.026462627331111818	0	0.17857	0	0.015515	1	Cells_Culturedfibroblasts	Cells_Culturedfibroblasts,Testis,Pituitary	6.367,1.485,0.54	1	Cells_Culturedfibroblasts	Cells_Culturedfibroblasts	6.367
chr8	73038705	73038795	chr8	73038705	73038804	TERF1	perfect	50	0.045074399999999994	0.04339363021815764	0	0.20261	0.039834999999999995	0.07192	1	Testis	Testis,Kidney_Cortex,SmallIntestine_TerminalIleum	3.63,1.953,1.922	1	Testis	Testis	3.63
chr8	73527687	73527690	chr8	73527368	73527804	STAU2	perfect	50	0.2183326	0.042005835202519486	0.12981	0.34637	0.21839999999999998	0.05872250000000001	1	Brain_Cerebellum	Brain_Cerebellum,Brain_CerebellarHemisphere,Pituitary	3.048,1.699,1.447	1	Brain_Cerebellum	Brain_Cerebellum	3.048
chr8	74488677	74488772	chr8	74488677	74488879	GDAP1	perfect	50	0.0033213999999999987	0.0222246127589597	0	0.15721	0	0	1	Testis	Testis,Pituitary,Brain_Spinalcord_cervicalc_1	6.924,0.059,0.04	1	Testis	Testis	6.924
chr8	78711989	78712106	chr8	78711989	78712106	ZC2HC1A	perfect	50	0.1289892	0.060529800110257735	0	0.38477	0.12994	0.07211249999999997	1	Testis	Testis,Cells_EBV_transformedlymphocytes,Spleen	4.226,1.424,1.385	1	Testis	Testis	4.226
chr8	79663579	79663660	chr8	79663579	79663661	STMN2	perfect	50	0.0022010000000000016	0.015425115651337687	0	0.10909	0	0	1	Testis	Testis,Brain_CerebellarHemisphere,Brain_Cerebellum	6.93,-0.112,-0.119	1	Testis	Testis	6.93
chr8	80485783	80485879	chr8	80484560	80485883	ENSG00000251867,Y_RNA,ZBTB10	perfect	50	0.1340548	0.08121687075267764	0	0.54795	0.12342500000000001	0.06527	1	Testis	Testis,Cells_EBV_transformedlymphocytes,Cells_Culturedfibroblasts	5.096,1.757,1.355	1	Testis	Testis	5.096
chr8	87428545	87428613	chr8	87428545	87428613	CNBD1	perfect	50	0.0036946	0.026124767137718188	0	0.18473	0	0	1	Testis	Testis,Adipose_Subcutaneous,Adipose_Visceral_Omentum	6.93,-0.141,-0.141	1	Testis	Testis	6.93
chr8	87471247	87471307	chr8	87471247	87471307	CNBD1	perfect	50	0.0036946	0.026124767137718188	0	0.18473	0	0	1	Testis	Testis,Adipose_Subcutaneous,Adipose_Visceral_Omentum	6.93,-0.141,-0.141	1	Testis	Testis	6.93
chr8	87487587	87487701	chr8	87487587	87487743	CNBD1	perfect	50	0.003449600000000002	0.02439235552381114	0	0.17248	0	0	1	Testis	Testis,Adipose_Subcutaneous,Adipose_Visceral_Omentum	6.93,-0.141,-0.141	1	Testis	Testis	6.93
chr8	92062545	92062552	chr8	92062545	92062963	RUNX1T1	perfect	50	0.0406938	0.06285656973407548	0	0.40141	0.042225	0.06397499999999999	1	Cells_Culturedfibroblasts	Cells_Culturedfibroblasts,Brain_Nucleusaccumbens_basalganglia,Brain_CerebellarHemisphere	5.739,1.186,0.859	1	Cells_Culturedfibroblasts	Cells_Culturedfibroblasts	5.739
chr8	93791881	93792004	chr8	93791881	93792004	TMEM67	perfect	50	0.008262799999999999	0.019356270727849307	0	0.10299	0	0.013265	2	Cells_Culturedfibroblasts,Cells_EBV_transformedlymphocytes	Cells_Culturedfibroblasts,Cells_EBV_transformedlymphocytes,Artery_Coronary	4.894,3.688,1.085	1	Cells_Culturedfibroblasts	Cells_Culturedfibroblasts	4.894
chr8	94744342	94744382	chr8	94744342	94745084	DPY19L4	perfect	50	0.0993074	0.038769964695493285	0.0339	0.27121	0.08847	0.03323000000000001	1	Testis	Testis,Pituitary,WholeBlood	4.434,2.023,1.99	1	Testis	Testis	4.434
chr8	94744484	94744530	chr8	94744342	94745084	DPY19L4	perfect	50	0.0539556	0.029641159067370203	0	0.20556	0.049235	0.0139325	1	Testis	Testis,Cells_EBV_transformedlymphocytes,Pituitary	5.115,2.445,1.986	1	Testis	Testis	5.115
chr8	98883753	98883756	chr8	98878897	98883834	STK3	perfect	50	0.0208306	0.0384551015914425	0	0.1846	0.003105	0.0257175	2	Ovary,Uterus	Uterus,Ovary,Vagina	4.259,4.001,1.764	2	Ovary,Uterus	Uterus,Ovary	4.259,4.001
chr8	99507769	99507911	chr8	99507769	99507911	VPS13B	perfect	50	0.044421	0.03675805374752753	0	0.20349	0.04052	0.0360725	1	Muscle_Skeletal	Muscle_Skeletal,Brain_Cerebellum,Brain_Cortex	4.327,2.624,1.532	1	Muscle_Skeletal	Muscle_Skeletal	4.327
chr8	100618330	100618354	chr8	100618330	100618393	SNX31	perfect	50	0.016563599999999994	0.11712233880861499	0	0.82818	0	0	1	Testis	Testis,Adipose_Subcutaneous,Adipose_Visceral_Omentum	6.93,-0.141,-0.141	1	Testis	Testis	6.93
chr8	102238558	102238775	chr8	102238440	102238797	RRM2B	perfect	50	0.013844	0.024736536556606438	0	0.1376	0.009415	0.0145275	2	Cells_Culturedfibroblasts,Cells_EBV_transformedlymphocytes	Cells_Culturedfibroblasts,Cells_EBV_transformedlymphocytes,Artery_Tibial	5.003,4.208,0.499	2	Cells_Culturedfibroblasts,Cells_EBV_transformedlymphocytes	Cells_Culturedfibroblasts,Cells_EBV_transformedlymphocytes	5.003,4.208
chr8	102653469	102653472	chr8	102653469	102654375	ENSG00000283959,KLF10	perfect	50	0.026636	0.023354569888864956	0.00518	0.13367	0.02017	0.0081525	2	Brain_CerebellarHemisphere,Testis	Testis,Brain_CerebellarHemisphere,Brain_Cerebellum	4.583,3.556,2.741	2	Brain_CerebellarHemisphere,Testis	Testis,Brain_CerebellarHemisphere	4.583,3.556
chr8	103200657	103200762	chr8	103200657	103200762	BAALC	perfect	50	0.1062514	0.08014615228800087	0	0.36242	0.1231	0.1364225	1	Liver	Liver,Lung,Spleen	3.196,1.435,1.32	1	Liver	Liver	3.196
chr8	103372551	103372659	chr8	103372432	103372659	CTHRC1	perfect	50	0.020133199999999997	0.07282267174557153	0	0.5	0	0.009174999999999999	1	Cells_EBV_transformedlymphocytes	Cells_EBV_transformedlymphocytes,Testis,Cells_Culturedfibroblasts	6.59,1.136,0.968	1	Cells_EBV_transformedlymphocytes	Cells_EBV_transformedlymphocytes	6.59
chr8	103489696	103489697	chr8	103489696	103489849	ENSG00000253477,ENSG00000285982	perfect	50	0.019999999999999993	0.14142135623730948	0	1	0	0	1	Pituitary	Pituitary,Adipose_Subcutaneous,Adipose_Visceral_Omentum	6.93,-0.141,-0.141	1	Pituitary	Pituitary	6.93
chr8	103809279	103809321	chr8	103809279	103809321	RIMS2	perfect	50	0.0504538	0.08478517414414538	0	0.36364	0	0.0815575	2	Testis,Thyroid	Thyroid,Testis,Bladder	3.694,3.256,2.236	2	Testis,Thyroid	Thyroid,Testis	3.694,3.256
chr8	103880657	103880689	chr8	103880416	103880689	RIMS2	perfect	50	0.011493999999999999	0.029887397589851768	0	0.16735	0	0.008557500000000001	1	Testis	Testis,Bladder,Pituitary	5.215,2.738,2.624	1	Testis	Testis	5.215
chr8	103927841	103927889	chr8	103927841	103927889	RIMS2	perfect	50	0.0200498	0.038543704983261984	0	0.22041	0	0.0339825	1	Testis	Testis,Bladder,Pituitary	5.198,1.901,1.813	1	Testis	Testis	5.198
chr8	104015423	104015456	chr8	104015423	104015456	RIMS2	perfect	50	0.041093	0.06599431426498892	0	0.28163	0	0.067255	1	Testis	Testis,Brain_Cerebellum,Pituitary	3.645,2.72,2.14	1	Testis	Testis	3.645
chr8	104031679	104031769	chr8	104031679	104031769	RIMS2	perfect	50	0.022669000000000005	0.03923662747630442	0	0.18353	0	0.041735	1	Brain_Cerebellum	Brain_Cerebellum,Brain_CerebellarHemisphere,Testis	4.1,2.689,2.335	1	Brain_Cerebellum	Brain_Cerebellum	4.1
chr8	104033659	104033698	chr8	104033659	104033698	RIMS2	perfect	50	0.022669000000000005	0.03923662747630442	0	0.18353	0	0.041735	1	Brain_Cerebellum	Brain_Cerebellum,Brain_CerebellarHemisphere,Testis	4.1,2.689,2.335	1	Brain_Cerebellum	Brain_Cerebellum	4.1
chr8	104094477	104094729	chr8	104094477	104094729	RIMS2	perfect	50	0.011493999999999999	0.029887397589851768	0	0.16735	0	0.008557500000000001	1	Testis	Testis,Bladder,Pituitary	5.215,2.738,2.624	1	Testis	Testis	5.215
chr8	106448022	106448048	chr8	106447923	106448048	OXR1	perfect	50	0.016631199999999995	0.0452150984192363	0	0.26584	0	0.0096625	1	Testis	Testis,Muscle_Skeletal,Cells_EBV_transformedlymphocytes	5.512,2.221,2.063	1	Testis	Testis	5.512
chr8	109563396	109563535	chr8	109563396	109563535	EBAG9	perfect	50	0.0593732	0.021614413127752117	0	0.125	0.062265	0.024569999999999995	1	Cells_Culturedfibroblasts	Cells_Culturedfibroblasts,Cells_EBV_transformedlymphocytes,AdrenalGland	3.036,2.669,1.181	1	Cells_Culturedfibroblasts	Cells_Culturedfibroblasts	3.036
chr8	109607910	109607947	chr8	109607910	109608075	SYBU	perfect	50	0.006569200000000001	0.01720058943460831	0	0.10182	0	0.0046925000000000005	1	Testis	Testis,Brain_Nucleusaccumbens_basalganglia,Brain_Caudate_basalganglia	5.538,2.171,1.896	1	Testis	Testis	5.538
chr8	113376737	113376795	chr8	113376668	113377026	CSMD3,ENSG00000227514,ENSG00000295875	perfect	50	0.0034507999999999987	0.024400840805185384	0	0.17254	0	0	1	Testis	Testis,Adipose_Subcutaneous,Adipose_Visceral_Omentum	6.93,-0.141,-0.141	1	Testis	Testis	6.93
chr8	115492187	115492221	chr8	115492187	115492221	TRPS1	perfect	50	0.10680680000000001	0.1246284400084458	0	0.6601	0.080625	0.1757225	1	Testis	Testis,WholeBlood,Skin_NotSunExposed_Suprapubic	4.44,1.925,1.063	1	Testis	Testis	4.44
chr8	119595846	119596002	chr8	119595846	119596002	ENPP2	perfect	50	0.0296814	0.02878655787562192	0	0.14343	0.035295	0.0467025	1	Cells_Culturedfibroblasts	Cells_Culturedfibroblasts,Artery_Aorta,Skin_NotSunExposed_Suprapubic	3.951,1.445,1.201	1	Cells_Culturedfibroblasts	Cells_Culturedfibroblasts	3.951
chr8	123735754	123735877	chr8	123735754	123735877	ANXA13	perfect	50	0.041110400000000005	0.12475742425186241	0	0.43891	0	0	2	Kidney_Cortex,Testis	Testis,Kidney_Cortex,SmallIntestine_TerminalIleum	3.189,3.082,2.981	2	Kidney_Cortex,Testis	Testis,Kidney_Cortex	3.189,3.082
chr8	132321444	132321503	chr8	132321444	132321545	KCNQ3	perfect	50	0.0024138000000000002	0.017068143484280887	0	0.12069	0	0	1	Cells_Culturedfibroblasts	Cells_Culturedfibroblasts,Adipose_Subcutaneous,Adipose_Visceral_Omentum	6.93,-0.141,-0.141	1	Cells_Culturedfibroblasts	Cells_Culturedfibroblasts	6.93
chr8	132608439	132608553	chr8	132608404	132608553	DNAAF11	perfect	50	0.0098656	0.021850007066734015	0	0.10891	0	0.0050025	1	WholeBlood	WholeBlood,Cells_Culturedfibroblasts,Spleen	4.533,2.545,2.232	1	WholeBlood	WholeBlood	4.533
chr8	135458179	135458183	chr8	135458086	135458183	KHDRBS3	perfect	50	0.110749	0.06771856301288895	0	0.3152	0.12759500000000001	0.08650999999999998	1	Testis	Testis,Bladder,Cells_Culturedfibroblasts	3.019,1.831,1.701	1	Testis	Testis	3.019
chr8	139638022	139638053	chr8	139638022	139638053	KCNK9	perfect	50	0.0208334	0.1414238715757329	0	1	0	0	1	Muscle_Skeletal	Muscle_Skeletal,Pituitary,Adipose_Subcutaneous	6.924,0.147,-0.147	1	Muscle_Skeletal	Muscle_Skeletal	6.924
chr8	140511917	140511981	chr8	140511917	140512025	CHRAC1	perfect	50	0.0324248	0.024880355273400177	0.00495	0.12978	0.022824999999999998	0.03287	2	Brain_CerebellarHemisphere,Brain_Cerebellum	Brain_Cerebellum,Brain_CerebellarHemisphere,Brain_Cortex	3.913,3.099,1.625	2	Brain_CerebellarHemisphere,Brain_Cerebellum	Brain_Cerebellum,Brain_CerebellarHemisphere	3.913,3.099
chr8	140511981	140512025	chr8	140511917	140512025	CHRAC1	perfect	50	0.0414724	0.028516483422321038	0.00495	0.12978	0.032534999999999994	0.0340375	1	Brain_Cerebellum	Brain_Cerebellum,Brain_CerebellarHemisphere,Brain_Spinalcord_cervicalc_1	3.097,2.386,1.873	1	Brain_Cerebellum	Brain_Cerebellum	3.097
chr8	142877756	142877834	chr8	142877756	142877834	CYP11B1	perfect	50	0.0026360000000000003	0.01529640373901455	0	0.10544	0	0	1	AdrenalGland	AdrenalGland,Testis,Adipose_Subcutaneous	6.721,1.551,-0.172	1	AdrenalGland	AdrenalGland	6.721
chr8	142879345	142879480	chr8	142879345	142879483	CYP11B1	perfect	50	0.0026360000000000003	0.01529640373901455	0	0.10544	0	0	1	AdrenalGland	AdrenalGland,Testis,Adipose_Subcutaneous	6.721,1.551,-0.172	1	AdrenalGland	AdrenalGland	6.721
chr8	142913962	142914045	chr8	142913962	142914045	GML	perfect	50	0.0030912	0.021858084820038558	0	0.15456	0	0	1	Testis	Testis,Adipose_Subcutaneous,Adipose_Visceral_Omentum	6.93,-0.141,-0.141	1	Testis	Testis	6.93
chr8	142916415	142916506	chr8	142916415	142916506	GML	perfect	50	0.0030912	0.021858084820038558	0	0.15456	0	0	1	Testis	Testis,Adipose_Subcutaneous,Adipose_Visceral_Omentum	6.93,-0.141,-0.141	1	Testis	Testis	6.93
chr8	143737646	143738234	chr8	143737646	143738234	FAM83H	perfect	50	0.022817999999999998	0.03449682736077599	0	0.2114	0.01679	0.03669	1	Testis	Testis,Lung,Brain_Nucleusaccumbens_basalganglia	5.467,1.215,1.2	1	Testis	Testis	5.467
chr8	143944647	143944663	chr8	143944647	143944737	PLEC	perfect	50	0.0894744	0.07031838709696323	0.0011	0.33732	0.079365	0.051684999999999995	3	Brain_CerebellarHemisphere,Brain_Cerebellum,Muscle_Skeletal	Brain_CerebellarHemisphere,Brain_Cerebellum,Muscle_Skeletal	3.525,3.283,3.056	3	Brain_CerebellarHemisphere,Brain_Cerebellum,Muscle_Skeletal	Brain_CerebellarHemisphere,Brain_Cerebellum,Muscle_Skeletal	3.525,3.283,3.056
chr8	143973402	143973472	chr8	143973402	143973529	PLEC	perfect	50	0.055678	0.046001664388700236	0	0.2011	0.04574	0.0338675	1	Esophagus_Muscularis	Esophagus_Muscularis,Colon_Sigmoid,Esophagus_GastroesophagealJunction	3.161,2.97,2.558	1	Esophagus_Muscularis	Esophagus_Muscularis	3.161
chr8	144063699	144063934	chr8	144063699	144064230	ENSG00000308199,OPLAH	perfect	50	0.0108542	0.031422306394388956	0	0.21986	0	0.01574	1	Testis	Testis,Brain_Amygdala,Brain_Caudate_basalganglia	6.652,0.505,0.401	1	Testis	Testis	6.652
chr8	144212993	144213118	chr8	144212993	144213467	MROH1	perfect	50	0.0407026	0.036220728241250624	0.00803	0.18782	0.03203	0.0303675	2	Cells_Culturedfibroblasts,Cells_EBV_transformedlymphocytes	Cells_EBV_transformedlymphocytes,Cells_Culturedfibroblasts,WholeBlood	4.062,3.7,2.163	2	Cells_Culturedfibroblasts,Cells_EBV_transformedlymphocytes	Cells_EBV_transformedlymphocytes,Cells_Culturedfibroblasts	4.062,3.7
chr8	144528267	144528372	chr8	144528267	144528556	C8orf82	perfect	50	0.0920708	0.03354798663869717	0.03401	0.19655	0.0895	0.039895000000000014	1	Nerve_Tibial	Nerve_Tibial,Testis,Esophagus_Mucosa	3.114,2.529,1.762	1	Nerve_Tibial	Nerve_Tibial	3.114
chr8	144528372	144528471	chr8	144528267	144528556	C8orf82	perfect	50	0.09213640000000001	0.033549914854966625	0.03401	0.19655	0.0895	0.039895000000000014	1	Nerve_Tibial	Nerve_Tibial,Testis,Esophagus_Mucosa	3.112,2.526,1.76	1	Nerve_Tibial	Nerve_Tibial	3.112
chr8	144528471	144528556	chr8	144528267	144528556	C8orf82	perfect	50	0.0920708	0.03354798663869717	0.03401	0.19655	0.0895	0.039895000000000014	1	Nerve_Tibial	Nerve_Tibial,Testis,Esophagus_Mucosa	3.114,2.529,1.762	1	Nerve_Tibial	Nerve_Tibial	3.114
chr8	144838007	144838162	chr8	144837977	144838848	COMMD5,ZNF7	perfect	50	0.2350638	0.09242544783615757	0.09069	0.52514	0.21355000000000002	0.08951000000000003	1	Brain_CerebellarHemisphere	Brain_CerebellarHemisphere,WholeBlood,Brain_Cerebellum	3.138,2.961,2.75	1	Brain_CerebellarHemisphere	Brain_CerebellarHemisphere	3.138
chr9	177722	177768	chr9	177722	177820	ZNG1A	perfect	50	0.0544402	0.04150180873806119	0	0.23156	0.0496	0.042050000000000004	1	Testis	Testis,Brain_Spinalcord_cervicalc_1,Spleen	4.268,2.559,1.624	1	Testis	Testis	4.268
chr9	314291	314315	chr9	314291	314466	DOCK8	perfect	50	0.008478999999999993	0.05167996549605534	0	0.36527	0	0	1	Testis	Testis,Cells_EBV_transformedlymphocytes,WholeBlood	6.904,0.383,0.027	1	Testis	Testis	6.904
chr9	2159816	2159909	chr9	2159671	2159909	SMARCA2	perfect	50	0.0225114	0.026795115836545244	0	0.1258	0.011765000000000001	0.022342499999999998	2	Cells_Culturedfibroblasts,Ovary	Ovary,Cells_Culturedfibroblasts,AdrenalGland	3.855,3.002,2.871	2	Cells_Culturedfibroblasts,Ovary	Ovary,Cells_Culturedfibroblasts	3.855,3.002
chr9	7076433	7076448	chr9	7076433	7077263	KDM4C	perfect	50	0.056824000000000006	0.03564885658068438	0.01326	0.16573	0.05283	0.03529000000000001	1	Skin_SunExposed_Lowerleg	Skin_SunExposed_Lowerleg,Adipose_Subcutaneous,Skin_NotSunExposed_Suprapubic	3.055,2.798,2.441	1	Skin_SunExposed_Lowerleg	Skin_SunExposed_Lowerleg	3.055
chr9	8454579	8454591	chr9	8454579	8454594	PTPRD	perfect	50	0.04735300000000001	0.13129189892552173	0	0.64578	0	0	2	Brain_CerebellarHemisphere,Brain_Cerebellum	Brain_CerebellarHemisphere,Brain_Cerebellum,Brain_FrontalCortex_BA9	4.558,3.269,2.39	2	Brain_CerebellarHemisphere,Brain_Cerebellum	Brain_CerebellarHemisphere,Brain_Cerebellum	4.558,3.269
chr9	8454591	8454594	chr9	8454579	8454594	PTPRD	perfect	50	0.010403000000000003	0.02942322789559156	0	0.1401	0	0	2	Brain_CerebellarHemisphere,Brain_Cerebellum	Brain_CerebellarHemisphere,Brain_Cerebellum,Brain_FrontalCortex_BA9	4.408,3.139,2.8	2	Brain_CerebellarHemisphere,Brain_Cerebellum	Brain_CerebellarHemisphere,Brain_Cerebellum	4.408,3.139
chr9	14102421	14102510	chr9	14102421	14102510	NFIB	perfect	50	0.5882076	0.11473874950957243	0.28477	1	0.5764	0.16062999999999994	1	WholeBlood	WholeBlood,Spleen,Brain_CerebellarHemisphere	3.589,1.924,1.217	1	WholeBlood	WholeBlood	3.589
chr9	14321940	14321958	chr9	14321940	14322338	NFIB	perfect	50	0.033918000000000004	0.04610109879605997	0	0.33333	0.024375	0.0105975	1	Cells_EBV_transformedlymphocytes	Cells_EBV_transformedlymphocytes,Cells_Culturedfibroblasts,Testis	6.495,1.764,0.707	1	Cells_EBV_transformedlymphocytes	Cells_EBV_transformedlymphocytes	6.495
chr9	15471209	15471231	chr9	15470635	15471311	PSIP1	perfect	50	0.189828	0.06570308783474646	0.08124	0.44176	0.17217500000000002	0.097995	1	Testis	Testis,Brain_Anteriorcingulatecortex_BA24,WholeBlood	3.834,1.512,1.352	1	Testis	Testis	3.834
chr9	16580125	16580148	chr9	16579790	16580148	BNC2	perfect	50	0.0199942	0.043282228482463374	0	0.25236	0	0.02302	1	Kidney_Cortex	Kidney_Cortex,Cells_Culturedfibroblasts,Skin_NotSunExposed_Suprapubic	5.369,1.818,1.518	1	Kidney_Cortex	Kidney_Cortex	5.369
chr9	18723017	18723060	chr9	18723017	18723917	ADAMTSL1	perfect	50	0.0366294	0.04457123564106596	0	0.22053	0.036114999999999994	0.049912500000000005	1	Testis	Testis,Skin_SunExposed_Lowerleg,Skin_NotSunExposed_Suprapubic	4.126,2.85,2.027	1	Testis	Testis	4.126
chr9	21969734	21969793	chr9	21969568	21969793	CDKN2A	perfect	50	0.0062064	0.0431091227979434	0	0.30489	0	0	1	Testis	Testis,Pituitary,Adipose_Subcutaneous	6.929,-0.018,-0.144	1	Testis	Testis	6.929
chr9	27036449	27036511	chr9	27036449	27036800	IFT74	perfect	50	0.0314194	0.015265232795005596	0	0.10841	0.02787	0.014027499999999998	1	Testis	Testis,Cells_EBV_transformedlymphocytes,Heart_LeftVentricle	5.044,1.477,1.18	1	Testis	Testis	5.044
chr9	33347662	33347737	chr9	33347662	33348723	NFX1	perfect	50	0.4335488	0.07598056837086167	0.28365	0.66582	0.43002	0.08136500000000002	1	Heart_LeftVentricle	Heart_LeftVentricle,Skin_SunExposed_Lowerleg,Skin_NotSunExposed_Suprapubic	3.057,1.872,1.505	1	Heart_LeftVentricle	Heart_LeftVentricle	3.057
chr9	33394271	33394277	chr9	33393796	33394277	AQP7	perfect	50	0.0208598	0.053045838840822666	0	0.35627	0	0.03328	1	Testis	Testis,Muscle_Skeletal,Esophagus_GastroesophagealJunction	6.323,0.953,0.74	1	Testis	Testis	6.323
chr9	33750833	33750852	chr9	33750820	33750852	PRSS3	perfect	50	0.013179999999999996	0.09317358730578411	0	0.65884	0	0	1	Testis	Testis,Pancreas,Adipose_Subcutaneous	6.93,-0.14,-0.141	1	Testis	Testis	6.93
chr9	33794797	33794873	chr9	33794745	33794873	PRSS3	perfect	50	0.0030226000000000003	0.01989844561768582	0	0.14079	0	0	1	Testis	Testis,Skin_NotSunExposed_Suprapubic,SmallIntestine_TerminalIleum	6.924,0.046,0.033	1	Testis	Testis	6.924
chr9	35371933	35371939	chr9	35371933	35371939	UNC13B	perfect	50	0.020628000000000007	0.07347844129194553	0	0.35645	0	0	2	Brain_CerebellarHemisphere,Brain_Cerebellum	Brain_Cerebellum,Brain_CerebellarHemisphere,Brain_FrontalCortex_BA9	4.57,4.447,1.526	2	Brain_CerebellarHemisphere,Brain_Cerebellum	Brain_Cerebellum,Brain_CerebellarHemisphere	4.57,4.447
chr9	35401950	35402007	chr9	35401950	35402007	UNC13B	perfect	50	0.11822500000000001	0.11055089311429074	0	0.51262	0.078875	0.05165500000000002	2	Brain_CerebellarHemisphere,Brain_Cerebellum	Brain_CerebellarHemisphere,Brain_Cerebellum,Brain_Cortex	3.568,3.29,2.503	2	Brain_CerebellarHemisphere,Brain_Cerebellum	Brain_CerebellarHemisphere,Brain_Cerebellum	3.568,3.29
chr9	36372495	36372593	chr9	36372495	36372593	RNF38	perfect	50	0.010827400000000008	0.07656127962619226	0	0.54137	0	0	1	Testis	Testis,Adipose_Subcutaneous,Adipose_Visceral_Omentum	6.93,-0.141,-0.141	1	Testis	Testis	6.93
chr9	40227357	40227406	chr9	40227183	40227710	ANKRD20A2P,FAM95B1	perfect	50	0.06343320000000001	0.20975648730149252	0	1	0	0	2	Brain_Cortex,Heart_AtrialAppendage	Brain_Cortex,Heart_AtrialAppendage,Testis	4.465,4.465,1.379	2	Brain_Cortex,Heart_AtrialAppendage	Brain_Cortex,Heart_AtrialAppendage	4.465,4.465
chr9	41171922	41171934	chr9	41171846	41171934	ZNG1F	perfect	50	0.024610800000000002	0.06989604966327218	0	0.3641	0	0.00315	2	AdrenalGland,Muscle_Skeletal	Muscle_Skeletal,AdrenalGland,Cells_Culturedfibroblasts	4.857,3.998,1.351	2	AdrenalGland,Muscle_Skeletal	Muscle_Skeletal,AdrenalGland	4.857,3.998
chr9	66110776	66111748	chr9	66109393	66111748	ANKRD20A3P,ENSG00000286945,ENSG00000290971	perfect	50	0.1019728	0.21083410268081512	0	0.75	0	0	1	Spleen	Spleen,Esophagus_Mucosa,Pituitary	3.074,2.995,2.481	1	Spleen	Spleen	3.074
chr9	66112918	66113052	chr9	66112918	66113099	ANKRD20A3P,ENSG00000286945,ENSG00000290971	perfect	50	0.1019728	0.21083410268081512	0	0.75	0	0	1	Spleen	Spleen,Esophagus_Mucosa,Pituitary	3.074,2.995,2.481	1	Spleen	Spleen	3.074
chr9	66113052	66113064	chr9	66112918	66113099	ANKRD20A3P,ENSG00000286945,ENSG00000290971	perfect	50	0.10324539999999997	0.21098584733665754	0	0.75	0	0	1	Spleen	Spleen,Esophagus_Mucosa,Pituitary	3.065,2.986,2.473	1	Spleen	Spleen	3.065
chr9	66113064	66113099	chr9	66112918	66113099	ANKRD20A3P,ENSG00000286945,ENSG00000290971	perfect	50	0.1034362	0.2110416675067765	0	0.75	0	0	1	Spleen	Spleen,Esophagus_Mucosa,Pituitary	3.064,2.985,2.471	1	Spleen	Spleen	3.064
chr9	66114526	66114690	chr9	66114526	66114690	ANKRD20A3P,ENSG00000290971	perfect	50	0.1034362	0.2110416675067765	0	0.75	0	0	1	Spleen	Spleen,Esophagus_Mucosa,Pituitary	3.064,2.985,2.471	1	Spleen	Spleen	3.064
chr9	66118748	66118819	chr9	66118748	66118928	ANKRD20A3P,ENSG00000290971	perfect	50	0.1034362	0.2110416675067765	0	0.75	0	0	1	Spleen	Spleen,Esophagus_Mucosa,Pituitary	3.064,2.985,2.471	1	Spleen	Spleen	3.064
chr9	66124794	66124867	chr9	66124628	66124867	ANKRD20A3P,ENSG00000290971	perfect	50	0.10324539999999997	0.21098584733665754	0	0.75	0	0	1	Spleen	Spleen,Esophagus_Mucosa,Pituitary	3.065,2.986,2.473	1	Spleen	Spleen	3.065
chr9	66124958	66124987	chr9	66124958	66124987	ANKRD20A3P,ENSG00000290971	perfect	50	0.10324539999999997	0.21098584733665754	0	0.75	0	0	1	Spleen	Spleen,Esophagus_Mucosa,Pituitary	3.065,2.986,2.473	1	Spleen	Spleen	3.065
chr9	66127695	66127777	chr9	66127695	66127780	ANKRD20A3P,ENSG00000290971	perfect	50	0.1034362	0.2110416675067765	0	0.75	0	0	1	Spleen	Spleen,Esophagus_Mucosa,Pituitary	3.064,2.985,2.471	1	Spleen	Spleen	3.064
chr9	66127777	66127780	chr9	66127695	66127780	ANKRD20A3P,ENSG00000290971	perfect	50	0.1019728	0.21083410268081512	0	0.75	0	0	1	Spleen	Spleen,Esophagus_Mucosa,Pituitary	3.074,2.995,2.481	1	Spleen	Spleen	3.074
chr9	66131727	66131797	chr9	66131727	66131823	ANKRD20A3P,ENSG00000290971	perfect	50	0.1034362	0.2110416675067765	0	0.75	0	0	1	Spleen	Spleen,Esophagus_Mucosa,Pituitary	3.064,2.985,2.471	1	Spleen	Spleen	3.064
chr9	66134483	66134514	chr9	66134483	66134514	ANKRD20A3P,ENSG00000290971	perfect	50	0.1034362	0.2110416675067765	0	0.75	0	0	1	Spleen	Spleen,Esophagus_Mucosa,Pituitary	3.064,2.985,2.471	1	Spleen	Spleen	3.064
chr9	66141061	66141117	chr9	66141061	66141117	ANKRD20A3P,ENSG00000290971	perfect	50	0.1034362	0.2110416675067765	0	0.75	0	0	1	Spleen	Spleen,Esophagus_Mucosa,Pituitary	3.064,2.985,2.471	1	Spleen	Spleen	3.064
chr9	66143714	66143852	chr9	66143714	66143852	ANKRD20A3P,ENSG00000290971	perfect	50	0.1034362	0.2110416675067765	0	0.75	0	0	1	Spleen	Spleen,Esophagus_Mucosa,Pituitary	3.064,2.985,2.471	1	Spleen	Spleen	3.064
chr9	66144898	66144957	chr9	66144898	66145005	ANKRD20A3P,ENSG00000290971	perfect	50	0.1034362	0.2110416675067765	0	0.75	0	0	1	Spleen	Spleen,Esophagus_Mucosa,Pituitary	3.064,2.985,2.471	1	Spleen	Spleen	3.064
chr9	66144957	66145005	chr9	66144898	66145005	ANKRD20A3P,ENSG00000290971	perfect	50	0.1019728	0.21083410268081512	0	0.75	0	0	1	Spleen	Spleen,Esophagus_Mucosa,Pituitary	3.074,2.995,2.481	1	Spleen	Spleen	3.074
chr9	66148888	66149062	chr9	66148583	66149062	ANKRD20A3P,ENSG00000290971	perfect	50	0.1019728	0.21083410268081512	0	0.75	0	0	1	Spleen	Spleen,Esophagus_Mucosa,Pituitary	3.074,2.995,2.481	1	Spleen	Spleen	3.074
chr9	66149224	66149339	chr9	66149136	66149339	ANKRD20A3P,ENSG00000290971	perfect	50	0.1019728	0.21083410268081512	0	0.75	0	0	1	Spleen	Spleen,Esophagus_Mucosa,Pituitary	3.074,2.995,2.481	1	Spleen	Spleen	3.074
chr9	66152651	66152854	chr9	66152651	66153258	ANKRD20A3P,ENSG00000290971	perfect	50	0.1019728	0.21083410268081512	0	0.75	0	0	1	Spleen	Spleen,Esophagus_Mucosa,Pituitary	3.074,2.995,2.481	1	Spleen	Spleen	3.074
chr9	69205170	69205233	chr9	69204797	69206261	TJP2	perfect	50	0.0294222	0.05165672519940197	0	0.2209	0.002865	0.0378475	1	Esophagus_Mucosa	Esophagus_Mucosa,MinorSalivaryGland,Testis	3.707,2.935,2.242	1	Esophagus_Mucosa	Esophagus_Mucosa	3.707
chr9	69758703	69758704	chr9	69757122	69758704	PTAR1	perfect	50	0.085926	0.045428705480485054	0.03079	0.32491	0.07233	0.044800000000000006	1	Testis	Testis,WholeBlood,Brain_Amygdala	5.261,2.168,0.974	1	Testis	Testis	5.261
chr9	71862583	71862607	chr9	71862451	71862607	ABHD17B	perfect	50	0.0376002	0.03329585642480495	0	0.20299	0.03056	0.023100000000000002	1	Testis	Testis,Cells_Culturedfibroblasts,Bladder	4.967,2.255,1.779	1	Testis	Testis	4.967
chr9	72072660	72072721	chr9	72072660	72072721	C9orf57	perfect	50	0.022837	0.14243115014501798	0	1	0	0	1	Cells_EBV_transformedlymphocytes	Cells_EBV_transformedlymphocytes,Testis,Adipose_Subcutaneous	6.861,0.836,-0.16	1	Cells_EBV_transformedlymphocytes	Cells_EBV_transformedlymphocytes	6.861
chr9	74615599	74615639	chr9	74615599	74615639	RORB	perfect	50	0.014650599999999991	0.07465933030555169	0	0.51351	0	0	1	Testis	Testis,Lung,Nerve_Tibial	6.682,1.478,0.538	1	Testis	Testis	6.682
chr9	75027052	75027099	chr9	75027052	75027099	CARNMT1	perfect	50	0.007649	0.0349739884246354	0	0.23321	0	0	1	Testis	Testis,Cells_EBV_transformedlymphocytes,Cells_Culturedfibroblasts	6.449,2.076,0.931	1	Testis	Testis	6.449
chr9	76625022	76625058	chr9	76625022	76625058	PRUNE2	perfect	50	0.0389704	0.025946180322084456	0	0.12611	0.036989999999999995	0.021487499999999996	2	Muscle_Skeletal,Testis	Testis,Muscle_Skeletal,Cells_Culturedfibroblasts	3.358,3.061,2.542	2	Muscle_Skeletal,Testis	Testis,Muscle_Skeletal	3.358,3.061
chr9	76692073	76692141	chr9	76691979	76693011	PCA3,PRUNE2	perfect	50	0.3604546	0.06036211838190424	0.23529	0.62542	0.35678	0.0519925	1	Brain_CerebellarHemisphere	Brain_CerebellarHemisphere,Brain_Cerebellum,Brain_FrontalCortex_BA9	4.39,2.769,1.129	1	Brain_CerebellarHemisphere	Brain_CerebellarHemisphere	4.39
chr9	77384584	77384680	chr9	77384584	77385191	VPS13A	perfect	50	0.0972216	0.04621840159900976	0.03448	0.2523	0.08052999999999999	0.06934000000000001	1	Testis	Testis,Brain_Putamen_basalganglia,Brain_Caudate_basalganglia	3.355,2.018,1.764	1	Testis	Testis	3.355
chr9	79573331	79573370	chr9	79573172	79573370	TLE4	perfect	50	0.0616644	0.020337648727301337	0	0.13333	0.063165	0.018415	1	Cells_Culturedfibroblasts	Cells_Culturedfibroblasts,Cells_EBV_transformedlymphocytes,Artery_Tibial	3.524,1.877,1.435	1	Cells_Culturedfibroblasts	Cells_Culturedfibroblasts	3.524
chr9	79707122	79707218	chr9	79707122	79707218	TLE4	perfect	50	0.007238399999999996	0.03292873568970496	0	0.22511	0	0	1	Testis	Testis,Heart_AtrialAppendage,Heart_LeftVentricle	6.616,1.479,0.782	1	Testis	Testis	6.616
chr9	83055547	83055683	chr9	83054659	83055683	RASEF	perfect	50	0.0997654	0.21504160295360789	0	1	0.023105	0.0591675	3	Brain_CerebellarHemisphere,Brain_Cerebellum,Cells_EBV_transformedlymphocytes	Cells_EBV_transformedlymphocytes,Brain_CerebellarHemisphere,Brain_Cerebellum	4.186,3.256,3.024	3	Brain_CerebellarHemisphere,Brain_Cerebellum,Cells_EBV_transformedlymphocytes	Cells_EBV_transformedlymphocytes,Brain_CerebellarHemisphere,Brain_Cerebellum	4.186,3.256,3.024
chr9	83267011	83267177	chr9	83267011	83267287	FRMD3	perfect	50	0.1312288	0.21827335896821057	0	0.83825	0.039615	0.12171750000000002	3	Heart_AtrialAppendage,Heart_LeftVentricle,Muscle_Skeletal	Muscle_Skeletal,Heart_AtrialAppendage,Heart_LeftVentricle	3.239,3.079,3.041	3	Heart_AtrialAppendage,Heart_LeftVentricle,Muscle_Skeletal	Muscle_Skeletal,Heart_AtrialAppendage,Heart_LeftVentricle	3.239,3.079,3.041
chr9	83331851	83331865	chr9	83331851	83331961	FRMD3	perfect	50	0.0247792	0.08884139545440356	0	0.41548	0	0	3	Brain_CerebellarHemisphere,Brain_Cerebellum,Testis	Testis,Brain_Cerebellum,Brain_CerebellarHemisphere	4.398,3.575,3.563	3	Brain_CerebellarHemisphere,Brain_Cerebellum,Testis	Testis,Brain_Cerebellum,Brain_CerebellarHemisphere	4.398,3.575,3.563
chr9	83467617	83467632	chr9	83467617	83467742	FRMD3	perfect	50	0.3351956	0.18623566620816753	0	1	0.319445	0.17552749999999995	2	Cells_EBV_transformedlymphocytes,Liver	Cells_EBV_transformedlymphocytes,Liver,Pancreas	3.57,3.57,1.488	2	Cells_EBV_transformedlymphocytes,Liver	Cells_EBV_transformedlymphocytes,Liver	3.57,3.57
chr9	83953837	83953843	chr9	83953647	83953843	QNG1	perfect	50	0.023596	0.02450998980007948	0	0.10164	0.02459	0.0390675	1	Thyroid	Thyroid,Testis,Pancreas	3.184,2.614,1.375	1	Thyroid	Thyroid	3.184
chr9	85986472	85986477	chr9	85986472	85987041	NAA35	perfect	50	0.1058804	0.03490935562339724	0.05357	0.24691	0.10464499999999999	0.037489999999999996	2	Cells_Culturedfibroblasts,Cells_EBV_transformedlymphocytes	Cells_EBV_transformedlymphocytes,Cells_Culturedfibroblasts,Artery_Aorta	4.04,3.053,0.954	2	Cells_Culturedfibroblasts,Cells_EBV_transformedlymphocytes	Cells_EBV_transformedlymphocytes,Cells_Culturedfibroblasts	4.04,3.053
chr9	88134767	88134956	chr9	88134767	88134985	SPATA31C2	perfect	50	0.159557	0.25576690639952565	0	1	0	0.5	1	Prostate	Prostate,Brain_Amygdala,Brain_Anteriorcingulatecortex_BA24	3.286,1.331,1.331	1	Prostate	Prostate	3.286
chr9	89037511	89037526	chr9	89037365	89037526	SHC3	perfect	50	0.029509199999999992	0.0957614313278534	0	0.61538	0	0	1	Testis	Testis,Thyroid,MinorSalivaryGland	6.118,1.799,1.345	1	Testis	Testis	6.118
chr9	89362404	89362428	chr9	89360786	89365654	SECISBP2,SEMA4D	perfect	50	0.1969452	0.18652521791797197	0	0.83607	0.109885	0.25370499999999996	1	Muscle_Skeletal	Muscle_Skeletal,Heart_LeftVentricle,Brain_Spinalcord_cervicalc_1	3.426,2.219,1.94	1	Muscle_Skeletal	Muscle_Skeletal	3.426
chr9	89363429	89363527	chr9	89360786	89365654	SECISBP2,SEMA4D	perfect	50	0.1969452	0.18652521791797197	0	0.83607	0.109885	0.25370499999999996	1	Muscle_Skeletal	Muscle_Skeletal,Heart_LeftVentricle,Brain_Spinalcord_cervicalc_1	3.426,2.219,1.94	1	Muscle_Skeletal	Muscle_Skeletal	3.426
chr9	89363740	89363950	chr9	89360786	89365654	SECISBP2,SEMA4D	perfect	50	0.1969452	0.18652521791797197	0	0.83607	0.109885	0.25370499999999996	1	Muscle_Skeletal	Muscle_Skeletal,Heart_LeftVentricle,Brain_Spinalcord_cervicalc_1	3.426,2.219,1.94	1	Muscle_Skeletal	Muscle_Skeletal	3.426
chr9	92079564	92079566	chr9	92079060	92079566	SPTLC1	perfect	50	0.0887582	0.030424022241428542	0.03764	0.20753	0.07974999999999999	0.02565500000000001	1	Testis	Testis,Muscle_Skeletal,Liver	3.904,2.443,1.861	1	Testis	Testis	3.904
chr9	92600463	92600508	chr9	92600093	92602804	CENPP,ENSG00000285650	perfect	50	0.0732636	0.07893417877328075	0	0.36352	0.048585	0.07388	1	Skin_NotSunExposed_Suprapubic	Skin_NotSunExposed_Suprapubic,Skin_SunExposed_Lowerleg,Brain_Amygdala	3.677,2.897,1.558	1	Skin_NotSunExposed_Suprapubic	Skin_NotSunExposed_Suprapubic	3.677
chr9	93069099	93069148	chr9	93069099	93069148	SUSD3	perfect	50	0.1904162	0.16905948271987054	0	0.76471	0.195025	0.20684750000000002	1	Brain_CerebellarHemisphere	Brain_CerebellarHemisphere,Brain_Cerebellum,Pancreas	3.397,2.741,2.353	1	Brain_CerebellarHemisphere	Brain_CerebellarHemisphere	3.397
chr9	94638342	94638410	chr9	94638342	94638413	FBP1	perfect	50	0.0767758	0.11045849942057379	0	0.5113	0.020839999999999997	0.13187	1	Colon_Sigmoid	Colon_Sigmoid,Brain_Amygdala,Brain_Anteriorcingulatecortex_BA24	3.934,2.795,1.707	1	Colon_Sigmoid	Colon_Sigmoid	3.934
chr9	94931714	94931751	chr9	94931714	94933671	AOPEP	perfect	50	0.002294199999999999	0.016222443773981764	0	0.11471	0	0	1	Cells_EBV_transformedlymphocytes	Cells_EBV_transformedlymphocytes,Adipose_Subcutaneous,Adipose_Visceral_Omentum	6.93,-0.141,-0.141	1	Cells_EBV_transformedlymphocytes	Cells_EBV_transformedlymphocytes	6.93
chr9	95004995	95005065	chr9	95004979	95005065	AOPEP	perfect	50	0.0550346	0.030817304853088034	0	0.15128	0.04514	0.03156250000000001	1	Brain_Anteriorcingulatecortex_BA24	Brain_Anteriorcingulatecortex_BA24,Brain_FrontalCortex_BA9,Brain_Hypothalamus	3.123,2.869,2.115	1	Brain_Anteriorcingulatecortex_BA24	Brain_Anteriorcingulatecortex_BA24	3.123
chr9	95982909	95982975	chr9	95982909	95984665	ERCC6L2	perfect	50	0.077834	0.06013229191218513	0.02332	0.31533	0.052495	0.06771	1	Brain_Spinalcord_cervicalc_1	Brain_Spinalcord_cervicalc_1,Brain_Hypothalamus,Brain_Substantianigra	3.95,2.197,2.11	1	Brain_Spinalcord_cervicalc_1	Brain_Spinalcord_cervicalc_1	3.95
chr9	96566767	96566816	chr9	96566767	96567254	CDC14B	perfect	50	0.0256614	0.025324361507352997	0	0.16667	0.021330000000000002	0.020917500000000002	1	Cells_EBV_transformedlymphocytes	Cells_EBV_transformedlymphocytes,Testis,Artery_Tibial	5.568,1.569,1.544	1	Cells_EBV_transformedlymphocytes	Cells_EBV_transformedlymphocytes	5.568
chr9	97555695	97555711	chr9	97555434	97555711	TMOD1	perfect	50	0.1682204	0.18607695528902185	0	1	0.096345	0.24642250000000002	1	Cells_Culturedfibroblasts	Cells_Culturedfibroblasts,Spleen,Testis	4.47,1.695,1.526	1	Cells_Culturedfibroblasts	Cells_Culturedfibroblasts	4.47
chr9	100445168	100445227	chr9	100444127	100445237	MSANTD3	perfect	50	0.0034091999999999994	0.017555447766596965	0	0.12206	0	0	1	Muscle_Skeletal	Muscle_Skeletal,Brain_Anteriorcingulatecortex_BA24,Testis	6.759,0.768,0.763	1	Muscle_Skeletal	Muscle_Skeletal	6.759
chr9	105513598	105513631	chr9	105513598	105513631	FSD1L	perfect	50	0.0408482	0.07618866969944699	0	0.35074	0.01473	0.044645	3	Cells_EBV_transformedlymphocytes,Muscle_Skeletal,Testis	Testis,Muscle_Skeletal,Cells_EBV_transformedlymphocytes	4.067,3.502,3.174	3	Cells_EBV_transformedlymphocytes,Muscle_Skeletal,Testis	Testis,Muscle_Skeletal,Cells_EBV_transformedlymphocytes	4.067,3.502,3.174
chr9	105749075	105749090	chr9	105749072	105749282	TMEM38B	perfect	50	0.1085	0.08877604733030096	0	0.52299	0.09494	0.06618500000000001	1	Testis	Testis,Cells_Culturedfibroblasts,Cells_EBV_transformedlymphocytes	4.669,2.505,2.191	1	Testis	Testis	4.669
chr9	110728687	110728717	chr9	110728687	110728717	MUSK	perfect	50	0.0189702	0.04342945523019872	0	0.21839	0	0	1	Cells_Culturedfibroblasts	Cells_Culturedfibroblasts,SmallIntestine_TerminalIleum,Lung	4.592,1.942,1.84	1	Cells_Culturedfibroblasts	Cells_Culturedfibroblasts	4.592
chr9	111539445	111539456	chr9	111539445	111539761	ZNF483	perfect	50	0.0319214	0.027160636809131534	0	0.16418	0.03307	0.030125	1	Testis	Testis,Heart_AtrialAppendage,Breast_MammaryTissue	4.869,1.867,1.048	1	Testis	Testis	4.869
chr9	111576364	111576411	chr9	111576364	111577844	ZNF483	perfect	50	0.1107894	0.05233029377493908	0	0.29524	0.11047	0.056825000000000014	1	Liver	Liver,Testis,SmallIntestine_TerminalIleum	3.525,1.952,1.139	1	Liver	Liver	3.525
chr9	112332783	112332843	chr9	112332767	112333045	ENSG00000307073,PTBP3	perfect	50	0.1427964	0.05679873136553926	0.01482	0.34558	0.14223000000000002	0.052059999999999995	1	Testis	Testis,Pituitary,Brain_Nucleusaccumbens_basalganglia	3.57,1.623,1.598	1	Testis	Testis	3.57
chr9	112617870	112617954	chr9	112617870	112619214	KIAA1958	perfect	50	0.2989156	0.1521675704296056	0.10448	0.78638	0.265435	0.21031999999999998	1	Cells_EBV_transformedlymphocytes	Cells_EBV_transformedlymphocytes,Cells_Culturedfibroblasts,WholeBlood	3.203,2.623,1.84	1	Cells_EBV_transformedlymphocytes	Cells_EBV_transformedlymphocytes	3.203
chr9	113220689	113220724	chr9	113220689	113220887	FKBP15	perfect	50	0.1125202	0.026782914557681763	0.05817	0.19516	0.110925	0.028292500000000012	1	Testis	Testis,WholeBlood,Brain_Spinalcord_cervicalc_1	3.086,2.438,1.946	1	Testis	Testis	3.086
chr9	113517269	113517306	chr9	113517269	113517306	RGS3	perfect	50	0.00877	0.030125425494496986	0	0.20574	0	0.005675	1	Cells_EBV_transformedlymphocytes	Cells_EBV_transformedlymphocytes,SmallIntestine_TerminalIleum,WholeBlood	6.538,1.068,0.938	1	Cells_EBV_transformedlymphocytes	Cells_EBV_transformedlymphocytes	6.538
chr9	114016112	114016172	chr9	114016112	114016172	ZNF618	perfect	50	0.5527508	0.11411203433003364	0.33476	1	0.53931	0.06897249999999999	2	Cells_EBV_transformedlymphocytes,WholeBlood	Cells_EBV_transformedlymphocytes,WholeBlood,Spleen	3.919,3.919,1.711	2	Cells_EBV_transformedlymphocytes,WholeBlood	Cells_EBV_transformedlymphocytes,WholeBlood	3.919,3.919
chr9	120815725	120815788	chr9	120815495	120815788	PSMD5	perfect	50	0.0233666	0.016880238610606793	0	0.13212	0.02144	0.006607500000000002	1	Testis	Testis,Pituitary,Brain_Hippocampus	6.443,0.561,0.488	1	Testis	Testis	6.443
chr9	121737536	121737715	chr9	121737150	121737715	DAB2IP	perfect	50	0.0896776	0.10879743937487965	0	0.47397	0.03926	0.03862500000000001	1	AdrenalGland	AdrenalGland,Skin_SunExposed_Lowerleg,MinorSalivaryGland	3.532,2.417,2.115	1	AdrenalGland	AdrenalGland	3.532
chr9	122371815	122371834	chr9	122371612	122371834	PTGS1	perfect	50	0.0263622	0.02658884462188101	0	0.11451	0.0218	0.030727499999999994	1	Skin_SunExposed_Lowerleg	Skin_SunExposed_Lowerleg,Skin_NotSunExposed_Suprapubic,WholeBlood	3.315,2.71,2.602	1	Skin_SunExposed_Lowerleg	Skin_SunExposed_Lowerleg	3.315
chr9	122798521	122798539	chr9	122798388	122798539	PDCL	perfect	50	0.002077199999999999	0.014688022058806965	0	0.10386	0	0	1	Testis	Testis,Adipose_Subcutaneous,Adipose_Visceral_Omentum	6.93,-0.141,-0.141	1	Testis	Testis	6.93
chr9	123401812	123401912	chr9	123400098	123401912	DENND1A	perfect	50	0.0290744	0.028209050882180873	0.00704	0.17231	0.021519999999999997	0.016915000000000006	2	Cells_Culturedfibroblasts,Cells_EBV_transformedlymphocytes	Cells_Culturedfibroblasts,Cells_EBV_transformedlymphocytes,WholeBlood	5.078,3.695,1.147	2	Cells_Culturedfibroblasts,Cells_EBV_transformedlymphocytes	Cells_Culturedfibroblasts,Cells_EBV_transformedlymphocytes	5.078,3.695
chr9	124292940	124293013	chr9	124292848	124293013	NEK6	perfect	50	0.2610422	0.14186030530628307	0	0.78211	0.253865	0.156495	1	Testis	Testis,Liver,Pituitary	3.673,2.819,1.597	1	Testis	Testis	3.673
chr9	125065989	125066058	chr9	125065989	125066058	SCAI	perfect	50	0.060421800000000005	0.06110469248456009	0	0.29368	0.044395000000000004	0.06527250000000001	1	Cells_EBV_transformedlymphocytes	Cells_EBV_transformedlymphocytes,WholeBlood,Cells_Culturedfibroblasts	3.817,2.862,2.707	1	Cells_EBV_transformedlymphocytes	Cells_EBV_transformedlymphocytes	3.817
chr9	125171908	125171947	chr9	125171908	125172001	PPP6C	perfect	50	0.0201616	0.02047316833998956	0	0.11419	0.018680000000000002	0.026037499999999998	1	Cells_Culturedfibroblasts	Cells_Culturedfibroblasts,Testis,Esophagus_Mucosa	4.593,2.425,1.346	1	Cells_Culturedfibroblasts	Cells_Culturedfibroblasts	4.593
chr9	125335171	125335252	chr9	125335171	125335252	GAPVD1	perfect	50	0.018997800000000002	0.03181126474142422	0.00253	0.19442	0.011435	0.00859	2	Cells_Culturedfibroblasts,Testis	Testis,Cells_Culturedfibroblasts,Cells_EBV_transformedlymphocytes	5.514,3.063,1.976	2	Cells_Culturedfibroblasts,Testis	Testis,Cells_Culturedfibroblasts	5.514,3.063
chr9	125521754	125521765	chr9	125521467	125521765	MAPKAP1	perfect	50	0.0647044	0.034095468677326185	0.02334	0.18394	0.054830000000000004	0.03322750000000001	1	Cells_EBV_transformedlymphocytes	Cells_EBV_transformedlymphocytes,WholeBlood,Pituitary	3.497,2.212,1.917	1	Cells_EBV_transformedlymphocytes	Cells_EBV_transformedlymphocytes	3.497
chr9	127177896	127177901	chr9	127177896	127178426	RALGPS1	perfect	50	0.019273400000000003	0.03226254121663546	0	0.19643	0.009655	0.02249	1	Cells_Culturedfibroblasts	Cells_Culturedfibroblasts,Cells_EBV_transformedlymphocytes,Heart_AtrialAppendage	5.491,2.029,1.959	1	Cells_Culturedfibroblasts	Cells_Culturedfibroblasts	5.491
chr9	127684367	127684474	chr9	127684367	127686730	STXBP1	perfect	50	0.0465144	0.06085149971019277	0	0.32993	0.031705	0.0249125	2	Brain_CerebellarHemisphere,Brain_Cerebellum	Brain_CerebellarHemisphere,Brain_Cerebellum,Brain_FrontalCortex_BA9	4.657,4.052,1.559	2	Brain_CerebellarHemisphere,Brain_Cerebellum	Brain_CerebellarHemisphere,Brain_Cerebellum	4.657,4.052
chr9	127693251	127693308	chr9	127692977	127693308	PTRH1	perfect	50	0.018232	0.019529066562852578	0	0.11429	0.01399	0.009507499999999999	2	Brain_CerebellarHemisphere,Brain_Cerebellum	Brain_CerebellarHemisphere,Brain_Cerebellum,Uterus	4.919,4.156,0.614	1	Brain_CerebellarHemisphere	Brain_CerebellarHemisphere	4.919
chr9	127694926	127694959	chr9	127694926	127696027	PTRH1,STXBP1	perfect	50	0.004650400000000001	0.0210494645779984	0	0.13755	0	0	1	Brain_Cerebellum	Brain_Cerebellum,Testis,Skin_SunExposed_Lowerleg	6.314,2.339,1.131	1	Brain_Cerebellum	Brain_Cerebellum	6.314
chr9	127873393	127873448	chr9	127873393	127873544	AK1	perfect	50	0.0166312	0.06695547154608937	0	0.47201	0	0.012312499999999999	1	Testis	Testis,Brain_Amygdala,Brain_Hippocampus	6.801,0.407,0.4	1	Testis	Testis	6.801
chr9	128169622	128169700	chr9	128169603	128169771	CIZ1	perfect	50	0.0211226	0.028948114796043253	0.00309	0.18465	0.014335	0.010867499999999999	1	Muscle_Skeletal	Muscle_Skeletal,Heart_LeftVentricle,WholeBlood	5.649,2.756,1.514	1	Muscle_Skeletal	Muscle_Skeletal	5.649
chr9	128275407	128275438	chr9	128275378	128275496	SWI5	perfect	50	0.007422799999999998	0.02494929576855705	0	0.17349	0	0.0066775	1	Testis	Testis,Cells_Culturedfibroblasts,Kidney_Cortex	6.656,0.707,0.691	1	Testis	Testis	6.656
chr9	128275438	128275496	chr9	128275378	128275496	SWI5	perfect	50	0.0075654	0.025919356505775166	0	0.18062	0	0.0066775	1	Testis	Testis,Cells_Culturedfibroblasts,Kidney_Cortex	6.677,0.675,0.66	1	Testis	Testis	6.677
chr9	128455196	128455228	chr9	128455185	128455336	ODF2	perfect	50	0.009254200000000004	0.054394474400119956	0	0.3843	0	0	1	Testis	Testis,Brain_Spinalcord_cervicalc_1,Brain_Hypothalamus	6.895,0.296,0.216	1	Testis	Testis	6.895
chr9	128456544	128456576	chr9	128456421	128456576	ODF2	perfect	50	0.0096848	0.013804992034087686	0	0.1011	0.008594999999999998	0.004424999999999999	1	Testis	Testis,Cells_Culturedfibroblasts,Esophagus_Muscularis	6.622,0.484,0.357	1	Testis	Testis	6.622
chr9	128457405	128457437	chr9	128457197	128457437	ODF2	perfect	50	0.005221199999999998	0.036919459259312025	0	0.26106	0	0	1	Testis	Testis,Adipose_Subcutaneous,Adipose_Visceral_Omentum	6.93,-0.141,-0.141	1	Testis	Testis	6.93
chr9	128532664	128532691	chr9	128532664	128532691	GLE1	perfect	50	0.0193182	0.034005253477085225	0	0.19348	0.01299	0.018980000000000004	2	Heart_LeftVentricle,Muscle_Skeletal	Muscle_Skeletal,Heart_LeftVentricle,Heart_AtrialAppendage	5.122,3.545,1.639	2	Heart_LeftVentricle,Muscle_Skeletal	Muscle_Skeletal,Heart_LeftVentricle	5.122,3.545
chr9	128629124	128629187	chr9	128629124	128629187	SPTAN1	perfect	50	0.0143544	0.02501366574739594	0	0.10852	0.002695	0.008937500000000001	1	Heart_LeftVentricle	Heart_LeftVentricle,Heart_AtrialAppendage,Muscle_Skeletal	3.765,2.973,2.271	1	Heart_LeftVentricle	Heart_LeftVentricle	3.765
chr9	128689986	128690026	chr9	128689974	128690026	SET	perfect	50	0.015320199999999996	0.06871325126901785	0	0.3598	0	0	2	Cells_Culturedfibroblasts,Cells_EBV_transformedlymphocytes	Cells_Culturedfibroblasts,Cells_EBV_transformedlymphocytes,WholeBlood	5.013,4.572,0.809	2	Cells_Culturedfibroblasts,Cells_EBV_transformedlymphocytes	Cells_Culturedfibroblasts,Cells_EBV_transformedlymphocytes	5.013,4.572
chr9	129127963	129128068	chr9	129127963	129128068	PTPA	perfect	50	0.0399988	0.028071850643137372	0.00718	0.13916	0.03086	0.03583750000000001	1	Testis	Testis,Adipose_Subcutaneous,Skin_SunExposed_Lowerleg	3.532,2.477,2.042	1	Testis	Testis	3.532
chr9	129208868	129209003	chr9	129208868	129210594	ENSG00000235007,IER5L-AS1	perfect	50	0.012727199999999998	0.08999489425517422	0	0.63636	0	0	1	Artery_Aorta	Artery_Aorta,Adipose_Subcutaneous,Adipose_Visceral_Omentum	6.93,-0.141,-0.141	1	Artery_Aorta	Artery_Aorta	6.93
chr9	130110369	130110426	chr9	130110369	130110426	GPR107	perfect	50	0.0688356	0.030861323603024748	0.03949	0.19932	0.062615	0.027305000000000003	2	Cells_EBV_transformedlymphocytes,Testis	Testis,Cells_EBV_transformedlymphocytes,Cells_Culturedfibroblasts	4.228,3.57,2.428	2	Cells_EBV_transformedlymphocytes,Testis	Testis,Cells_EBV_transformedlymphocytes	4.228,3.57
chr9	131263477	131263599	chr9	131263477	131264715	FAM78A	perfect	50	0.0596896	0.0980050138859003	0	0.65176	0.03153	0.0910175	1	Testis	Testis,Nerve_Tibial,Lung	6.041,1.027,0.872	1	Testis	Testis	6.041
chr9	131264583	131264627	chr9	131263477	131264715	FAM78A	perfect	50	0.0596896	0.0980050138859003	0	0.65176	0.03153	0.0910175	1	Testis	Testis,Nerve_Tibial,Lung	6.041,1.027,0.872	1	Testis	Testis	6.041
chr9	131270275	131270423	chr9	131270275	131270523	FAM78A	perfect	50	0.009420799999999997	0.023502699527101663	0	0.10136	0	0	1	SmallIntestine_TerminalIleum	SmallIntestine_TerminalIleum,WholeBlood,Spleen	3.912,2.997,2.913	1	SmallIntestine_TerminalIleum	SmallIntestine_TerminalIleum	3.912
chr9	131270459	131270523	chr9	131270275	131270523	FAM78A	perfect	50	0.05026860000000001	0.09745584567989586	0	0.65176	0.025320000000000002	0.057255	1	Testis	Testis,Nerve_Tibial,Pituitary	6.172,1.13,0.964	1	Testis	Testis	6.172
chr9	131291110	131291112	chr9	131291110	131291445	PLPP7	perfect	50	0.0607942	0.06217679960025776	0	0.35714	0.05167	0.04227500000000001	2	Cells_EBV_transformedlymphocytes,WholeBlood	Cells_EBV_transformedlymphocytes,WholeBlood,Cells_Culturedfibroblasts	4.766,3.311,2.248	2	Cells_EBV_transformedlymphocytes,WholeBlood	Cells_EBV_transformedlymphocytes,WholeBlood	4.766,3.311
chr9	132513258	132513328	chr9	132513258	132513406	CFAP77	perfect	50	0.007340800000000001	0.025740239984292673	0	0.12245	0	0	2	Brain_CerebellarHemisphere,Heart_AtrialAppendage	Heart_AtrialAppendage,Brain_CerebellarHemisphere,Brain_Cerebellum	4.472,3.357,2.662	1	Heart_AtrialAppendage	Heart_AtrialAppendage	4.472
chr9	132658304	132658358	chr9	132658080	132658358	DDX31	perfect	50	0.0794938	0.04356305614595365	0.03217	0.29352	0.070745	0.028975	1	Testis	Testis,Cells_Culturedfibroblasts,Cells_EBV_transformedlymphocytes	4.913,2.597,2.421	1	Testis	Testis	4.913
chr9	133255665	133256356	chr9	133249856	133256356	ABO	perfect	50	0.0213648	0.02880145108589255	0	0.10831	0.006465	0.03907	1	Esophagus_Mucosa	Esophagus_Mucosa,Pituitary,Bladder	3.019,2.688,1.833	1	Esophagus_Mucosa	Esophagus_Mucosa	3.019
chr9	133257408	133257521	chr9	133257408	133257542	ABO	perfect	50	0.0213648	0.02880145108589255	0	0.10831	0.006465	0.03907	1	Esophagus_Mucosa	Esophagus_Mucosa,Pituitary,Bladder	3.019,2.688,1.833	1	Esophagus_Mucosa	Esophagus_Mucosa	3.019
chr9	133257523	133257542	chr9	133257408	133257542	ABO	perfect	50	0.0213648	0.02880145108589255	0	0.10831	0.006465	0.03907	1	Esophagus_Mucosa	Esophagus_Mucosa,Pituitary,Bladder	3.019,2.688,1.833	1	Esophagus_Mucosa	Esophagus_Mucosa	3.019
chr9	133258096	133258132	chr9	133258041	133258132	ABO	perfect	50	0.0213648	0.02880145108589255	0	0.10831	0.006465	0.03907	1	Esophagus_Mucosa	Esophagus_Mucosa,Pituitary,Bladder	3.019,2.688,1.833	1	Esophagus_Mucosa	Esophagus_Mucosa	3.019
chr9	133259818	133259866	chr9	133259818	133259866	ABO	perfect	50	0.0213648	0.02880145108589255	0	0.10831	0.006465	0.03907	1	Esophagus_Mucosa	Esophagus_Mucosa,Pituitary,Bladder	3.019,2.688,1.833	1	Esophagus_Mucosa	Esophagus_Mucosa	3.019
chr9	133261317	133261374	chr9	133261317	133261374	ABO	perfect	50	0.0213648	0.02880145108589255	0	0.10831	0.006465	0.03907	1	Esophagus_Mucosa	Esophagus_Mucosa,Pituitary,Bladder	3.019,2.688,1.833	1	Esophagus_Mucosa	Esophagus_Mucosa	3.019
chr9	133262098	133262168	chr9	133262098	133262168	ABO	perfect	50	0.0213648	0.02880145108589255	0	0.10831	0.006465	0.03907	1	Esophagus_Mucosa	Esophagus_Mucosa,Pituitary,Bladder	3.019,2.688,1.833	1	Esophagus_Mucosa	Esophagus_Mucosa	3.019
chr9	135087373	135087442	chr9	135087259	135087442	OLFM1	perfect	50	0.094713	0.1550422261014392	0	1	0.047	0.1399175	1	Cells_EBV_transformedlymphocytes	Cells_EBV_transformedlymphocytes,Brain_Substantianigra,Liver	5.839,1.228,1.07	1	Cells_EBV_transformedlymphocytes	Cells_EBV_transformedlymphocytes	5.839
chr9	135744099	135744101	chr9	135743997	135744101	KCNT1	perfect	50	0.1235912	0.13068675397237753	0	0.52377	0.084515	0.2277475	1	Muscle_Skeletal	Muscle_Skeletal,Pituitary,Ovary	3.062,1.943,1.928	1	Muscle_Skeletal	Muscle_Skeletal	3.062
chr9	136202945	136203039	chr9	136202945	136203189	LHX3	perfect	50	0.009083399999999997	0.06422933736229884	0	0.45417	0	0	1	Pituitary	Pituitary,Adipose_Subcutaneous,Adipose_Visceral_Omentum	6.93,-0.141,-0.141	1	Pituitary	Pituitary	6.93
chr9	136332006	136332170	chr9	136331982	136332170	GPSM1	perfect	50	0.026366599999999997	0.06204011278460517	0	0.4	0.0017749999999999999	0.0274125	1	Cells_EBV_transformedlymphocytes	Cells_EBV_transformedlymphocytes,Liver,WholeBlood	6.022,1.753,1.59	1	Cells_EBV_transformedlymphocytes	Cells_EBV_transformedlymphocytes	6.022
chr9	137366279	137366361	chr9	137365126	137366361	EXD3	perfect	50	0.1474232	0.07219048697688071	0.01016	0.41234	0.132165	0.0563	2	Cells_Culturedfibroblasts,Cells_EBV_transformedlymphocytes	Cells_Culturedfibroblasts,Cells_EBV_transformedlymphocytes,AdrenalGland	3.67,3.104,1.761	2	Cells_Culturedfibroblasts,Cells_EBV_transformedlymphocytes	Cells_Culturedfibroblasts,Cells_EBV_transformedlymphocytes	3.67,3.104
chr9	137393122	137393235	chr9	137391801	137393235	EXD3	perfect	50	0.1594768	0.10484961248631591	0.05023	0.48311	0.131695	0.09976750000000002	1	Cells_EBV_transformedlymphocytes	Cells_EBV_transformedlymphocytes,Cells_Culturedfibroblasts,Esophagus_Mucosa	3.087,2.696,2.345	1	Cells_EBV_transformedlymphocytes	Cells_EBV_transformedlymphocytes	3.087
chr9	137784105	137784147	chr9	137784072	137786780	EHMT1,ENSG00000293104	perfect	50	0.0129222	0.020524478893183495	0.00411	0.1438	0.007895	0.006550000000000001	1	Testis	Testis,WholeBlood,Cells_EBV_transformedlymphocytes	6.377,2.244,0.364	1	Testis	Testis	6.377
chr9	138101103	138101200	chr9	138101103	138101200	CACNA1B	perfect	50	0.0058868	0.020247603480261	0	0.13179	0	0	1	Testis	Testis,Brain_Spinalcord_cervicalc_1,Brain_Cerebellum	6.218,1.989,0.846	1	Testis	Testis	6.218
chrX	373531	373771	chrX	373531	374044	PPP2R3B	perfect	50	0.041847999999999996	0.046274815074769146	0	0.21471	0.025494999999999997	0.042155	1	Muscle_Skeletal	Muscle_Skeletal,Heart_LeftVentricle,Heart_AtrialAppendage	3.736,2.813,2.659	1	Muscle_Skeletal	Muscle_Skeletal	3.736
chrX	2733356	2733361	chrX	2733356	2733672	CD99	perfect	50	0.1031098	0.030730055917519535	0.042	0.23704	0.10066	0.032377500000000003	1	Muscle_Skeletal	Muscle_Skeletal,Artery_Aorta,Artery_Tibial	4.358,2.185,1.487	1	Muscle_Skeletal	Muscle_Skeletal	4.358
chrX	11758707	11758773	chrX	11758555	11759320	MSL3	perfect	50	0.0084474	0.024067866273926153	0	0.16707	0.003685	0.0065675	1	Testis	Testis,Cells_Culturedfibroblasts,AdrenalGland	6.591,1.007,0.791	1	Testis	Testis	6.591
chrX	12341620	12341637	chrX	12341540	12341637	FRMPD4	perfect	50	0.0157634	0.05069386206898608	0	0.23009	0	0	3	Cells_Culturedfibroblasts,Heart_AtrialAppendage,Testis	Cells_Culturedfibroblasts,Heart_AtrialAppendage,Testis	4.228,3.276,3.276	3	Cells_Culturedfibroblasts,Heart_AtrialAppendage,Testis	Cells_Culturedfibroblasts,Heart_AtrialAppendage,Testis	4.228,3.276,3.276
chrX	14574491	14574559	chrX	14574491	14574559	GLRA2	perfect	50	0.009816799999999999	0.04061325798609243	0	0.21097	0	0	2	Brain_CerebellarHemisphere,Brain_Cerebellum	Brain_CerebellarHemisphere,Brain_Cerebellum,Brain_FrontalCortex_BA9	4.953,4.489,1.266	2	Brain_CerebellarHemisphere,Brain_Cerebellum	Brain_CerebellarHemisphere,Brain_Cerebellum	4.953,4.489
chrX	15314368	15314486	chrX	15314368	15314559	ASB11	perfect	50	0.006486399999999998	0.03437437612109178	0	0.23681	0	0	1	Muscle_Skeletal	Muscle_Skeletal,Heart_LeftVentricle,Heart_AtrialAppendage	6.7,1.284,0.885	1	Muscle_Skeletal	Muscle_Skeletal	6.7
chrX	15518930	15518979	chrX	15518188	15518979	ACE2	perfect	50	0.063135	0.11270925663685594	0	0.5	0.01247	0.0711825	2	Artery_Tibial,WholeBlood	WholeBlood,Artery_Tibial,Artery_Aorta	3.876,3.473,2.397	2	Artery_Tibial,WholeBlood	WholeBlood,Artery_Tibial	3.876,3.473
chrX	15551075	15551079	chrX	15550714	15551079	ACE2	perfect	50	0.007457399999999999	0.02670483077983441	0	0.18182	0	6.3e-4	1	Artery_Tibial	Artery_Tibial,Lung,Adipose_Subcutaneous	6.529,1.265,0.86	1	Artery_Tibial	Artery_Tibial	6.529
chrX	17635566	17635584	chrX	17635292	17635600	NHS	perfect	50	0.046286799999999996	0.06935201121048166	0	0.38012	0	0.0813825	1	Cells_Culturedfibroblasts	Cells_Culturedfibroblasts,Artery_Tibial,MinorSalivaryGland	4.814,1.998,1.649	1	Cells_Culturedfibroblasts	Cells_Culturedfibroblasts	4.814
chrX	18623878	18624001	chrX	18623878	18624001	CDKL5	perfect	50	0.052975	0.09622802273872244	0	0.50139	0	0.072195	1	Esophagus_Mucosa	Esophagus_Mucosa,Muscle_Skeletal,Heart_LeftVentricle	4.66,2.647,1.831	1	Esophagus_Mucosa	Esophagus_Mucosa	4.66
chrX	18646006	18646090	chrX	18646006	18646090	CDKL5	perfect	50	0.007055400000000005	0.04620640763984571	0	0.32667	0	0	1	Testis	Testis,Thyroid,Lung	6.917,0.24,0.02	1	Testis	Testis	6.917
chrX	18650409	18650592	chrX	18650065	18650592	CDKL5,RS1	perfect	50	0.007055400000000005	0.04620640763984571	0	0.32667	0	0	1	Testis	Testis,Thyroid,Lung	6.917,0.24,0.02	1	Testis	Testis	6.917
chrX	18653431	18653541	chrX	18653431	18653629	CDKL5	perfect	50	0.007055400000000005	0.04620640763984571	0	0.32667	0	0	1	Testis	Testis,Thyroid,Lung	6.917,0.24,0.02	1	Testis	Testis	6.917
chrX	19687616	19687691	chrX	19687570	19687691	SH3KBP1	perfect	50	0.024125600000000004	0.04744006952536461	0	0.17116	4.7e-4	0.01401	1	Brain_FrontalCortex_BA9	Brain_FrontalCortex_BA9,Brain_Nucleusaccumbens_basalganglia,Brain_Anteriorcingulatecortex_BA24	3.099,2.804,2.707	1	Brain_FrontalCortex_BA9	Brain_FrontalCortex_BA9	3.099
chrX	19694994	19695051	chrX	19694994	19695051	SH3KBP1	perfect	50	0.024125600000000004	0.04744006952536461	0	0.17116	4.7e-4	0.01401	1	Brain_FrontalCortex_BA9	Brain_FrontalCortex_BA9,Brain_Nucleusaccumbens_basalganglia,Brain_Anteriorcingulatecortex_BA24	3.099,2.804,2.707	1	Brain_FrontalCortex_BA9	Brain_FrontalCortex_BA9	3.099
chrX	21503243	21503332	chrX	21503243	21506814	CNKSR2	perfect	50	0.064562	0.07054730732939826	0	0.38071	0.05956	0.0709825	2	Brain_Spinalcord_cervicalc_1,Brain_Substantianigra	Brain_Spinalcord_cervicalc_1,Brain_Substantianigra,Testis	4.481,3.484,1.211	2	Brain_Spinalcord_cervicalc_1,Brain_Substantianigra	Brain_Spinalcord_cervicalc_1,Brain_Substantianigra	4.481,3.484
chrX	21503332	21503333	chrX	21503243	21506814	CNKSR2	perfect	50	0.0313852	0.03198060408613767	0	0.16244	0.02965	0.048482500000000005	1	Brain_Spinalcord_cervicalc_1	Brain_Spinalcord_cervicalc_1,Brain_Substantianigra,Nerve_Tibial	4.098,2.613,1.471	1	Brain_Spinalcord_cervicalc_1	Brain_Spinalcord_cervicalc_1	4.098
chrX	21504788	21504795	chrX	21503243	21506814	CNKSR2	perfect	50	0.0331768	0.04402826037898842	0	0.21827	0.024695	0.033807500000000004	2	Brain_Spinalcord_cervicalc_1,Brain_Substantianigra	Brain_Spinalcord_cervicalc_1,Brain_Substantianigra,Heart_AtrialAppendage	4.204,3.685,1.77	2	Brain_Spinalcord_cervicalc_1,Brain_Substantianigra	Brain_Spinalcord_cervicalc_1,Brain_Substantianigra	4.204,3.685
chrX	21641532	21641534	chrX	21641532	21645899	CNKSR2	perfect	50	0.013352000000000004	0.0411420034137615	0	0.19315	0	0	3	Brain_CerebellarHemisphere,Brain_Cerebellum,Brain_FrontalCortex_BA9	Brain_CerebellarHemisphere,Brain_Cerebellum,Brain_FrontalCortex_BA9	4.37,3.43,3.195	3	Brain_CerebellarHemisphere,Brain_Cerebellum,Brain_FrontalCortex_BA9	Brain_CerebellarHemisphere,Brain_Cerebellum,Brain_FrontalCortex_BA9	4.37,3.43,3.195
chrX	23664519	23664718	chrX	23664261	23664718	PRDX4	perfect	50	0.006581599999999999	0.0465389399105738	0	0.32908	0	0	1	Testis	Testis,Adipose_Subcutaneous,Adipose_Visceral_Omentum	6.93,-0.141,-0.141	1	Testis	Testis	6.93
chrX	30687532	30687616	chrX	30687532	30687616	GK	perfect	50	0.0120082	0.03611778744833722	0	0.21818	0	0	1	Muscle_Skeletal	Muscle_Skeletal,Nerve_Tibial,Liver	5.708,2.39,1.607	1	Muscle_Skeletal	Muscle_Skeletal	5.708
chrX	31266809	31266829	chrX	31266809	31266971	DMD	perfect	50	0.15380760000000002	0.11449022493805898	0	0.5865	0.13621499999999997	0.1574225	1	Cells_EBV_transformedlymphocytes	Cells_EBV_transformedlymphocytes,Cells_Culturedfibroblasts,MinorSalivaryGland	3.779,2.215,1.452	1	Cells_EBV_transformedlymphocytes	Cells_EBV_transformedlymphocytes	3.779
chrX	31508207	31508279	chrX	31508207	31508481	DMD	perfect	50	0.006153799999999999	0.01991485538127613	0	0.1352	0	0.0047025	1	Nerve_Tibial	Nerve_Tibial,Colon_Sigmoid,Colon_Transverse	6.48,1.133,0.837	1	Nerve_Tibial	Nerve_Tibial	6.48
chrX	32342844	32342850	chrX	32342630	32342850	DMD	perfect	50	0.0148798	0.031747010882273365	0	0.21296	0.00365	0.020935000000000002	1	Cells_Culturedfibroblasts	Cells_Culturedfibroblasts,Testis,Lung	6.239,1.41,0.959	1	Cells_Culturedfibroblasts	Cells_Culturedfibroblasts	6.239
chrX	37440790	37440865	chrX	37440790	37442224	FTH1P28,PRRG1	perfect	50	0.0917968	0.05575393521171251	0	0.26794	0.07739499999999999	0.05407500000000002	1	Testis	Testis,Liver,Kidney_Cortex	3.159,2.351,2.301	1	Testis	Testis	3.159
chrX	37668367	37668428	chrX	37668367	37668450	LANCL3	perfect	50	0.04663000000000003	0.10637290133664452	0	0.43421	0	0	2	Esophagus_Mucosa,WholeBlood	Esophagus_Mucosa,WholeBlood,Testis	3.644,3.322,2.499	2	Esophagus_Mucosa,WholeBlood	Esophagus_Mucosa,WholeBlood	3.644,3.322
chrX	37837216	37837359	chrX	37836756	37837359	DYNLT3	perfect	50	0.028099399999999997	0.026509201206604566	0.00309	0.16505	0.02055	0.021719999999999993	1	WholeBlood	WholeBlood,Spleen,Skin_NotSunExposed_Suprapubic	5.166,2.041,1.345	1	WholeBlood	WholeBlood	5.166
chrX	37847042	37847090	chrX	37847042	37847408	DYNLT3	perfect	50	0.0111018	0.07152976419702242	0	0.50657	0	0.001605	1	Testis	Testis,Cells_EBV_transformedlymphocytes,Brain_Hypothalamus	6.927,-0.007,-0.067	1	Testis	Testis	6.927
chrX	41743672	41743736	chrX	41743552	41743736	CASK	perfect	50	0.0845226	0.10623958007604647	0	0.65079	0.062755	0.062384999999999996	1	WholeBlood	WholeBlood,Testis,Cells_EBV_transformedlymphocytes	5.33,2.464,2.018	1	WholeBlood	WholeBlood	5.33
chrX	47218652	47218664	chrX	47217859	47218664	CDK16	perfect	50	0.1179146	0.034428011389043105	0.02479	0.23313999999999999	0.119725	0.03195500000000001	1	Testis	Testis,Ovary,Kidney_Cortex	3.347,1.792,1.663	1	Testis	Testis	3.347
chrX	48002527	48002561	chrX	48002527	48002561	ZNF81	perfect	50	0.017076600000000004	0.03534127786112356	0	0.13699	0	0.0045975	1	Brain_Cortex	Brain_Cortex,Brain_Substantianigra,Artery_Tibial	3.393,2.453,2.444	1	Brain_Cortex	Brain_Cortex	3.393
chrX	48061790	48061805	chrX	48061790	48061805	ZNF630	perfect	50	0.4148836	0.13010982214817055	0.15315	0.89474	0.387015	0.12455000000000005	1	WholeBlood	WholeBlood,Liver,Heart_LeftVentricle	3.688,2.816,1.366	1	WholeBlood	WholeBlood	3.688
chrX	48590155	48590287	chrX	48590041	48590287	WDR13	perfect	50	0.014636999999999999	0.033502645296106616	0	0.17587	0.003525	0.009930000000000001	2	MinorSalivaryGland,Pancreas	Pancreas,MinorSalivaryGland,Skin_SunExposed_Lowerleg	4.813,4.436,0.715	2	MinorSalivaryGland,Pancreas	Pancreas,MinorSalivaryGland	4.813,4.436
chrX	48695819	48695871	chrX	48695553	48695871	SUV39H1	perfect	50	0.011165	0.030103205419533166	0	0.1418	0	0	2	Brain_CerebellarHemisphere,Brain_Cerebellum	Brain_Cerebellum,Brain_CerebellarHemisphere,Brain_FrontalCortex_BA9	4.34,4.169,1.48	2	Brain_CerebellarHemisphere,Brain_Cerebellum	Brain_Cerebellum,Brain_CerebellarHemisphere	4.34,4.169
chrX	49342303	49342387	chrX	49342295	49342387	GAGE2E	perfect	50	0.01999999999999999	0.14142135623730948	0	1	0	0	1	Testis	Testis,Adipose_Subcutaneous,Adipose_Visceral_Omentum	6.93,-0.141,-0.141	1	Testis	Testis	6.93
chrX	49342852	49342973	chrX	49342852	49342973	GAGE2E	perfect	50	0.01999999999999999	0.14142135623730948	0	1	0	0	1	Testis	Testis,Adipose_Subcutaneous,Adipose_Visceral_Omentum	6.93,-0.141,-0.141	1	Testis	Testis	6.93
chrX	49345796	49345922	chrX	49345796	49345922	GAGE2E	perfect	50	0.01999999999999999	0.14142135623730948	0	1	0	0	1	Testis	Testis,Adipose_Subcutaneous,Adipose_Visceral_Omentum	6.93,-0.141,-0.141	1	Testis	Testis	6.93
chrX	49529868	49529888	chrX	49529868	49529985	GAGE12B	perfect	50	0.01999999999999999	0.14142135623730948	0	1	0	0	1	Testis	Testis,Adipose_Subcutaneous,Adipose_Visceral_Omentum	6.93,-0.141,-0.141	1	Testis	Testis	6.93
chrX	53227845	53227865	chrX	53225827	53227865	IQSEC2	perfect	50	0.010482	0.022993254467787032	0	0.14286	0.0012200000000000002	0.009545	1	Cells_EBV_transformedlymphocytes	Cells_EBV_transformedlymphocytes,Brain_Hippocampus,Brain_Putamen_basalganglia	5.757,1.429,1.349	1	Cells_EBV_transformedlymphocytes	Cells_EBV_transformedlymphocytes	5.757
chrX	53231814	53231870	chrX	53228822	53231870	IQSEC2	perfect	50	0.0218188	0.028592104493145285	0	0.18655	0.012375	0.009200000000000003	1	Testis	Testis,Brain_Putamen_basalganglia,Brain_Caudate_basalganglia	5.761,1.368,1.238	1	Testis	Testis	5.761
chrX	54174131	54174146	chrX	54173788	54174146	FAM120C	perfect	50	0.31928059999999997	0.15316724513180127	0.06323	0.78571	0.3365	0.20187500000000003	1	WholeBlood	WholeBlood,Cells_EBV_transformedlymphocytes,Muscle_Skeletal	3.045,2.383,1.946	1	WholeBlood	WholeBlood	3.045
chrX	55027750	55027807	chrX	55027750	55027857	ALAS2	perfect	50	0.0038513999999999974	0.01911529978198359	0	0.10351	0	0	2	Spleen,WholeBlood	WholeBlood,Spleen,Adipose_Subcutaneous	5.214,4.458,-0.201	1	WholeBlood	WholeBlood	5.214
chrX	69860856	69860865	chrX	69860856	69861193	EDA	perfect	50	0.054280999999999996	0.06323188792057374	0	0.33333	0.047729999999999995	0.0859375	1	WholeBlood	WholeBlood,Esophagus_Mucosa,Pancreas	4.413,2.017,1.777	1	WholeBlood	WholeBlood	4.413
chrX	70452621	70452755	chrX	70452291	70452755	DLG3	perfect	50	0.1529186	0.11711151575523987	0.01221	0.52194	0.12967499999999998	0.15651499999999996	1	Cells_Culturedfibroblasts	Cells_Culturedfibroblasts,Esophagus_Mucosa,Muscle_Skeletal	3.151,2.328,1.831	1	Cells_Culturedfibroblasts	Cells_Culturedfibroblasts	3.151
chrX	71171432	71171617	chrX	71171432	71175255	NLGN3	perfect	50	0.138749	0.06363696013244159	0.02632	0.375	0.144345	0.09011	1	Muscle_Skeletal	Muscle_Skeletal,Artery_Tibial,Thyroid	3.712,1.966,1.236	1	Muscle_Skeletal	Muscle_Skeletal	3.712
chrX	71455006	71455012	chrX	71455006	71455012	TAF1	perfect	50	0.0144306	0.02678770060520844	0	0.12277	6.25e-4	0.019445	2	Brain_CerebellarHemisphere,Brain_Cerebellum	Brain_Cerebellum,Brain_CerebellarHemisphere,Brain_Cortex	4.044,3.702,2.04	2	Brain_CerebellarHemisphere,Brain_Cerebellum	Brain_Cerebellum,Brain_CerebellarHemisphere	4.044,3.702
chrX	72305301	72305314	chrX	72305301	72305587	CITED1	perfect	50	0.011334799999999999	0.028692858618016254	0	0.11881	0	0	2	Brain_Hypothalamus,Pituitary	Brain_Hypothalamus,Pituitary,Testis	3.746,3.68,2.805	2	Brain_Hypothalamus,Pituitary	Brain_Hypothalamus,Pituitary	3.746,3.68
chrX	85971570	85971586	chrX	85969086	85971586	CHM	perfect	50	0.048107	0.022268452586837843	0.01422	0.13572	0.04381	0.0203425	1	Testis	Testis,Cells_Culturedfibroblasts,Brain_Spinalcord_cervicalc_1	3.934,2.937,1.976	1	Testis	Testis	3.934
chrX	100820617	100820648	chrX	100820535	100820648	CSTF2	perfect	50	0.023686799999999997	0.03334907540498457	0	0.1255	0	0.050257500000000004	1	Testis	Testis,Artery_Tibial,Nerve_Tibial	3.053,2.157,2.072	1	Testis	Testis	3.053
chrX	101292789	101293045	chrX	101292789	101293057	TAF7L	perfect	50	0.03179300000000002	0.12132420062857727	0	0.58036	0	0	2	Skin_NotSunExposed_Suprapubic,Skin_SunExposed_Lowerleg	Skin_SunExposed_Lowerleg,Skin_NotSunExposed_Suprapubic,Liver	4.521,4.484,2.093	2	Skin_NotSunExposed_Suprapubic,Skin_SunExposed_Lowerleg	Skin_SunExposed_Lowerleg,Skin_NotSunExposed_Suprapubic	4.521,4.484
chrX	101390477	101390549	chrX	101390477	101390796	BTK	perfect	50	0.002226200000000001	0.014451403983767142	0	0.10227	0	0	1	Testis	Testis,Lung,Cells_EBV_transformedlymphocytes	6.923,0.074,-0.006	1	Testis	Testis	6.923
chrX	103966322	103966357	chrX	103966322	103966712	TMSB15B	perfect	50	0.0354818	0.0441863774690428	0	0.25067	0.03153	0.042055	2	Brain_CerebellarHemisphere,Brain_Cerebellum	Brain_Cerebellum,Brain_CerebellarHemisphere,Cells_EBV_transformedlymphocytes	4.87,3.161,1.441	2	Brain_CerebellarHemisphere,Brain_Cerebellum	Brain_Cerebellum,Brain_CerebellarHemisphere	4.87,3.161
chrX	105948639	105948759	chrX	105948437	105948759	NRK	perfect	50	0.009848399999999998	0.02375108584929136	0	0.12985	0	0	1	Brain_Cerebellum	Brain_Cerebellum,Ovary,Brain_CerebellarHemisphere	5.052,2.115,1.763	1	Brain_Cerebellum	Brain_Cerebellum	5.052
chrX	106694002	106694408	chrX	106693793	106694408	RNF128	perfect	50	0.09971460000000001	0.28322516437553896	0	1	0	0	4	Artery_Aorta,Artery_Coronary,Esophagus_GastroesophagealJunction,Spleen	Artery_Aorta,Artery_Coronary,Esophagus_GastroesophagealJunction	3.179,3.179,3.179	4	Artery_Aorta,Artery_Coronary,Esophagus_GastroesophagealJunction,Spleen	Artery_Aorta,Artery_Coronary,Esophagus_GastroesophagealJunction	3.179,3.179,3.179
chrX	107759495	107759686	chrX	107759495	107759686	TSC22D3	perfect	50	0.0058444000000000005	0.02344930207916645	0	0.14229	0	0	1	WholeBlood	WholeBlood,Liver,Kidney_Cortex	5.819,2.943,1.408	1	WholeBlood	WholeBlood	5.819
chrX	108061427	108061535	chrX	108061427	108061535	VSIG1	perfect	50	0.011142400000000002	0.03944560230318743	0	0.19048	0	0	2	Bladder,Pituitary	Bladder,Pituitary,Testis	4.546,3.52,2.717	2	Bladder,Pituitary	Bladder,Pituitary	4.546,3.52
chrX	108183721	108183772	chrX	108183721	108183772	COL4A6	perfect	50	0.0197306	0.044085259113009916	0	0.15958	0	0	1	Bladder	Bladder,Artery_Tibial,Esophagus_GastroesophagealJunction	3.172,2.797,2.792	1	Bladder	Bladder	3.172
chrX	109535882	109535977	chrX	109535780	109535977	NXT2	perfect	50	0.017107400000000002	0.08101492691410615	0	0.52518	0	0	1	Testis	Testis,Bladder,Prostate	6.271,2.708,0.455	1	Testis	Testis	6.271
chrX	117972730	117972828	chrX	117972730	117973738	KLHL13	perfect	50	0.016662600000000003	0.034262631742444524	0	0.16364	0	0.0189775	2	Brain_CerebellarHemisphere,Brain_Cerebellum	Brain_CerebellarHemisphere,Brain_Cerebellum,Brain_Nucleusaccumbens_basalganglia	4.29,3.584,1.626	2	Brain_CerebellarHemisphere,Brain_Cerebellum	Brain_CerebellarHemisphere,Brain_Cerebellum	4.29,3.584
chrX	118986924	118987080	chrX	118986924	118987080	LONRF3	perfect	50	0.0038192000000000026	0.016457999337832093	0	0.1068	0	0	1	Testis	Testis,Pancreas,Muscle_Skeletal	6.257,2.457,0.843	1	Testis	Testis	6.257
chrX	119807488	119807581	chrX	119807432	119807581	ENSG00000290162	perfect	50	0.024200000000000003	0.07372638067993889	0.00453	0.53283	0.01276	0.009257500000000002	1	Testis	Testis,WholeBlood,Muscle_Skeletal	6.899,0.124,0.096	1	Testis	Testis	6.899
chrX	119815199	119815307	chrX	119815163	119815307	ENSG00000290163	perfect	50	0.024200000000000003	0.07372638067993889	0.00453	0.53283	0.01276	0.009257500000000002	1	Testis	Testis,WholeBlood,Muscle_Skeletal	6.899,0.124,0.096	1	Testis	Testis	6.899
chrX	119822941	119823043	chrX	119822905	119823043	ENSG00000290164	perfect	50	0.024200000000000003	0.07372638067993889	0.00453	0.53283	0.01276	0.009257500000000002	1	Testis	Testis,WholeBlood,Muscle_Skeletal	6.899,0.124,0.096	1	Testis	Testis	6.899
chrX	119831651	119831759	chrX	119831615	119831759	ENSG00000290165	perfect	50	0.024200000000000003	0.07372638067993889	0.00453	0.53283	0.01276	0.009257500000000002	1	Testis	Testis,WholeBlood,Muscle_Skeletal	6.899,0.124,0.096	1	Testis	Testis	6.899
chrX	120561371	120561399	chrX	120561132	120561545	CUL4B	perfect	50	0.1394656	0.1138481515567906	0	0.57164	0.13479999999999998	0.168985	1	Muscle_Skeletal	Muscle_Skeletal,Cells_EBV_transformedlymphocytes,Artery_Tibial	3.796,1.956,1.479	1	Muscle_Skeletal	Muscle_Skeletal	3.796
chrX	120574550	120574617	chrX	120574550	120574630	CUL4B	perfect	50	0.012313000000000001	0.024779117874796537	0.00115	0.18206	0.00831	0.004054999999999999	1	Testis	Testis,Brain_Spinalcord_cervicalc_1,Brain_Hippocampus	6.85,0.254,0.188	1	Testis	Testis	6.85
chrX	123202635	123202782	chrX	123202635	123202782	GRIA3	perfect	50	0.079339	0.11343388178015547	0	0.58156	0.023614999999999997	0.127775	1	Liver	Liver,Stomach,Kidney_Cortex	4.427,2.631,1.504	1	Liver	Liver	4.427
chrX	123204399	123204416	chrX	123204399	123204683	GRIA3	perfect	50	0.079339	0.11343388178015547	0	0.58156	0.023614999999999997	0.127775	1	Liver	Liver,Stomach,Kidney_Cortex	4.427,2.631,1.504	1	Liver	Liver	4.427
chrX	131078753	131078754	chrX	131078716	131078754	ARHGAP36	perfect	50	0.027196999999999992	0.054546227735784644	0	0.19108	0	0.015307500000000002	1	Brain_Nucleusaccumbens_basalganglia	Brain_Nucleusaccumbens_basalganglia,Brain_Hypothalamus,Pituitary	3.004,2.777,2.636	1	Brain_Nucleusaccumbens_basalganglia	Brain_Nucleusaccumbens_basalganglia	3.004
chrX	132413482	132413509	chrX	132413482	132413575	MBNL3	perfect	50	0.017674600000000013	0.07304447588969341	0	0.39079	0	0	2	Liver,Testis	Testis,Liver,WholeBlood	5.108,3.649,2.616	2	Liver,Testis	Testis,Liver	5.108,3.649
chrX	134809186	134809370	chrX	134809186	134811183	PABIR3	perfect	50	0.226126	0.10383813712913467	0	0.5798	0.19295	0.10602749999999997	1	Cells_Culturedfibroblasts	Cells_Culturedfibroblasts,Brain_Hypothalamus,Brain_Nucleusaccumbens_basalganglia	3.406,1.89,1.838	1	Cells_Culturedfibroblasts	Cells_Culturedfibroblasts	3.406
chrX	134821326	134821374	chrX	134821326	134822990	PABIR3	perfect	50	0.0850868	0.05715206895178325	0.01277	0.27397	0.07277	0.04610500000000001	2	Liver,WholeBlood	Liver,WholeBlood,Pancreas	3.305,3.283,2.399	2	Liver,WholeBlood	Liver,WholeBlood	3.305,3.283
chrX	136209242	136209339	chrX	136209167	136209442	FHL1	perfect	50	0.0637626	0.11096889356031268	0	0.44599	0.011605	0.045450000000000004	1	Brain_CerebellarHemisphere	Brain_CerebellarHemisphere,Brain_Cerebellum,Brain_FrontalCortex_BA9	3.444,2.965,2.921	1	Brain_CerebellarHemisphere	Brain_CerebellarHemisphere	3.444
chrX	136209339	136209425	chrX	136209167	136209442	FHL1	perfect	50	0.0653784	0.11414502793144073	0	0.45948	0.011715	0.0450525	1	Brain_CerebellarHemisphere	Brain_CerebellarHemisphere,Brain_Cerebellum,Brain_FrontalCortex_BA9	3.453,2.964,2.92	1	Brain_CerebellarHemisphere	Brain_CerebellarHemisphere	3.453
chrX	136209425	136209442	chrX	136209167	136209442	FHL1	perfect	50	0.0637626	0.11096889356031268	0	0.44599	0.011605	0.045450000000000004	1	Brain_CerebellarHemisphere	Brain_CerebellarHemisphere,Brain_Cerebellum,Brain_FrontalCortex_BA9	3.444,2.965,2.921	1	Brain_CerebellarHemisphere	Brain_CerebellarHemisphere	3.444
chrX	136256303	136256319	chrX	136256303	136256482	MAP7D3	perfect	50	0.012817200000000004	0.0358533806244834	0	0.20663	0	0	2	Artery_Coronary,Artery_Tibial	Artery_Tibial,Artery_Coronary,Vagina	5.406,3.237,1.18	2	Artery_Coronary,Artery_Tibial	Artery_Tibial,Artery_Coronary	5.406,3.237
chrX	137577121	137577268	chrX	137577121	137577691	ZIC3	perfect	50	0.0761364	0.1307008805110637	0	0.59649	0	0.18856	1	Testis	Testis,Pituitary,Brain_Hypothalamus	3.981,1.866,1.58	1	Testis	Testis	3.981
chrX	138857511	138857679	chrX	138857511	138857679	FGF13	perfect	50	0.039950799999999995	0.07757978886387396	0	0.4721	0.00139	0.05442	1	Muscle_Skeletal	Muscle_Skeletal,MinorSalivaryGland,Prostate	5.57,1.825,1.479	1	Muscle_Skeletal	Muscle_Skeletal	5.57
chrX	139204058	139204107	chrX	139204058	139204275	FGF13	perfect	50	0.0569942	0.09401731317091312	0	0.47575	0.01048	0.08160750000000001	1	Muscle_Skeletal	Muscle_Skeletal,MinorSalivaryGland,Stomach	4.454,2.642,1.815	1	Muscle_Skeletal	Muscle_Skeletal	4.454
chrX	139832153	139832189	chrX	139832153	139832288	ATP11C	perfect	50	0.2031542	0.09646797935679835	0.03456	0.50531	0.20284999999999997	0.1222875	1	Cells_Culturedfibroblasts	Cells_Culturedfibroblasts,Cells_EBV_transformedlymphocytes,Artery_Tibial	3.132,2.099,1.727	1	Cells_Culturedfibroblasts	Cells_Culturedfibroblasts	3.132
chrX	149688975	149688984	chrX	149688823	149688984	MAGEA11	perfect	50	0.007999999999999995	0.056568542494923844	0	0.4	0	0	1	Esophagus_Mucosa	Esophagus_Mucosa,Adipose_Subcutaneous,Adipose_Visceral_Omentum	6.93,-0.141,-0.141	1	Esophagus_Mucosa	Esophagus_Mucosa	6.93
chrX	150712943	150712970	chrX	150712943	150712970	MTMR1	perfect	50	0.017607200000000003	0.057808659758036354	0	0.36964	0	0	1	Muscle_Skeletal	Muscle_Skeletal,Heart_AtrialAppendage,Heart_LeftVentricle	6.09,1.888,1.738	1	Muscle_Skeletal	Muscle_Skeletal	6.09
chrX	151396839	151397057	chrX	151395876	151397142	ENSG00000287918,VMA21	perfect	50	0.018106	0.026724023511684413	0	0.17609	0.014124999999999999	0.021285	1	Testis	Testis,Adipose_Visceral_Omentum,Liver	5.912,1.426,1.09	1	Testis	Testis	5.912
chrX	153569756	153569764	chrX	153569602	153569962	ATP2B3	perfect	50	0.027061199999999997	0.0876590219960622	0	0.54993	0	0.0134225	1	AdrenalGland	AdrenalGland,Testis,Pituitary	5.965,2.86,1.283	1	AdrenalGland	AdrenalGland	5.965
chrX	154092183	154092209	chrX	154092183	154092307	MECP2	perfect	50	0.4249118	0.08912420875659877	0.26882	0.70805	0.42372	0.09505250000000004	1	WholeBlood	WholeBlood,Liver,Cells_Culturedfibroblasts	3.177,2.582,2.095	1	WholeBlood	WholeBlood	3.177
chrX	154542263	154542452	chrX	154542222	154542452	IKBKG	perfect	50	0.0538228	0.029850183402164502	0	0.16991	0.04741	0.025370000000000004	1	Liver	Liver,AdrenalGland,Cells_Culturedfibroblasts	3.889,2.891,1.777	1	Liver	Liver	3.889
chrX	154882036	154882198	chrX	154882036	154882472	F8	perfect	50	0.0502002	0.05110077524432901	0.0065	0.23889	0.034945000000000004	0.0363975	3	Brain_CerebellarHemisphere,Brain_Cerebellum,WholeBlood	Brain_Cerebellum,Brain_CerebellarHemisphere,WholeBlood	3.693,3.148,3.026	3	Brain_CerebellarHemisphere,Brain_Cerebellum,WholeBlood	Brain_Cerebellum,Brain_CerebellarHemisphere,WholeBlood	3.693,3.148,3.026
chrX	156020960	156021148	chrX	156020825	156021148	WASH6P	perfect	50	0.05334	0.02043191191469354	0.02392	0.15744	0.04877	0.016635000000000004	1	Muscle_Skeletal	Muscle_Skeletal,Heart_LeftVentricle,Brain_CerebellarHemisphere	5.095,1.847,1.474	1	Muscle_Skeletal	Muscle_Skeletal	5.095
chrX	156021680	156021792	chrX	156021327	156023213	ENSG00000270726,ENSG00000295135,WASH6P	perfect	50	0.05334	0.02043191191469354	0.02392	0.15744	0.04877	0.016635000000000004	1	Muscle_Skeletal	Muscle_Skeletal,Heart_LeftVentricle,Brain_CerebellarHemisphere	5.095,1.847,1.474	1	Muscle_Skeletal	Muscle_Skeletal	5.095
chrX	156021998	156022145	chrX	156021327	156023213	ENSG00000270726,ENSG00000295135,WASH6P	perfect	50	0.05334	0.02043191191469354	0.02392	0.15744	0.04877	0.016635000000000004	1	Muscle_Skeletal	Muscle_Skeletal,Heart_LeftVentricle,Brain_CerebellarHemisphere	5.095,1.847,1.474	1	Muscle_Skeletal	Muscle_Skeletal	5.095
chrX	156022322	156022459	chrX	156021327	156023213	ENSG00000270726,ENSG00000295135,WASH6P	perfect	50	0.05334	0.02043191191469354	0.02392	0.15744	0.04877	0.016635000000000004	1	Muscle_Skeletal	Muscle_Skeletal,Heart_LeftVentricle,Brain_CerebellarHemisphere	5.095,1.847,1.474	1	Muscle_Skeletal	Muscle_Skeletal	5.095
chrX	156022698	156022834	chrX	156021327	156023213	ENSG00000270726,ENSG00000295135,WASH6P	perfect	50	0.05334	0.02043191191469354	0.02392	0.15744	0.04877	0.016635000000000004	1	Muscle_Skeletal	Muscle_Skeletal,Heart_LeftVentricle,Brain_CerebellarHemisphere	5.095,1.847,1.474	1	Muscle_Skeletal	Muscle_Skeletal	5.095
chrX	156023011	156023213	chrX	156021327	156023213	ENSG00000270726,ENSG00000295135,WASH6P	perfect	50	0.05334	0.02043191191469354	0.02392	0.15744	0.04877	0.016635000000000004	1	Muscle_Skeletal	Muscle_Skeletal,Heart_LeftVentricle,Brain_CerebellarHemisphere	5.095,1.847,1.474	1	Muscle_Skeletal	Muscle_Skeletal	5.095
chrX	156023301	156023460	chrX	156023301	156026837	DDX11L16,ENSG00000295135,WASH6P	perfect	50	0.05334	0.02043191191469354	0.02392	0.15744	0.04877	0.016635000000000004	1	Muscle_Skeletal	Muscle_Skeletal,Heart_LeftVentricle,Brain_CerebellarHemisphere	5.095,1.847,1.474	1	Muscle_Skeletal	Muscle_Skeletal	5.095
chrX	156024119	156024272	chrX	156023301	156026837	DDX11L16,ENSG00000295135,WASH6P	perfect	50	0.05334	0.02043191191469354	0.02392	0.15744	0.04877	0.016635000000000004	1	Muscle_Skeletal	Muscle_Skeletal,Heart_LeftVentricle,Brain_CerebellarHemisphere	5.095,1.847,1.474	1	Muscle_Skeletal	Muscle_Skeletal	5.095
chrX	156025031	156025100	chrX	156023301	156026837	DDX11L16,ENSG00000295135,WASH6P	perfect	50	0.05334	0.02043191191469354	0.02392	0.15744	0.04877	0.016635000000000004	1	Muscle_Skeletal	Muscle_Skeletal,Heart_LeftVentricle,Brain_CerebellarHemisphere	5.095,1.847,1.474	1	Muscle_Skeletal	Muscle_Skeletal	5.095
chrX	156025240	156025371	chrX	156023301	156026837	DDX11L16,ENSG00000295135,WASH6P	perfect	50	0.05334	0.02043191191469354	0.02392	0.15744	0.04877	0.016635000000000004	1	Muscle_Skeletal	Muscle_Skeletal,Heart_LeftVentricle,Brain_CerebellarHemisphere	5.095,1.847,1.474	1	Muscle_Skeletal	Muscle_Skeletal	5.095
chrY	2841943	2841973	chrY	2841919	2841973	RPS4Y1	perfect	50	0.6084262	0.07609672354474205	0.36285	0.83871	0.609675	0.066585	1	Uterus	Uterus,Ovary,Vagina	3.026,2.712,1.688	1	Uterus	Uterus	3.026
chrY	5032696	5032728	chrY	5032669	5032728	PCDH11Y	perfect	50	0.011870200000000001	0.05305800189665372	0	0.28571	0	0	2	Bladder,Prostate	Prostate,Bladder,Brain_Cortex	5.161,4.488,0.122	2	Bladder,Prostate	Prostate,Bladder	5.161,4.488
chrY	5104343	5104358	chrY	5104343	5105459	PCDH11Y	perfect	50	0.011870200000000001	0.05305800189665372	0	0.28571	0	0	2	Bladder,Prostate	Prostate,Bladder,Brain_Cortex	5.161,4.488,0.122	2	Bladder,Prostate	Prostate,Bladder	5.161,4.488
chrY	7100784	7100850	chrY	7100068	7100850	ENSG00000309393,GPR143YP,TBL1Y	perfect	50	0.013069599999999997	0.06911695600936141	0	0.44737	0	0	1	Prostate	Prostate,Thyroid,Adipose_Subcutaneous	6.284,2.793,-0.189	1	Prostate	Prostate	6.284
chrY	7101818	7101863	chrY	7101818	7101970	TBL1Y	perfect	50	0.013069599999999997	0.06911695600936141	0	0.44737	0	0	1	Prostate	Prostate,Thyroid,Adipose_Subcutaneous	6.284,2.793,-0.189	1	Prostate	Prostate	6.284
chrY	12905779	12905815	chrY	12905737	12905815	DDX3Y	perfect	50	0.0069965999999999995	0.027666249800072287	0	0.15611	0	1.65e-4	2	Cells_EBV_transformedlymphocytes,Testis	Cells_EBV_transformedlymphocytes,Testis,Cells_Culturedfibroblasts	5.39,4.091,0.674	2	Cells_EBV_transformedlymphocytes,Testis	Cells_EBV_transformedlymphocytes,Testis	5.39,4.091
chrY	14733451	14733534	chrY	14733451	14733549	NLGN4Y	perfect	50	0.04640700000000001	0.10613107927829395	0	0.55556	0	0	1	Liver	Liver,Cells_Culturedfibroblasts,Cells_EBV_transformedlymphocytes	4.797,2.226,2.083	1	Liver	Liver	4.797
chrY	24045606	24045676	chrY	24045228	24045676	CDY1B	perfect	50	0.003990399999999997	0.02821638899646799	0	0.19952	0	0	1	Testis	Testis,Adipose_Subcutaneous,Adipose_Visceral_Omentum	6.93,-0.141,-0.141	1	Testis	Testis	6.93
