chrom	start	end	exon_chr	exon_start	exon_end	exon_gene	overlap_type	n_tissues	mean_pext	sd_pext	min_pext	max_pext	median_pext	iqr_pext	n_flagged	flagged_tissues	top3_tissues_by_z	top3_z	pext_tissue	tissue_z	tissue_flagged	tissues_matched
chr1	1034555	1034703	chr1	1034105	1034703	AGRN	perfect	50	0.0146674	0.02491983906080307	0	0.10531	0.005795	0.01318	2	Brain_Cortex,Brain_FrontalCortex_BA9	Brain_FrontalCortex_BA9,Brain_Cortex,Brain_Anteriorcingulatecortex_BA24	3.637,3.432,2.83	0.10531	3.637366990165423	TRUE	Brain_Amygdala,Brain_Anteriorcingulatecortex_BA24,Brain_Caudate_basalganglia,Brain_CerebellarHemisphere,Brain_Cerebellum,Brain_Cortex,Brain_FrontalCortex_BA9,Brain_Hippocampus,Brain_Hypothalamus,Brain_Nucleusaccumbens_basalganglia,Brain_Putamen_basalganglia,Brain_Spinalcord_cervicalc_1,Brain_Substantianigra
chr1	1051031	1051043	chr1	1051031	1051043	AGRN	perfect	50	0.031435199999999996	0.054227263541355986	0	0.20739	0.00198	0.043085	1	Brain_FrontalCortex_BA9	Brain_FrontalCortex_BA9,Brain_Cortex,Brain_Anteriorcingulatecortex_BA24	3.245,2.886,2.425	0.20739	3.244766350155388	TRUE	Brain_Amygdala,Brain_Anteriorcingulatecortex_BA24,Brain_Caudate_basalganglia,Brain_CerebellarHemisphere,Brain_Cerebellum,Brain_Cortex,Brain_FrontalCortex_BA9,Brain_Hippocampus,Brain_Hypothalamus,Brain_Nucleusaccumbens_basalganglia,Brain_Putamen_basalganglia,Brain_Spinalcord_cervicalc_1,Brain_Substantianigra
chr1	1361241	1361263	chr1	1361241	1361777	MXRA8	perfect	50	0.0245918	0.03490979511044231	0	0.14902	0.00962	0.0226525	1	Brain_CerebellarHemisphere	Brain_CerebellarHemisphere,Brain_Cerebellum,Brain_FrontalCortex_BA9	3.564,2.623,2.383	0.14902	3.5642775790105032	TRUE	Brain_Amygdala,Brain_Anteriorcingulatecortex_BA24,Brain_Caudate_basalganglia,Brain_CerebellarHemisphere,Brain_Cerebellum,Brain_Cortex,Brain_FrontalCortex_BA9,Brain_Hippocampus,Brain_Hypothalamus,Brain_Nucleusaccumbens_basalganglia,Brain_Putamen_basalganglia,Brain_Spinalcord_cervicalc_1,Brain_Substantianigra
chr1	1988126	1988133	chr1	1987961	1988133	CFAP74	perfect	50	0.02854839999999999	0.0842658540853571	0	0.4	0	0	2	AdrenalGland,Brain_Substantianigra	Brain_Substantianigra,AdrenalGland,Pituitary	4.408,3.958,2.4	0.4	4.408091557746963	TRUE	Brain_Amygdala,Brain_Anteriorcingulatecortex_BA24,Brain_Caudate_basalganglia,Brain_CerebellarHemisphere,Brain_Cerebellum,Brain_Cortex,Brain_FrontalCortex_BA9,Brain_Hippocampus,Brain_Hypothalamus,Brain_Nucleusaccumbens_basalganglia,Brain_Putamen_basalganglia,Brain_Spinalcord_cervicalc_1,Brain_Substantianigra
chr1	11294872	11294883	chr1	11294872	11296049	UBIAD1	perfect	50	0.11955339999999999	0.06305848492357823	0.05217	0.36807	0.101785	0.06054499999999999	2	Brain_CerebellarHemisphere,Brain_Cerebellum	Brain_Cerebellum,Brain_CerebellarHemisphere,Muscle_Skeletal	3.941,3.297,1.33	0.36807	3.941049333823704	TRUE	Brain_Amygdala,Brain_Anteriorcingulatecortex_BA24,Brain_Caudate_basalganglia,Brain_CerebellarHemisphere,Brain_Cerebellum,Brain_Cortex,Brain_FrontalCortex_BA9,Brain_Hippocampus,Brain_Hypothalamus,Brain_Nucleusaccumbens_basalganglia,Brain_Putamen_basalganglia,Brain_Spinalcord_cervicalc_1,Brain_Substantianigra
chr1	11294883	11294887	chr1	11294872	11296049	UBIAD1	perfect	50	0.10421419999999999	0.05266733871873806	0.05217	0.33002	0.0908	0.0458625	2	Brain_CerebellarHemisphere,Brain_Cerebellum	Brain_Cerebellum,Brain_CerebellarHemisphere,Brain_Nucleusaccumbens_basalganglia	4.287,3.465,1.433	0.33002	4.287397189477935	TRUE	Brain_Amygdala,Brain_Anteriorcingulatecortex_BA24,Brain_Caudate_basalganglia,Brain_CerebellarHemisphere,Brain_Cerebellum,Brain_Cortex,Brain_FrontalCortex_BA9,Brain_Hippocampus,Brain_Hypothalamus,Brain_Nucleusaccumbens_basalganglia,Brain_Putamen_basalganglia,Brain_Spinalcord_cervicalc_1,Brain_Substantianigra
chr1	19327570	19327618	chr1	19327570	19328081	SLC66A1	perfect	50	0.2204388	0.05973366410243088	0.128	0.43604	0.21366000000000002	0.047514999999999974	2	Brain_CerebellarHemisphere,Brain_Cerebellum	Brain_Cerebellum,Brain_CerebellarHemisphere,Ovary	3.609,3.557,1.711	0.43604	3.60937510262703	TRUE	Brain_Amygdala,Brain_Anteriorcingulatecortex_BA24,Brain_Caudate_basalganglia,Brain_CerebellarHemisphere,Brain_Cerebellum,Brain_Cortex,Brain_FrontalCortex_BA9,Brain_Hippocampus,Brain_Hypothalamus,Brain_Nucleusaccumbens_basalganglia,Brain_Putamen_basalganglia,Brain_Spinalcord_cervicalc_1,Brain_Substantianigra
chr1	29068732	29068768	chr1	29068732	29068783	EPB41	perfect	50	0.029690400000000002	0.026487038567601942	0	0.10924	0.026605	0.0276225	1	Brain_FrontalCortex_BA9	Brain_FrontalCortex_BA9,Brain_Caudate_basalganglia,Brain_Cortex	3.003,2.169,2.005	0.10924	3.0033406640371796	TRUE	Brain_Amygdala,Brain_Anteriorcingulatecortex_BA24,Brain_Caudate_basalganglia,Brain_CerebellarHemisphere,Brain_Cerebellum,Brain_Cortex,Brain_FrontalCortex_BA9,Brain_Hippocampus,Brain_Hypothalamus,Brain_Nucleusaccumbens_basalganglia,Brain_Putamen_basalganglia,Brain_Spinalcord_cervicalc_1,Brain_Substantianigra
chr1	44017046	44017133	chr1	44017046	44017340	SLC6A9	perfect	50	0.019678400000000006	0.0408641273430647	0	0.20234	0	0.0124575	1	Brain_Spinalcord_cervicalc_1	Brain_Spinalcord_cervicalc_1,Brain_Substantianigra,Brain_Hippocampus	4.47,2.399,1.911	0.20234	4.469974324093833	TRUE	Brain_Amygdala,Brain_Anteriorcingulatecortex_BA24,Brain_Caudate_basalganglia,Brain_CerebellarHemisphere,Brain_Cerebellum,Brain_Cortex,Brain_FrontalCortex_BA9,Brain_Hippocampus,Brain_Hypothalamus,Brain_Nucleusaccumbens_basalganglia,Brain_Putamen_basalganglia,Brain_Spinalcord_cervicalc_1,Brain_Substantianigra
chr1	52993257	52993274	chr1	52993200	52996026	RRAS2P1,SCP2,TUBBP10	perfect	50	0.0327182	0.060009988953880815	0	0.25882	0.00312	0.035512499999999995	2	Brain_CerebellarHemisphere,Brain_Cerebellum	Brain_CerebellarHemisphere,Brain_Cerebellum,Brain_FrontalCortex_BA9	3.768,3.243,2.624	0.25882	3.7677360709692	TRUE	Brain_Amygdala,Brain_Anteriorcingulatecortex_BA24,Brain_Caudate_basalganglia,Brain_CerebellarHemisphere,Brain_Cerebellum,Brain_Cortex,Brain_FrontalCortex_BA9,Brain_Hippocampus,Brain_Hypothalamus,Brain_Nucleusaccumbens_basalganglia,Brain_Putamen_basalganglia,Brain_Spinalcord_cervicalc_1,Brain_Substantianigra
chr1	54048649	54048682	chr1	54048649	54048682	TMEM59	perfect	50	0.102404	0.023991216675088	0.04473	0.19245	0.09590499999999999	0.025377499999999997	1	Brain_CerebellarHemisphere	Brain_CerebellarHemisphere,Brain_Cerebellum,Ovary	3.753,1.928,1.695	0.19245	3.7532902653287272	TRUE	Brain_Amygdala,Brain_Anteriorcingulatecortex_BA24,Brain_Caudate_basalganglia,Brain_CerebellarHemisphere,Brain_Cerebellum,Brain_Cortex,Brain_FrontalCortex_BA9,Brain_Hippocampus,Brain_Hypothalamus,Brain_Nucleusaccumbens_basalganglia,Brain_Putamen_basalganglia,Brain_Spinalcord_cervicalc_1,Brain_Substantianigra
chr1	65992906	65993142	chr1	65992421	65993142	PDE4B	perfect	50	0.05586560000000001	0.09341898561921146	0	0.41059	0	0.0908125	1	Brain_Spinalcord_cervicalc_1	Brain_Spinalcord_cervicalc_1,Brain_Hippocampus,Brain_Substantianigra	3.797,2.055,1.794	0.41059	3.797133929990474	TRUE	Brain_Amygdala,Brain_Anteriorcingulatecortex_BA24,Brain_Caudate_basalganglia,Brain_CerebellarHemisphere,Brain_Cerebellum,Brain_Cortex,Brain_FrontalCortex_BA9,Brain_Hippocampus,Brain_Hypothalamus,Brain_Nucleusaccumbens_basalganglia,Brain_Putamen_basalganglia,Brain_Spinalcord_cervicalc_1,Brain_Substantianigra
chr1	84164412	84164422	chr1	84164302	84164422	PRKACB	perfect	50	0.3130348	0.1165059299049641	0	0.70473	0.319685	0.08553000000000005	1	Brain_CerebellarHemisphere	Brain_CerebellarHemisphere,Brain_Cerebellum,Pituitary	3.362,2.68,1.978	0.70473	3.3620194295647656	TRUE	Brain_Amygdala,Brain_Anteriorcingulatecortex_BA24,Brain_Caudate_basalganglia,Brain_CerebellarHemisphere,Brain_Cerebellum,Brain_Cortex,Brain_FrontalCortex_BA9,Brain_Hippocampus,Brain_Hypothalamus,Brain_Nucleusaccumbens_basalganglia,Brain_Putamen_basalganglia,Brain_Spinalcord_cervicalc_1,Brain_Substantianigra
chr1	84173328	84173352	chr1	84173328	84173352	PRKACB	perfect	50	0.08863159999999999	0.11504492571200883	0.00511	0.43963	0.025140000000000003	0.1020225	1	Brain_CerebellarHemisphere	Brain_CerebellarHemisphere,Brain_FrontalCortex_BA9,Brain_Anteriorcingulatecortex_BA24	3.051,2.261,1.983	0.43963	3.050968113784105	TRUE	Brain_Amygdala,Brain_Anteriorcingulatecortex_BA24,Brain_Caudate_basalganglia,Brain_CerebellarHemisphere,Brain_Cerebellum,Brain_Cortex,Brain_FrontalCortex_BA9,Brain_Hippocampus,Brain_Hypothalamus,Brain_Nucleusaccumbens_basalganglia,Brain_Putamen_basalganglia,Brain_Spinalcord_cervicalc_1,Brain_Substantianigra
chr1	84175032	84175056	chr1	84175032	84175056	PRKACB	perfect	50	0.08901680000000001	0.11585706268167031	0.00511	0.44737	0.025140000000000003	0.1028825	1	Brain_CerebellarHemisphere	Brain_CerebellarHemisphere,Brain_FrontalCortex_BA9,Brain_Cerebellum	3.093,2.25,1.996	0.44737	3.0930630529155896	TRUE	Brain_Amygdala,Brain_Anteriorcingulatecortex_BA24,Brain_Caudate_basalganglia,Brain_CerebellarHemisphere,Brain_Cerebellum,Brain_Cortex,Brain_FrontalCortex_BA9,Brain_Hippocampus,Brain_Hypothalamus,Brain_Nucleusaccumbens_basalganglia,Brain_Putamen_basalganglia,Brain_Spinalcord_cervicalc_1,Brain_Substantianigra
chr1	86368635	86368722	chr1	86368635	86368722	ODF2L	perfect	50	0.1251082	0.0304378457154234	0.07261	0.21755	0.12401	0.044170000000000015	1	Brain_CerebellarHemisphere	Brain_CerebellarHemisphere,Brain_Cerebellum,Brain_Caudate_basalganglia	3.037,1.97,1.433	0.21755	3.037067763082789	TRUE	Brain_Amygdala,Brain_Anteriorcingulatecortex_BA24,Brain_Caudate_basalganglia,Brain_CerebellarHemisphere,Brain_Cerebellum,Brain_Cortex,Brain_FrontalCortex_BA9,Brain_Hippocampus,Brain_Hypothalamus,Brain_Nucleusaccumbens_basalganglia,Brain_Putamen_basalganglia,Brain_Spinalcord_cervicalc_1,Brain_Substantianigra
chr1	101846844	101846973	chr1	101846844	101846973	OLFM3	perfect	50	0.032580399999999995	0.05837797494792367	0	0.2475	0	0.05326	1	Brain_Hypothalamus	Brain_Hypothalamus,Esophagus_GastroesophagealJunction,Brain_FrontalCortex_BA9	3.682,2.868,1.955	0.2475	3.681518589703051	TRUE	Brain_Amygdala,Brain_Anteriorcingulatecortex_BA24,Brain_Caudate_basalganglia,Brain_CerebellarHemisphere,Brain_Cerebellum,Brain_Cortex,Brain_FrontalCortex_BA9,Brain_Hippocampus,Brain_Hypothalamus,Brain_Nucleusaccumbens_basalganglia,Brain_Putamen_basalganglia,Brain_Spinalcord_cervicalc_1,Brain_Substantianigra
chr1	109665010	109665028	chr1	109665010	109665496	GSTM4	perfect	50	0.2244092	0.05546783185572976	0.12893	0.39327	0.22956	0.06961250000000002	1	Brain_Cerebellum	Brain_Cerebellum,Brain_CerebellarHemisphere,Ovary	3.044,2.992,1.267	0.39327	3.044301432931471	TRUE	Brain_Amygdala,Brain_Anteriorcingulatecortex_BA24,Brain_Caudate_basalganglia,Brain_CerebellarHemisphere,Brain_Cerebellum,Brain_Cortex,Brain_FrontalCortex_BA9,Brain_Hippocampus,Brain_Hypothalamus,Brain_Nucleusaccumbens_basalganglia,Brain_Putamen_basalganglia,Brain_Spinalcord_cervicalc_1,Brain_Substantianigra
chr1	147631055	147631065	chr1	147629651	147631065	ACP6	perfect	50	0.1623836	0.08835818853198081	0.08087	0.44946	0.126635	0.10052499999999999	2	Brain_CerebellarHemisphere,Brain_Cerebellum	Brain_CerebellarHemisphere,Brain_Cerebellum,Brain_Hypothalamus	3.249,3.173,1.51	0.44946	3.24900730503426	TRUE	Brain_Amygdala,Brain_Anteriorcingulatecortex_BA24,Brain_Caudate_basalganglia,Brain_CerebellarHemisphere,Brain_Cerebellum,Brain_Cortex,Brain_FrontalCortex_BA9,Brain_Hippocampus,Brain_Hypothalamus,Brain_Nucleusaccumbens_basalganglia,Brain_Putamen_basalganglia,Brain_Spinalcord_cervicalc_1,Brain_Substantianigra
chr1	154158971	154159048	chr1	154155307	154159048	TPM3	perfect	50	0.078627	0.12856195376596624	0	0.53072	0.01772	0.06162000000000001	2	Brain_CerebellarHemisphere,Brain_Cerebellum	Brain_CerebellarHemisphere,Brain_Cerebellum,Brain_FrontalCortex_BA9	3.517,3.033,2.271	0.53072	3.516538032884819	TRUE	Brain_Amygdala,Brain_Anteriorcingulatecortex_BA24,Brain_Caudate_basalganglia,Brain_CerebellarHemisphere,Brain_Cerebellum,Brain_Cortex,Brain_FrontalCortex_BA9,Brain_Hippocampus,Brain_Hypothalamus,Brain_Nucleusaccumbens_basalganglia,Brain_Putamen_basalganglia,Brain_Spinalcord_cervicalc_1,Brain_Substantianigra
chr1	156601408	156601439	chr1	156600104	156602575	GPATCH4,NAXE	perfect	50	0.019672199999999997	0.022566831655763987	0	0.11192	0.019584999999999998	0.031835	1	Brain_CerebellarHemisphere	Brain_CerebellarHemisphere,Brain_Cerebellum,Cells_Culturedfibroblasts	4.088,1.841,1.541	0.11192	4.087760364731493	TRUE	Brain_Amygdala,Brain_Anteriorcingulatecortex_BA24,Brain_Caudate_basalganglia,Brain_CerebellarHemisphere,Brain_Cerebellum,Brain_Cortex,Brain_FrontalCortex_BA9,Brain_Hippocampus,Brain_Hypothalamus,Brain_Nucleusaccumbens_basalganglia,Brain_Putamen_basalganglia,Brain_Spinalcord_cervicalc_1,Brain_Substantianigra
chr1	183742157	183742289	chr1	183742125	183742289	RGL1	perfect	50	0.0706454	0.0875112296749651	0	0.48886	0.04153	0.0556075	2	Brain_CerebellarHemisphere,Brain_Cerebellum	Brain_CerebellarHemisphere,Brain_Cerebellum,Testis	4.779,3.035,1.589	0.48886	4.778982098107134	TRUE	Brain_Amygdala,Brain_Anteriorcingulatecortex_BA24,Brain_Caudate_basalganglia,Brain_CerebellarHemisphere,Brain_Cerebellum,Brain_Cortex,Brain_FrontalCortex_BA9,Brain_Hippocampus,Brain_Hypothalamus,Brain_Nucleusaccumbens_basalganglia,Brain_Putamen_basalganglia,Brain_Spinalcord_cervicalc_1,Brain_Substantianigra
chr1	197918315	197918360	chr1	197918315	197918766	LHX9	perfect	50	0.012877000000000001	0.049268284050343274	0	0.27778	0	0	2	Brain_Amygdala,Brain_Hypothalamus	Brain_Amygdala,Brain_Hypothalamus,Ovary	5.377,3.429,1.696	0.27778	5.376745001496643	TRUE	Brain_Amygdala,Brain_Anteriorcingulatecortex_BA24,Brain_Caudate_basalganglia,Brain_CerebellarHemisphere,Brain_Cerebellum,Brain_Cortex,Brain_FrontalCortex_BA9,Brain_Hippocampus,Brain_Hypothalamus,Brain_Nucleusaccumbens_basalganglia,Brain_Putamen_basalganglia,Brain_Spinalcord_cervicalc_1,Brain_Substantianigra
chr1	204962107	204962158	chr1	204962107	204962158	NFASC	perfect	50	0.024718400000000005	0.04127127035325454	0	0.1497	0.00108	0.038114999999999996	1	Brain_Spinalcord_cervicalc_1	Brain_Spinalcord_cervicalc_1,Brain_Caudate_basalganglia,Brain_Amygdala	3.028,2.302,2.175	0.1497	3.0282954445123904	TRUE	Brain_Amygdala,Brain_Anteriorcingulatecortex_BA24,Brain_Caudate_basalganglia,Brain_CerebellarHemisphere,Brain_Cerebellum,Brain_Cortex,Brain_FrontalCortex_BA9,Brain_Hippocampus,Brain_Hypothalamus,Brain_Nucleusaccumbens_basalganglia,Brain_Putamen_basalganglia,Brain_Spinalcord_cervicalc_1,Brain_Substantianigra
chr1	204984026	204984142	chr1	204984026	204984329	NFASC	perfect	50	0.0179918	0.03245881614713437	0	0.11854	0	0.014045	1	Brain_Spinalcord_cervicalc_1	Brain_Spinalcord_cervicalc_1,Brain_Caudate_basalganglia,Brain_Putamen_basalganglia	3.098,2.614,2.405	0.11854	3.0977161811515086	TRUE	Brain_Amygdala,Brain_Anteriorcingulatecortex_BA24,Brain_Caudate_basalganglia,Brain_CerebellarHemisphere,Brain_Cerebellum,Brain_Cortex,Brain_FrontalCortex_BA9,Brain_Hippocampus,Brain_Hypothalamus,Brain_Nucleusaccumbens_basalganglia,Brain_Putamen_basalganglia,Brain_Spinalcord_cervicalc_1,Brain_Substantianigra
chr1	204985909	204986114	chr1	204985909	204986114	NFASC	perfect	50	0.0179918	0.03245881614713437	0	0.11854	0	0.014045	1	Brain_Spinalcord_cervicalc_1	Brain_Spinalcord_cervicalc_1,Brain_Caudate_basalganglia,Brain_Putamen_basalganglia	3.098,2.614,2.405	0.11854	3.0977161811515086	TRUE	Brain_Amygdala,Brain_Anteriorcingulatecortex_BA24,Brain_Caudate_basalganglia,Brain_CerebellarHemisphere,Brain_Cerebellum,Brain_Cortex,Brain_FrontalCortex_BA9,Brain_Hippocampus,Brain_Hypothalamus,Brain_Nucleusaccumbens_basalganglia,Brain_Putamen_basalganglia,Brain_Spinalcord_cervicalc_1,Brain_Substantianigra
chr1	210861000	210861143	chr1	210858124	210862285	IPO8P1,KCNH1	perfect	50	0.06589999999999999	0.23233001246906826	0	1	0	0	3	Brain_CerebellarHemisphere,Brain_Cerebellum,Brain_FrontalCortex_BA9	Brain_CerebellarHemisphere,Brain_Cerebellum,Brain_FrontalCortex_BA9	4.021,3.676,3.483	1	4.02057396749102	TRUE	Brain_Amygdala,Brain_Anteriorcingulatecortex_BA24,Brain_Caudate_basalganglia,Brain_CerebellarHemisphere,Brain_Cerebellum,Brain_Cortex,Brain_FrontalCortex_BA9,Brain_Hippocampus,Brain_Hypothalamus,Brain_Nucleusaccumbens_basalganglia,Brain_Putamen_basalganglia,Brain_Spinalcord_cervicalc_1,Brain_Substantianigra
chr1	220808858	220808889	chr1	220808858	220808976	MTARC1	perfect	50	0.013605999999999997	0.02792563148574354	0	0.10552	0	0.0018050000000000002	3	Brain_Caudate_basalganglia,Brain_Nucleusaccumbens_basalganglia,Brain_Putamen_basalganglia	Brain_Putamen_basalganglia,Brain_Caudate_basalganglia,Brain_Nucleusaccumbens_basalganglia	3.291,3.128,3.094	0.10552	3.2913848357170905	TRUE	Brain_Amygdala,Brain_Anteriorcingulatecortex_BA24,Brain_Caudate_basalganglia,Brain_CerebellarHemisphere,Brain_Cerebellum,Brain_Cortex,Brain_FrontalCortex_BA9,Brain_Hippocampus,Brain_Hypothalamus,Brain_Nucleusaccumbens_basalganglia,Brain_Putamen_basalganglia,Brain_Spinalcord_cervicalc_1,Brain_Substantianigra
chr1	226917526	226917660	chr1	226917526	226918055	ENSG00000288674,PSEN2	perfect	50	0.048819	0.02168381360482929	0.01849	0.14329	0.0463	0.013434999999999996	2	Brain_CerebellarHemisphere,Brain_Cerebellum	Brain_CerebellarHemisphere,Brain_Cerebellum,Nerve_Tibial	4.357,4.296,1.145	0.14329	4.356752078839119	TRUE	Brain_Amygdala,Brain_Anteriorcingulatecortex_BA24,Brain_Caudate_basalganglia,Brain_CerebellarHemisphere,Brain_Cerebellum,Brain_Cortex,Brain_FrontalCortex_BA9,Brain_Hippocampus,Brain_Hypothalamus,Brain_Nucleusaccumbens_basalganglia,Brain_Putamen_basalganglia,Brain_Spinalcord_cervicalc_1,Brain_Substantianigra
chr1	231462437	231462467	chr1	231462437	231462674	ENSG00000287856	perfect	50	0.09154420000000002	0.2794280092901881	0	1	0	0	3	Brain_FrontalCortex_BA9,Brain_Spinalcord_cervicalc_1,Testis	Brain_FrontalCortex_BA9,Brain_Spinalcord_cervicalc_1,Testis	3.251,3.251,3.251	1	3.2511264790802055	TRUE	Brain_Amygdala,Brain_Anteriorcingulatecortex_BA24,Brain_Caudate_basalganglia,Brain_CerebellarHemisphere,Brain_Cerebellum,Brain_Cortex,Brain_FrontalCortex_BA9,Brain_Hippocampus,Brain_Hypothalamus,Brain_Nucleusaccumbens_basalganglia,Brain_Putamen_basalganglia,Brain_Spinalcord_cervicalc_1,Brain_Substantianigra
chr1	240180168	240180180	chr1	240180168	240180180	FMN2	perfect	50	0.0123234	0.028574280401245124	0	0.13876	0	0.007245	2	Brain_CerebellarHemisphere,Brain_Cerebellum	Brain_CerebellarHemisphere,Brain_Cerebellum,Brain_FrontalCortex_BA9	4.425,3.537,1.83	0.13876	4.4248393388933955	TRUE	Brain_Amygdala,Brain_Anteriorcingulatecortex_BA24,Brain_Caudate_basalganglia,Brain_CerebellarHemisphere,Brain_Cerebellum,Brain_Cortex,Brain_FrontalCortex_BA9,Brain_Hippocampus,Brain_Hypothalamus,Brain_Nucleusaccumbens_basalganglia,Brain_Putamen_basalganglia,Brain_Spinalcord_cervicalc_1,Brain_Substantianigra
chr1	243612989	243613034	chr1	243610505	243613034	AKT3	perfect	50	0.0448224	0.021115260712072103	0.01232	0.13161	0.043415	0.0183025	1	Brain_Spinalcord_cervicalc_1	Brain_Spinalcord_cervicalc_1,Brain_Substantianigra,Brain_Putamen_basalganglia	4.11,2.904,1.475	0.13161	4.110183681055922	TRUE	Brain_Amygdala,Brain_Anteriorcingulatecortex_BA24,Brain_Caudate_basalganglia,Brain_CerebellarHemisphere,Brain_Cerebellum,Brain_Cortex,Brain_FrontalCortex_BA9,Brain_Hippocampus,Brain_Hypothalamus,Brain_Nucleusaccumbens_basalganglia,Brain_Putamen_basalganglia,Brain_Spinalcord_cervicalc_1,Brain_Substantianigra
chr10	18261269	18261317	chr10	18260399	18261504	CACNB2,CACNB2-AS2	perfect	50	0.015460000000000002	0.030179297877985206	0	0.12607	0	0.0154625	1	Brain_FrontalCortex_BA9	Brain_FrontalCortex_BA9,Brain_Cortex,Brain_Putamen_basalganglia	3.665,2.905,2.432	0.12607	3.6650952068930107	TRUE	Brain_Amygdala,Brain_Anteriorcingulatecortex_BA24,Brain_Caudate_basalganglia,Brain_CerebellarHemisphere,Brain_Cerebellum,Brain_Cortex,Brain_FrontalCortex_BA9,Brain_Hippocampus,Brain_Hypothalamus,Brain_Nucleusaccumbens_basalganglia,Brain_Putamen_basalganglia,Brain_Spinalcord_cervicalc_1,Brain_Substantianigra
chr10	49708360	49708614	chr10	49708360	49710261	C10orf53	perfect	50	0.005466	0.02727197380282623	0	0.15385	0	0	2	Brain_Hypothalamus,Testis	Brain_Hypothalamus,Testis,Adipose_Subcutaneous	5.441,4.18,-0.2	0.15385	5.440896983577432	TRUE	Brain_Amygdala,Brain_Anteriorcingulatecortex_BA24,Brain_Caudate_basalganglia,Brain_CerebellarHemisphere,Brain_Cerebellum,Brain_Cortex,Brain_FrontalCortex_BA9,Brain_Hippocampus,Brain_Hypothalamus,Brain_Nucleusaccumbens_basalganglia,Brain_Putamen_basalganglia,Brain_Spinalcord_cervicalc_1,Brain_Substantianigra
chr10	68070495	68070599	chr10	68067688	68070599	HERC4	perfect	50	0.1028394	0.04060797777304759	0.03554	0.26784	0.09626499999999999	0.030405000000000015	2	Brain_CerebellarHemisphere,Brain_Cerebellum	Brain_CerebellarHemisphere,Brain_Cerebellum,WholeBlood	4.063,3.031,2.228	0.26784	4.063255770138708	TRUE	Brain_Amygdala,Brain_Anteriorcingulatecortex_BA24,Brain_Caudate_basalganglia,Brain_CerebellarHemisphere,Brain_Cerebellum,Brain_Cortex,Brain_FrontalCortex_BA9,Brain_Hippocampus,Brain_Hypothalamus,Brain_Nucleusaccumbens_basalganglia,Brain_Putamen_basalganglia,Brain_Spinalcord_cervicalc_1,Brain_Substantianigra
chr10	68135458	68135512	chr10	68135458	68135512	MYPN	perfect	50	0.030677199999999995	0.145565164929593	0	1	0	0	1	Brain_Hippocampus	Brain_Hippocampus,Testis,Heart_LeftVentricle	6.659,1.417,0.697	1	6.6590299984810395	TRUE	Brain_Amygdala,Brain_Anteriorcingulatecortex_BA24,Brain_Caudate_basalganglia,Brain_CerebellarHemisphere,Brain_Cerebellum,Brain_Cortex,Brain_FrontalCortex_BA9,Brain_Hippocampus,Brain_Hypothalamus,Brain_Nucleusaccumbens_basalganglia,Brain_Putamen_basalganglia,Brain_Spinalcord_cervicalc_1,Brain_Substantianigra
chr10	69953947	69954025	chr10	69953947	69954025	COL13A1	perfect	50	0.010728399999999999	0.039557434573551625	0	0.20272	0	0	2	Brain_CerebellarHemisphere,Brain_Cerebellum	Brain_CerebellarHemisphere,Brain_Cerebellum,Artery_Tibial	4.853,4.678,0.533	0.20272	4.85348966811834	TRUE	Brain_Amygdala,Brain_Anteriorcingulatecortex_BA24,Brain_Caudate_basalganglia,Brain_CerebellarHemisphere,Brain_Cerebellum,Brain_Cortex,Brain_FrontalCortex_BA9,Brain_Hippocampus,Brain_Hypothalamus,Brain_Nucleusaccumbens_basalganglia,Brain_Putamen_basalganglia,Brain_Spinalcord_cervicalc_1,Brain_Substantianigra
chr10	76319209	76319212	chr10	76318333	76319212	LRMDA	perfect	50	0.016173799999999995	0.06339497233944004	0	0.35345	9.15e-4	0.003565	2	Brain_CerebellarHemisphere,Brain_Cerebellum	Brain_Cerebellum,Brain_CerebellarHemisphere,Artery_Tibial	5.32,4.236,0.556	0.35345	5.3202357782270004	TRUE	Brain_Amygdala,Brain_Anteriorcingulatecortex_BA24,Brain_Caudate_basalganglia,Brain_CerebellarHemisphere,Brain_Cerebellum,Brain_Cortex,Brain_FrontalCortex_BA9,Brain_Hippocampus,Brain_Hypothalamus,Brain_Nucleusaccumbens_basalganglia,Brain_Putamen_basalganglia,Brain_Spinalcord_cervicalc_1,Brain_Substantianigra
chr10	76877868	76877890	chr10	76869600	76877893	KCNMA1	perfect	50	0.0840732	0.12931380338020015	0	0.48019	0.022144999999999998	0.0694025	1	Brain_FrontalCortex_BA9	Brain_FrontalCortex_BA9,Brain_Cortex,Brain_Anteriorcingulatecortex_BA24	3.063,2.496,2.249	0.48019	3.0632213239862938	TRUE	Brain_Amygdala,Brain_Anteriorcingulatecortex_BA24,Brain_Caudate_basalganglia,Brain_CerebellarHemisphere,Brain_Cerebellum,Brain_Cortex,Brain_FrontalCortex_BA9,Brain_Hippocampus,Brain_Hypothalamus,Brain_Nucleusaccumbens_basalganglia,Brain_Putamen_basalganglia,Brain_Spinalcord_cervicalc_1,Brain_Substantianigra
chr10	76877890	76877893	chr10	76869600	76877893	KCNMA1	perfect	50	0.0840594	0.12927069785578804	0	0.4795	0.022144999999999998	0.0694025	1	Brain_FrontalCortex_BA9	Brain_FrontalCortex_BA9,Brain_Cortex,Brain_Anteriorcingulatecortex_BA24	3.059,2.497,2.25	0.4795	3.059011876312032	TRUE	Brain_Amygdala,Brain_Anteriorcingulatecortex_BA24,Brain_Caudate_basalganglia,Brain_CerebellarHemisphere,Brain_Cerebellum,Brain_Cortex,Brain_FrontalCortex_BA9,Brain_Hippocampus,Brain_Hypothalamus,Brain_Nucleusaccumbens_basalganglia,Brain_Putamen_basalganglia,Brain_Spinalcord_cervicalc_1,Brain_Substantianigra
chr10	84254696	84254702	chr10	84254696	84254737	RGR	perfect	50	0.0208976	0.042921497661071735	0	0.16418	0	0	1	Brain_Hippocampus	Brain_Hippocampus,Brain_Hypothalamus,Brain_Substantianigra	3.338,2.69,2.552	0.16418	3.338243253565498	TRUE	Brain_Amygdala,Brain_Anteriorcingulatecortex_BA24,Brain_Caudate_basalganglia,Brain_CerebellarHemisphere,Brain_Cerebellum,Brain_Cortex,Brain_FrontalCortex_BA9,Brain_Hippocampus,Brain_Hypothalamus,Brain_Nucleusaccumbens_basalganglia,Brain_Putamen_basalganglia,Brain_Spinalcord_cervicalc_1,Brain_Substantianigra
chr10	87235116	87235152	chr10	87235116	87236908	NUTM2A,NUTM2A-AS1	perfect	50	0.1177798	0.05636053281457565	0.03658	0.31667	0.111985	0.06215999999999998	1	Brain_Cerebellum	Brain_Cerebellum,Ovary,Vagina	3.529,2.093,1.797	0.31667	3.5288914080060674	TRUE	Brain_Amygdala,Brain_Anteriorcingulatecortex_BA24,Brain_Caudate_basalganglia,Brain_CerebellarHemisphere,Brain_Cerebellum,Brain_Cortex,Brain_FrontalCortex_BA9,Brain_Hippocampus,Brain_Hypothalamus,Brain_Nucleusaccumbens_basalganglia,Brain_Putamen_basalganglia,Brain_Spinalcord_cervicalc_1,Brain_Substantianigra
chr10	113709411	113709446	chr10	113709260	113709446	CASP7	perfect	50	0.036326399999999995	0.08258356071919662	0	0.38037	0	0	1	Brain_Cerebellum	Brain_Cerebellum,Brain_CerebellarHemisphere,Brain_Hippocampus	4.166,2.615,2.296	0.38037	4.166005885479176	TRUE	Brain_Amygdala,Brain_Anteriorcingulatecortex_BA24,Brain_Caudate_basalganglia,Brain_CerebellarHemisphere,Brain_Cerebellum,Brain_Cortex,Brain_FrontalCortex_BA9,Brain_Hippocampus,Brain_Hypothalamus,Brain_Nucleusaccumbens_basalganglia,Brain_Putamen_basalganglia,Brain_Spinalcord_cervicalc_1,Brain_Substantianigra
chr10	122213341	122213377	chr10	122213341	122213377	TACC2	perfect	50	0.055851399999999995	0.07442622691700851	0	0.28828	0.018595	0.08884999999999998	1	Brain_CerebellarHemisphere	Brain_CerebellarHemisphere,Brain_Cerebellum,Brain_FrontalCortex_BA9	3.123,2.851,2.14	0.28828	3.122939447933823	TRUE	Brain_Amygdala,Brain_Anteriorcingulatecortex_BA24,Brain_Caudate_basalganglia,Brain_CerebellarHemisphere,Brain_Cerebellum,Brain_Cortex,Brain_FrontalCortex_BA9,Brain_Hippocampus,Brain_Hypothalamus,Brain_Nucleusaccumbens_basalganglia,Brain_Putamen_basalganglia,Brain_Spinalcord_cervicalc_1,Brain_Substantianigra
chr10	125005546	125005808	chr10	125005546	125006013	CTBP2	perfect	50	0.073324	0.05387254936895231	0	0.24421	0.054535	0.0569075	1	Brain_FrontalCortex_BA9	Brain_FrontalCortex_BA9,Brain_Cortex,Brain_Hypothalamus	3.172,2.883,2.138	0.24421	3.172042199630608	TRUE	Brain_Amygdala,Brain_Anteriorcingulatecortex_BA24,Brain_Caudate_basalganglia,Brain_CerebellarHemisphere,Brain_Cerebellum,Brain_Cortex,Brain_FrontalCortex_BA9,Brain_Hippocampus,Brain_Hypothalamus,Brain_Nucleusaccumbens_basalganglia,Brain_Putamen_basalganglia,Brain_Spinalcord_cervicalc_1,Brain_Substantianigra
chr11	6404744	6404805	chr11	6404744	6404933	APBB1	perfect	50	0.021373999999999997	0.04249511453312812	0	0.15289	0	0.0194125	1	Brain_Anteriorcingulatecortex_BA24	Brain_Anteriorcingulatecortex_BA24,Brain_FrontalCortex_BA9,Brain_Cortex	3.095,2.908,2.692	0.15289	3.094849877330568	TRUE	Brain_Amygdala,Brain_Anteriorcingulatecortex_BA24,Brain_Caudate_basalganglia,Brain_CerebellarHemisphere,Brain_Cerebellum,Brain_Cortex,Brain_FrontalCortex_BA9,Brain_Hippocampus,Brain_Hypothalamus,Brain_Nucleusaccumbens_basalganglia,Brain_Putamen_basalganglia,Brain_Spinalcord_cervicalc_1,Brain_Substantianigra
chr11	10451021	10451043	chr11	10450078	10451043	AMPD3	perfect	50	0.095116	0.07037740175333998	0	0.3215	0.09231500000000001	0.09074500000000002	1	Brain_Cerebellum	Brain_Cerebellum,Brain_Cortex,Brain_CerebellarHemisphere	3.217,2.055,2.021	0.3215	3.2167143764902666	TRUE	Brain_Amygdala,Brain_Anteriorcingulatecortex_BA24,Brain_Caudate_basalganglia,Brain_CerebellarHemisphere,Brain_Cerebellum,Brain_Cortex,Brain_FrontalCortex_BA9,Brain_Hippocampus,Brain_Hypothalamus,Brain_Nucleusaccumbens_basalganglia,Brain_Putamen_basalganglia,Brain_Spinalcord_cervicalc_1,Brain_Substantianigra
chr11	18239950	18239969	chr11	18239222	18239969	SAA2	perfect	50	0.08590539999999999	0.15436921377023602	0	1	0.050065	0.0748275	1	Brain_Hypothalamus	Brain_Hypothalamus,Brain_CerebellarHemisphere,Brain_Cortex	5.921,1.468,1.437	1	5.9214825137384155	TRUE	Brain_Amygdala,Brain_Anteriorcingulatecortex_BA24,Brain_Caudate_basalganglia,Brain_CerebellarHemisphere,Brain_Cerebellum,Brain_Cortex,Brain_FrontalCortex_BA9,Brain_Hippocampus,Brain_Hypothalamus,Brain_Nucleusaccumbens_basalganglia,Brain_Putamen_basalganglia,Brain_Spinalcord_cervicalc_1,Brain_Substantianigra
chr11	18280508	18280642	chr11	18280508	18280642	HPS5	perfect	50	0.0769644	0.0333740055365103	0.02949	0.20281	0.069825	0.03235999999999999	2	Brain_CerebellarHemisphere,Brain_Cerebellum	Brain_CerebellarHemisphere,Brain_Cerebellum,Pancreas	3.771,3.755,1.201	0.20281	3.7707670379070373	TRUE	Brain_Amygdala,Brain_Anteriorcingulatecortex_BA24,Brain_Caudate_basalganglia,Brain_CerebellarHemisphere,Brain_Cerebellum,Brain_Cortex,Brain_FrontalCortex_BA9,Brain_Hippocampus,Brain_Hypothalamus,Brain_Nucleusaccumbens_basalganglia,Brain_Putamen_basalganglia,Brain_Spinalcord_cervicalc_1,Brain_Substantianigra
chr11	27721411	27721414	chr11	27721411	27722058	BDNF,ENSG00000309152	perfect	50	0.024219799999999996	0.06371097081351063	0	0.34409	0	0	1	Brain_Hypothalamus	Brain_Hypothalamus,Pituitary,Brain_Anteriorcingulatecortex_BA24	5.021,2.971,2.058	0.34409	5.020645517022445	TRUE	Brain_Amygdala,Brain_Anteriorcingulatecortex_BA24,Brain_Caudate_basalganglia,Brain_CerebellarHemisphere,Brain_Cerebellum,Brain_Cortex,Brain_FrontalCortex_BA9,Brain_Hippocampus,Brain_Hypothalamus,Brain_Nucleusaccumbens_basalganglia,Brain_Putamen_basalganglia,Brain_Spinalcord_cervicalc_1,Brain_Substantianigra
chr11	28134545	28134596	chr11	28134545	28134645	METTL15	perfect	50	0.029652399999999995	0.04726984829029766	0	0.18016	0	0.042	1	Brain_FrontalCortex_BA9	Brain_FrontalCortex_BA9,Brain_Anteriorcingulatecortex_BA24,Brain_Cortex	3.184,2.486,2.455	0.18016	3.1840085264435327	TRUE	Brain_Amygdala,Brain_Anteriorcingulatecortex_BA24,Brain_Caudate_basalganglia,Brain_CerebellarHemisphere,Brain_Cerebellum,Brain_Cortex,Brain_FrontalCortex_BA9,Brain_Hippocampus,Brain_Hypothalamus,Brain_Nucleusaccumbens_basalganglia,Brain_Putamen_basalganglia,Brain_Spinalcord_cervicalc_1,Brain_Substantianigra
chr11	30388891	30388956	chr11	30384492	30388956	MPPED2	perfect	50	0.0291616	0.02250425840518516	0	0.10036	0.02525	0.015085000000000001	1	Brain_Cerebellum	Brain_Cerebellum,Muscle_Skeletal,Heart_LeftVentricle	3.164,2.857,2.744	0.10036	3.1637745496023695	TRUE	Brain_Amygdala,Brain_Anteriorcingulatecortex_BA24,Brain_Caudate_basalganglia,Brain_CerebellarHemisphere,Brain_Cerebellum,Brain_Cortex,Brain_FrontalCortex_BA9,Brain_Hippocampus,Brain_Hypothalamus,Brain_Nucleusaccumbens_basalganglia,Brain_Putamen_basalganglia,Brain_Spinalcord_cervicalc_1,Brain_Substantianigra
chr11	31816538	31816639	chr11	31816265	31816639	ENSG00000285283,PAUPAR	perfect	50	0.03999999999999999	0.1979486637221575	0	1	0	0	2	Brain_CerebellarHemisphere,Brain_Cerebellum	Brain_CerebellarHemisphere,Brain_Cerebellum,Adipose_Subcutaneous	4.85,4.85,-0.202	1	4.849742261192854	TRUE	Brain_Amygdala,Brain_Anteriorcingulatecortex_BA24,Brain_Caudate_basalganglia,Brain_CerebellarHemisphere,Brain_Cerebellum,Brain_Cortex,Brain_FrontalCortex_BA9,Brain_Hippocampus,Brain_Hypothalamus,Brain_Nucleusaccumbens_basalganglia,Brain_Putamen_basalganglia,Brain_Spinalcord_cervicalc_1,Brain_Substantianigra
chr11	46760351	46760375	chr11	46760351	46760375	CKAP5	perfect	50	0.0170806	0.03964166275729695	0	0.2175	0.010579999999999999	0.003057500000000001	2	Brain_CerebellarHemisphere,Brain_Cerebellum	Brain_CerebellarHemisphere,Brain_Cerebellum,Brain_Hypothalamus	5.056,4.577,0.1	0.2175	5.055776828208556	TRUE	Brain_Amygdala,Brain_Anteriorcingulatecortex_BA24,Brain_Caudate_basalganglia,Brain_CerebellarHemisphere,Brain_Cerebellum,Brain_Cortex,Brain_FrontalCortex_BA9,Brain_Hippocampus,Brain_Hypothalamus,Brain_Nucleusaccumbens_basalganglia,Brain_Putamen_basalganglia,Brain_Spinalcord_cervicalc_1,Brain_Substantianigra
chr11	61357202	61357238	chr11	61357202	61357371	CYB561A3	perfect	50	0.054279600000000004	0.018246308875820245	0.02882	0.11374	0.0477	0.015765	1	Brain_Spinalcord_cervicalc_1	Brain_Spinalcord_cervicalc_1,Muscle_Skeletal,Brain_Putamen_basalganglia	3.259,2.934,2.15	0.11374	3.258763205461028	TRUE	Brain_Amygdala,Brain_Anteriorcingulatecortex_BA24,Brain_Caudate_basalganglia,Brain_CerebellarHemisphere,Brain_Cerebellum,Brain_Cortex,Brain_FrontalCortex_BA9,Brain_Hippocampus,Brain_Hypothalamus,Brain_Nucleusaccumbens_basalganglia,Brain_Putamen_basalganglia,Brain_Spinalcord_cervicalc_1,Brain_Substantianigra
chr11	62774594	62774665	chr11	62774398	62774665	TAF6L,TMEM223	perfect	50	0.059260999999999994	0.03885081425616904	0	0.18104	0.042969999999999994	0.04304999999999999	1	Brain_Cerebellum	Brain_Cerebellum,Brain_CerebellarHemisphere,Brain_Nucleusaccumbens_basalganglia	3.135,2.983,1.756	0.18104	3.1345288980825665	TRUE	Brain_Amygdala,Brain_Anteriorcingulatecortex_BA24,Brain_Caudate_basalganglia,Brain_CerebellarHemisphere,Brain_Cerebellum,Brain_Cortex,Brain_FrontalCortex_BA9,Brain_Hippocampus,Brain_Hypothalamus,Brain_Nucleusaccumbens_basalganglia,Brain_Putamen_basalganglia,Brain_Spinalcord_cervicalc_1,Brain_Substantianigra
chr11	62856269	62856381	chr11	62855969	62856518	SLC3A2,SNHG1	perfect	50	0.0248208	0.046611460001040224	0	0.22279	0.00598	0.022807499999999998	1	Brain_CerebellarHemisphere	Brain_CerebellarHemisphere,Cells_EBV_transformedlymphocytes,Brain_Cerebellum	4.247,2.92,2.889	0.22279	4.247221605922276	TRUE	Brain_Amygdala,Brain_Anteriorcingulatecortex_BA24,Brain_Caudate_basalganglia,Brain_CerebellarHemisphere,Brain_Cerebellum,Brain_Cortex,Brain_FrontalCortex_BA9,Brain_Hippocampus,Brain_Hypothalamus,Brain_Nucleusaccumbens_basalganglia,Brain_Putamen_basalganglia,Brain_Spinalcord_cervicalc_1,Brain_Substantianigra
chr11	62871576	62871669	chr11	62871576	62871669	SLC3A2	perfect	50	0.018193	0.03414445574560042	0	0.1453	0.00488	0.01611	2	Brain_CerebellarHemisphere,Cells_EBV_transformedlymphocytes	Brain_CerebellarHemisphere,Cells_EBV_transformedlymphocytes,Brain_Cerebellum	3.723,3.424,2.436	0.1453	3.722624866157898	TRUE	Brain_Amygdala,Brain_Anteriorcingulatecortex_BA24,Brain_Caudate_basalganglia,Brain_CerebellarHemisphere,Brain_Cerebellum,Brain_Cortex,Brain_FrontalCortex_BA9,Brain_Hippocampus,Brain_Hypothalamus,Brain_Nucleusaccumbens_basalganglia,Brain_Putamen_basalganglia,Brain_Spinalcord_cervicalc_1,Brain_Substantianigra
chr11	68024207	68024225	chr11	68024207	68024615	ALDH3B1	perfect	50	0.0494912	0.04056625941114419	0	0.21212	0.034519999999999995	0.028917500000000002	2	Brain_CerebellarHemisphere,Cells_EBV_transformedlymphocytes	Cells_EBV_transformedlymphocytes,Brain_CerebellarHemisphere,Brain_Cerebellum	4.009,3.376,2.777	0.18644	3.375928714846654	TRUE	Brain_Amygdala,Brain_Anteriorcingulatecortex_BA24,Brain_Caudate_basalganglia,Brain_CerebellarHemisphere,Brain_Cerebellum,Brain_Cortex,Brain_FrontalCortex_BA9,Brain_Hippocampus,Brain_Hypothalamus,Brain_Nucleusaccumbens_basalganglia,Brain_Putamen_basalganglia,Brain_Spinalcord_cervicalc_1,Brain_Substantianigra
chr11	68609610	68609628	chr11	68609472	68609628	PPP6R3	perfect	50	0.044851400000000013	0.10428406327479783	0	0.4489	0	0.014707499999999998	2	Brain_CerebellarHemisphere,Brain_Cerebellum	Brain_CerebellarHemisphere,Brain_Cerebellum,Brain_FrontalCortex_BA9	3.874,3.241,2.42	0.4489	3.8744999697153704	TRUE	Brain_Amygdala,Brain_Anteriorcingulatecortex_BA24,Brain_Caudate_basalganglia,Brain_CerebellarHemisphere,Brain_Cerebellum,Brain_Cortex,Brain_FrontalCortex_BA9,Brain_Hippocampus,Brain_Hypothalamus,Brain_Nucleusaccumbens_basalganglia,Brain_Putamen_basalganglia,Brain_Spinalcord_cervicalc_1,Brain_Substantianigra
chr11	72900256	72900328	chr11	72900256	72900328	FCHSD2	perfect	50	0.039706599999999995	0.08039943348389107	0	0.37334	0	0.043585	2	Brain_CerebellarHemisphere,Brain_Cerebellum	Brain_CerebellarHemisphere,Brain_Cerebellum,Brain_Hypothalamus	4.15,3.951,1.731	0.37334	4.149698393917753	TRUE	Brain_Amygdala,Brain_Anteriorcingulatecortex_BA24,Brain_Caudate_basalganglia,Brain_CerebellarHemisphere,Brain_Cerebellum,Brain_Cortex,Brain_FrontalCortex_BA9,Brain_Hippocampus,Brain_Hypothalamus,Brain_Nucleusaccumbens_basalganglia,Brain_Putamen_basalganglia,Brain_Spinalcord_cervicalc_1,Brain_Substantianigra
chr11	92984806	92984978	chr11	92984806	92985066	MTNR1B	perfect	50	0.024142799999999996	0.12999570165641203	0	0.85714	0	0	1	Brain_Nucleusaccumbens_basalganglia	Brain_Nucleusaccumbens_basalganglia,Testis,Adipose_Subcutaneous	6.408,2.507,-0.186	0.85714	6.4078826406250835	TRUE	Brain_Amygdala,Brain_Anteriorcingulatecortex_BA24,Brain_Caudate_basalganglia,Brain_CerebellarHemisphere,Brain_Cerebellum,Brain_Cortex,Brain_FrontalCortex_BA9,Brain_Hippocampus,Brain_Hypothalamus,Brain_Nucleusaccumbens_basalganglia,Brain_Putamen_basalganglia,Brain_Spinalcord_cervicalc_1,Brain_Substantianigra
chr11	105965946	105966061	chr11	105965946	105966061	GRIA4	perfect	50	0.0170942	0.03656866122844555	0	0.16171	0	0.010815	2	Brain_CerebellarHemisphere,Brain_Cerebellum	Brain_CerebellarHemisphere,Brain_Cerebellum,Brain_FrontalCortex_BA9	3.955,3.065,2.092	0.16171	3.9546375268315304	TRUE	Brain_Amygdala,Brain_Anteriorcingulatecortex_BA24,Brain_Caudate_basalganglia,Brain_CerebellarHemisphere,Brain_Cerebellum,Brain_Cortex,Brain_FrontalCortex_BA9,Brain_Hippocampus,Brain_Hypothalamus,Brain_Nucleusaccumbens_basalganglia,Brain_Putamen_basalganglia,Brain_Spinalcord_cervicalc_1,Brain_Substantianigra
chr11	118212904	118212917	chr11	118212904	118213359	JAML	perfect	50	0.011031199999999996	0.05416857608674344	0	0.29724	0	0	2	Brain_CerebellarHemisphere,Brain_Cerebellum	Brain_CerebellarHemisphere,Brain_Cerebellum,Spleen	5.284,4.374,-0.132	0.29724	5.283668515518599	TRUE	Brain_Amygdala,Brain_Anteriorcingulatecortex_BA24,Brain_Caudate_basalganglia,Brain_CerebellarHemisphere,Brain_Cerebellum,Brain_Cortex,Brain_FrontalCortex_BA9,Brain_Hippocampus,Brain_Hypothalamus,Brain_Nucleusaccumbens_basalganglia,Brain_Putamen_basalganglia,Brain_Spinalcord_cervicalc_1,Brain_Substantianigra
chr11	123526148	123526171	chr11	123525635	123526171	GRAMD1B	perfect	50	0.0708078	0.10445840248713015	0	0.39322	0	0.147015	1	Brain_CerebellarHemisphere	Brain_CerebellarHemisphere,Brain_Cerebellum,Brain_FrontalCortex_BA9	3.087,2.945,1.774	0.39322	3.0865128349988216	TRUE	Brain_Amygdala,Brain_Anteriorcingulatecortex_BA24,Brain_Caudate_basalganglia,Brain_CerebellarHemisphere,Brain_Cerebellum,Brain_Cortex,Brain_FrontalCortex_BA9,Brain_Hippocampus,Brain_Hypothalamus,Brain_Nucleusaccumbens_basalganglia,Brain_Putamen_basalganglia,Brain_Spinalcord_cervicalc_1,Brain_Substantianigra
chr11	129929409	129929421	chr11	129929409	129929421	PRDM10	perfect	50	0.1305048	0.12659775416713864	0	0.66142	0.115515	0.069055	2	Brain_CerebellarHemisphere,Brain_Cerebellum	Brain_CerebellarHemisphere,Brain_Cerebellum,Brain_FrontalCortex_BA9	4.194,4,1.503	0.66142	4.19371736483625	TRUE	Brain_Amygdala,Brain_Anteriorcingulatecortex_BA24,Brain_Caudate_basalganglia,Brain_CerebellarHemisphere,Brain_Cerebellum,Brain_Cortex,Brain_FrontalCortex_BA9,Brain_Hippocampus,Brain_Hypothalamus,Brain_Nucleusaccumbens_basalganglia,Brain_Putamen_basalganglia,Brain_Spinalcord_cervicalc_1,Brain_Substantianigra
chr11	130137255	130137291	chr11	130137255	130137291	APLP2	perfect	50	0.24093579999999998	0.17370751169933757	0.06685	0.81377	0.162395	0.117195	1	Brain_CerebellarHemisphere	Brain_CerebellarHemisphere,Brain_Cerebellum,Brain_FrontalCortex_BA9	3.298,2.942,2.427	0.81377	3.2976938901265975	TRUE	Brain_Amygdala,Brain_Anteriorcingulatecortex_BA24,Brain_Caudate_basalganglia,Brain_CerebellarHemisphere,Brain_Cerebellum,Brain_Cortex,Brain_FrontalCortex_BA9,Brain_Hippocampus,Brain_Hypothalamus,Brain_Nucleusaccumbens_basalganglia,Brain_Putamen_basalganglia,Brain_Spinalcord_cervicalc_1,Brain_Substantianigra
chr11	131660993	131661048	chr11	131658309	131663635	ENSG00000300914,NTM,NTM-AS1	perfect	50	0.014293199999999995	0.029348717625915344	0	0.11625	0	0.004007500000000001	1	Brain_Spinalcord_cervicalc_1	Brain_Spinalcord_cervicalc_1,Brain_Substantianigra,Brain_Putamen_basalganglia	3.474,2.768,2.355	0.11625	3.473978021784866	TRUE	Brain_Amygdala,Brain_Anteriorcingulatecortex_BA24,Brain_Caudate_basalganglia,Brain_CerebellarHemisphere,Brain_Cerebellum,Brain_Cortex,Brain_FrontalCortex_BA9,Brain_Hippocampus,Brain_Hypothalamus,Brain_Nucleusaccumbens_basalganglia,Brain_Putamen_basalganglia,Brain_Spinalcord_cervicalc_1,Brain_Substantianigra
chr11	132435158	132435185	chr11	132435158	132435185	OPCML	perfect	50	0.005097	0.019758461401100418	0	0.10119	0	0	2	Brain_CerebellarHemisphere,Brain_Cerebellum	Brain_CerebellarHemisphere,Brain_Cerebellum,Brain_FrontalCortex_BA9	4.863,4.285,1.697	0.10119	4.863384757005838	TRUE	Brain_Amygdala,Brain_Anteriorcingulatecortex_BA24,Brain_Caudate_basalganglia,Brain_CerebellarHemisphere,Brain_Cerebellum,Brain_Cortex,Brain_FrontalCortex_BA9,Brain_Hippocampus,Brain_Hypothalamus,Brain_Nucleusaccumbens_basalganglia,Brain_Putamen_basalganglia,Brain_Spinalcord_cervicalc_1,Brain_Substantianigra
chr12	2633628	2633712	chr12	2633628	2633712	CACNA1C	perfect	50	0.07895780000000001	0.06049232470423374	0	0.27203	0.06981000000000001	0.0848325	1	Brain_Hypothalamus	Brain_Hypothalamus,Brain_Amygdala,Brain_Substantianigra	3.192,1.923,1.715	0.27203	3.1916809437228855	TRUE	Brain_Amygdala,Brain_Anteriorcingulatecortex_BA24,Brain_Caudate_basalganglia,Brain_CerebellarHemisphere,Brain_Cerebellum,Brain_Cortex,Brain_FrontalCortex_BA9,Brain_Hippocampus,Brain_Hypothalamus,Brain_Nucleusaccumbens_basalganglia,Brain_Putamen_basalganglia,Brain_Spinalcord_cervicalc_1,Brain_Substantianigra
chr12	7502716	7502726	chr12	7502716	7502737	CD163	perfect	50	0.07416160000000001	0.11084071058919807	0	0.5	0.04214	0.089755	2	Brain_CerebellarHemisphere,Brain_Cerebellum	Brain_Cerebellum,Brain_CerebellarHemisphere,Cells_Culturedfibroblasts	3.842,3.432,2.291	0.5	3.841895254337172	TRUE	Brain_Amygdala,Brain_Anteriorcingulatecortex_BA24,Brain_Caudate_basalganglia,Brain_CerebellarHemisphere,Brain_Cerebellum,Brain_Cortex,Brain_FrontalCortex_BA9,Brain_Hippocampus,Brain_Hypothalamus,Brain_Nucleusaccumbens_basalganglia,Brain_Putamen_basalganglia,Brain_Spinalcord_cervicalc_1,Brain_Substantianigra
chr12	9951346	9951356	chr12	9950901	9952079	CLEC12A,CLEC12A-AS1	perfect	50	0.3796962	0.20341071290883786	0	1	0.40469	0.14883749999999996	1	Brain_Hippocampus	Brain_Hippocampus,Cells_EBV_transformedlymphocytes,Brain_Hypothalamus	3.05,1.82,1.083	1	3.049513917578177	TRUE	Brain_Amygdala,Brain_Anteriorcingulatecortex_BA24,Brain_Caudate_basalganglia,Brain_CerebellarHemisphere,Brain_Cerebellum,Brain_Cortex,Brain_FrontalCortex_BA9,Brain_Hippocampus,Brain_Hypothalamus,Brain_Nucleusaccumbens_basalganglia,Brain_Putamen_basalganglia,Brain_Spinalcord_cervicalc_1,Brain_Substantianigra
chr12	10522602	10522692	chr12	10522602	10523135	EIF2S3B	perfect	50	0.4623406	0.1369563144174679	0	1	0.464815	0.09899749999999996	1	Brain_Amygdala	Brain_Amygdala,Brain_Cerebellum,Brain_Anteriorcingulatecortex_BA24	3.926,1.349,1.005	1	3.925772990364766	TRUE	Brain_Amygdala,Brain_Anteriorcingulatecortex_BA24,Brain_Caudate_basalganglia,Brain_CerebellarHemisphere,Brain_Cerebellum,Brain_Cortex,Brain_FrontalCortex_BA9,Brain_Hippocampus,Brain_Hypothalamus,Brain_Nucleusaccumbens_basalganglia,Brain_Putamen_basalganglia,Brain_Spinalcord_cervicalc_1,Brain_Substantianigra
chr12	11353109	11353390	chr12	11353073	11354002	PRB1	perfect	50	0.029288999999999992	0.11736841394880113	0	0.52381	0	0	3	Brain_Caudate_basalganglia,Brain_Nucleusaccumbens_basalganglia,Brain_Putamen_basalganglia	Brain_Caudate_basalganglia,Brain_Putamen_basalganglia,Brain_Nucleusaccumbens_basalganglia	4.213,3.958,3.557	0.52381	4.21340787833873	TRUE	Brain_Amygdala,Brain_Anteriorcingulatecortex_BA24,Brain_Caudate_basalganglia,Brain_CerebellarHemisphere,Brain_Cerebellum,Brain_Cortex,Brain_FrontalCortex_BA9,Brain_Hippocampus,Brain_Hypothalamus,Brain_Nucleusaccumbens_basalganglia,Brain_Putamen_basalganglia,Brain_Spinalcord_cervicalc_1,Brain_Substantianigra
chr12	11353789	11354002	chr12	11353073	11354002	PRB1	perfect	50	0.029288999999999992	0.11736841394880113	0	0.52381	0	0	3	Brain_Caudate_basalganglia,Brain_Nucleusaccumbens_basalganglia,Brain_Putamen_basalganglia	Brain_Caudate_basalganglia,Brain_Putamen_basalganglia,Brain_Nucleusaccumbens_basalganglia	4.213,3.958,3.557	0.52381	4.21340787833873	TRUE	Brain_Amygdala,Brain_Anteriorcingulatecortex_BA24,Brain_Caudate_basalganglia,Brain_CerebellarHemisphere,Brain_Cerebellum,Brain_Cortex,Brain_FrontalCortex_BA9,Brain_Hippocampus,Brain_Hypothalamus,Brain_Nucleusaccumbens_basalganglia,Brain_Putamen_basalganglia,Brain_Spinalcord_cervicalc_1,Brain_Substantianigra
chr12	11354518	11354554	chr12	11354518	11354554	PRB1	perfect	50	0.029288999999999992	0.11736841394880113	0	0.52381	0	0	3	Brain_Caudate_basalganglia,Brain_Nucleusaccumbens_basalganglia,Brain_Putamen_basalganglia	Brain_Caudate_basalganglia,Brain_Putamen_basalganglia,Brain_Nucleusaccumbens_basalganglia	4.213,3.958,3.557	0.52381	4.21340787833873	TRUE	Brain_Amygdala,Brain_Anteriorcingulatecortex_BA24,Brain_Caudate_basalganglia,Brain_CerebellarHemisphere,Brain_Cerebellum,Brain_Cortex,Brain_FrontalCortex_BA9,Brain_Hippocampus,Brain_Hypothalamus,Brain_Nucleusaccumbens_basalganglia,Brain_Putamen_basalganglia,Brain_Spinalcord_cervicalc_1,Brain_Substantianigra
chr12	11355489	11355553	chr12	11355489	11355591	PRB1	perfect	50	0.029288999999999992	0.11736841394880113	0	0.52381	0	0	3	Brain_Caudate_basalganglia,Brain_Nucleusaccumbens_basalganglia,Brain_Putamen_basalganglia	Brain_Caudate_basalganglia,Brain_Putamen_basalganglia,Brain_Nucleusaccumbens_basalganglia	4.213,3.958,3.557	0.52381	4.21340787833873	TRUE	Brain_Amygdala,Brain_Anteriorcingulatecortex_BA24,Brain_Caudate_basalganglia,Brain_CerebellarHemisphere,Brain_Cerebellum,Brain_Cortex,Brain_FrontalCortex_BA9,Brain_Hippocampus,Brain_Hypothalamus,Brain_Nucleusaccumbens_basalganglia,Brain_Putamen_basalganglia,Brain_Spinalcord_cervicalc_1,Brain_Substantianigra
chr12	21515237	21515243	chr12	21515237	21515270	GOLT1B	perfect	50	0.007233000000000002	0.018920630167052265	0	0.10194	0	0	1	Brain_FrontalCortex_BA9	Brain_FrontalCortex_BA9,Brain_Anteriorcingulatecortex_BA24,Brain_Cortex	5.005,2.596,2.574	0.10194	5.0054886736763935	TRUE	Brain_Amygdala,Brain_Anteriorcingulatecortex_BA24,Brain_Caudate_basalganglia,Brain_CerebellarHemisphere,Brain_Cerebellum,Brain_Cortex,Brain_FrontalCortex_BA9,Brain_Hippocampus,Brain_Hypothalamus,Brain_Nucleusaccumbens_basalganglia,Brain_Putamen_basalganglia,Brain_Spinalcord_cervicalc_1,Brain_Substantianigra
chr12	32894764	32894778	chr12	32893308	32894778	PKP2	perfect	50	0.0886216	0.03862119325987128	0	0.24138	0.08701500000000001	0.0352725	1	Brain_Spinalcord_cervicalc_1	Brain_Spinalcord_cervicalc_1,WholeBlood,Brain_Hypothalamus	3.955,2.275,1.481	0.24138	3.9552998523927307	TRUE	Brain_Amygdala,Brain_Anteriorcingulatecortex_BA24,Brain_Caudate_basalganglia,Brain_CerebellarHemisphere,Brain_Cerebellum,Brain_Cortex,Brain_FrontalCortex_BA9,Brain_Hippocampus,Brain_Hypothalamus,Brain_Nucleusaccumbens_basalganglia,Brain_Putamen_basalganglia,Brain_Spinalcord_cervicalc_1,Brain_Substantianigra
chr12	40971433	40971510	chr12	40971433	40972717	CNTN1	perfect	50	0.1033714	0.1207876260727303	0	0.57975	0.058255	0.0388075	1	Brain_Spinalcord_cervicalc_1	Brain_Spinalcord_cervicalc_1,Brain_Putamen_basalganglia,Brain_Substantianigra	3.944,2.481,2.441	0.57975	3.9439354467746255	TRUE	Brain_Amygdala,Brain_Anteriorcingulatecortex_BA24,Brain_Caudate_basalganglia,Brain_CerebellarHemisphere,Brain_Cerebellum,Brain_Cortex,Brain_FrontalCortex_BA9,Brain_Hippocampus,Brain_Hypothalamus,Brain_Nucleusaccumbens_basalganglia,Brain_Putamen_basalganglia,Brain_Spinalcord_cervicalc_1,Brain_Substantianigra
chr12	41437944	41438013	chr12	41437679	41438013	PDZRN4	perfect	50	0.025081399999999997	0.05832613682368752	0	0.24845	0	0	2	Brain_Caudate_basalganglia,Brain_Putamen_basalganglia	Brain_Caudate_basalganglia,Brain_Putamen_basalganglia,Brain_Nucleusaccumbens_basalganglia	3.83,3.211,2.428	0.24845	3.8296484588927053	TRUE	Brain_Amygdala,Brain_Anteriorcingulatecortex_BA24,Brain_Caudate_basalganglia,Brain_CerebellarHemisphere,Brain_Cerebellum,Brain_Cortex,Brain_FrontalCortex_BA9,Brain_Hippocampus,Brain_Hypothalamus,Brain_Nucleusaccumbens_basalganglia,Brain_Putamen_basalganglia,Brain_Spinalcord_cervicalc_1,Brain_Substantianigra
chr12	42442640	42442741	chr12	42442640	42448623	PPHLN1	perfect	50	0.1860572	0.028720845593259207	0.12689	0.30051	0.17814000000000002	0.023925000000000002	1	Brain_CerebellarHemisphere	Brain_CerebellarHemisphere,Brain_Cerebellum,Spleen	3.985,2.321,1.734	0.30051	3.9850080189443347	TRUE	Brain_Amygdala,Brain_Anteriorcingulatecortex_BA24,Brain_Caudate_basalganglia,Brain_CerebellarHemisphere,Brain_Cerebellum,Brain_Cortex,Brain_FrontalCortex_BA9,Brain_Hippocampus,Brain_Hypothalamus,Brain_Nucleusaccumbens_basalganglia,Brain_Putamen_basalganglia,Brain_Spinalcord_cervicalc_1,Brain_Substantianigra
chr12	42445972	42445990	chr12	42442640	42448623	PPHLN1	perfect	50	0.163744	0.032439540498519735	0.09258	0.2837	0.15746500000000002	0.028945	1	Brain_CerebellarHemisphere	Brain_CerebellarHemisphere,Brain_Cerebellum,Spleen	3.698,2.111,1.773	0.2837	3.6978328964146017	TRUE	Brain_Amygdala,Brain_Anteriorcingulatecortex_BA24,Brain_Caudate_basalganglia,Brain_CerebellarHemisphere,Brain_Cerebellum,Brain_Cortex,Brain_FrontalCortex_BA9,Brain_Hippocampus,Brain_Hypothalamus,Brain_Nucleusaccumbens_basalganglia,Brain_Putamen_basalganglia,Brain_Spinalcord_cervicalc_1,Brain_Substantianigra
chr12	42445990	42446290	chr12	42442640	42448623	PPHLN1	perfect	50	0.173073	0.0319209588400052	0.11316	0.294	0.16476000000000002	0.02601749999999997	1	Brain_CerebellarHemisphere	Brain_CerebellarHemisphere,Brain_Cerebellum,Spleen	3.788,2.194,1.772	0.294	3.788326052676314	TRUE	Brain_Amygdala,Brain_Anteriorcingulatecortex_BA24,Brain_Caudate_basalganglia,Brain_CerebellarHemisphere,Brain_Cerebellum,Brain_Cortex,Brain_FrontalCortex_BA9,Brain_Hippocampus,Brain_Hypothalamus,Brain_Nucleusaccumbens_basalganglia,Brain_Putamen_basalganglia,Brain_Spinalcord_cervicalc_1,Brain_Substantianigra
chr12	42446591	42446615	chr12	42442640	42448623	PPHLN1	perfect	50	0.173073	0.0319209588400052	0.11316	0.294	0.16476000000000002	0.02601749999999997	1	Brain_CerebellarHemisphere	Brain_CerebellarHemisphere,Brain_Cerebellum,Spleen	3.788,2.194,1.772	0.294	3.788326052676314	TRUE	Brain_Amygdala,Brain_Anteriorcingulatecortex_BA24,Brain_Caudate_basalganglia,Brain_CerebellarHemisphere,Brain_Cerebellum,Brain_Cortex,Brain_FrontalCortex_BA9,Brain_Hippocampus,Brain_Hypothalamus,Brain_Nucleusaccumbens_basalganglia,Brain_Putamen_basalganglia,Brain_Spinalcord_cervicalc_1,Brain_Substantianigra
chr12	43423696	43423924	chr12	43422818	43423924	ADAMTS20	perfect	50	0.1027452	0.2724819795894394	0	1	0	0	3	Brain_Anteriorcingulatecortex_BA24,Brain_FrontalCortex_BA9,Brain_Substantianigra	Brain_Anteriorcingulatecortex_BA24,Brain_FrontalCortex_BA9,Brain_Substantianigra	3.293,3.293,3.293	1	3.292895924170594	TRUE	Brain_Amygdala,Brain_Anteriorcingulatecortex_BA24,Brain_Caudate_basalganglia,Brain_CerebellarHemisphere,Brain_Cerebellum,Brain_Cortex,Brain_FrontalCortex_BA9,Brain_Hippocampus,Brain_Hypothalamus,Brain_Nucleusaccumbens_basalganglia,Brain_Putamen_basalganglia,Brain_Spinalcord_cervicalc_1,Brain_Substantianigra
chr12	44875506	44875558	chr12	44875506	44875812	NELL2	perfect	50	0.04646279999999999	0.10230310083755814	0	0.48038	0	0.015765	1	Brain_Hippocampus	Brain_Hippocampus,Brain_Amygdala,Brain_Putamen_basalganglia	4.241,2.977,2.263	0.48038	4.241486293646123	TRUE	Brain_Amygdala,Brain_Anteriorcingulatecortex_BA24,Brain_Caudate_basalganglia,Brain_CerebellarHemisphere,Brain_Cerebellum,Brain_Cortex,Brain_FrontalCortex_BA9,Brain_Hippocampus,Brain_Hypothalamus,Brain_Nucleusaccumbens_basalganglia,Brain_Putamen_basalganglia,Brain_Spinalcord_cervicalc_1,Brain_Substantianigra
chr12	54839404	54839447	chr12	54839368	54839447	MUCL1	perfect	50	0.007916600000000003	0.05597881543941423	0	0.39583	0	0	1	Brain_FrontalCortex_BA9	Brain_FrontalCortex_BA9,Adipose_Subcutaneous,Adipose_Visceral_Omentum	6.93,-0.141,-0.141	0.39583	6.929646455628165	TRUE	Brain_Amygdala,Brain_Anteriorcingulatecortex_BA24,Brain_Caudate_basalganglia,Brain_CerebellarHemisphere,Brain_Cerebellum,Brain_Cortex,Brain_FrontalCortex_BA9,Brain_Hippocampus,Brain_Hypothalamus,Brain_Nucleusaccumbens_basalganglia,Brain_Putamen_basalganglia,Brain_Spinalcord_cervicalc_1,Brain_Substantianigra
chr12	58919426	58919482	chr12	58919426	58919546	LRIG3	perfect	50	0.5724982	0.13330604261898515	0.38794	1	0.5390900000000001	0.16560999999999992	2	Brain_CerebellarHemisphere,WholeBlood	Brain_CerebellarHemisphere,WholeBlood,Brain_Cerebellum	3.207,3.207,1.377	1	3.206919893510635	TRUE	Brain_Amygdala,Brain_Anteriorcingulatecortex_BA24,Brain_Caudate_basalganglia,Brain_CerebellarHemisphere,Brain_Cerebellum,Brain_Cortex,Brain_FrontalCortex_BA9,Brain_Hippocampus,Brain_Hypothalamus,Brain_Nucleusaccumbens_basalganglia,Brain_Putamen_basalganglia,Brain_Spinalcord_cervicalc_1,Brain_Substantianigra
chr12	71894324	71894375	chr12	71894324	71894379	TBC1D15	perfect	50	0.0833208	0.03341238557108757	0.03003	0.2161	0.075745	0.032015	1	Brain_CerebellarHemisphere	Brain_CerebellarHemisphere,Brain_Cerebellum,Brain_Putamen_basalganglia	3.974,2.911,1.433	0.2161	3.9739515072188256	TRUE	Brain_Amygdala,Brain_Anteriorcingulatecortex_BA24,Brain_Caudate_basalganglia,Brain_CerebellarHemisphere,Brain_Cerebellum,Brain_Cortex,Brain_FrontalCortex_BA9,Brain_Hippocampus,Brain_Hypothalamus,Brain_Nucleusaccumbens_basalganglia,Brain_Putamen_basalganglia,Brain_Spinalcord_cervicalc_1,Brain_Substantianigra
chr12	81597951	81598032	chr12	81597951	81598371	PPFIA2	perfect	50	0.028247799999999997	0.05377685999174209	0	0.20701	0	0.0283425	2	Brain_Cortex,Brain_FrontalCortex_BA9	Brain_FrontalCortex_BA9,Brain_Cortex,Brain_Anteriorcingulatecortex_BA24	3.324,3.014,2.637	0.20701	3.3241472266593943	TRUE	Brain_Amygdala,Brain_Anteriorcingulatecortex_BA24,Brain_Caudate_basalganglia,Brain_CerebellarHemisphere,Brain_Cerebellum,Brain_Cortex,Brain_FrontalCortex_BA9,Brain_Hippocampus,Brain_Hypothalamus,Brain_Nucleusaccumbens_basalganglia,Brain_Putamen_basalganglia,Brain_Spinalcord_cervicalc_1,Brain_Substantianigra
chr12	100261729	100261768	chr12	100261729	100261768	DEPDC4	perfect	50	0.005005400000000002	0.024065281555954162	0	0.13253	0	0	2	Brain_Spinalcord_cervicalc_1,Testis	Brain_Spinalcord_cervicalc_1,Testis,Cells_EBV_transformedlymphocytes	5.299,4.344,0.133	0.13253	5.299111074328912	TRUE	Brain_Amygdala,Brain_Anteriorcingulatecortex_BA24,Brain_Caudate_basalganglia,Brain_CerebellarHemisphere,Brain_Cerebellum,Brain_Cortex,Brain_FrontalCortex_BA9,Brain_Hippocampus,Brain_Hypothalamus,Brain_Nucleusaccumbens_basalganglia,Brain_Putamen_basalganglia,Brain_Spinalcord_cervicalc_1,Brain_Substantianigra
chr12	118018051	118018053	chr12	118017689	118018053	RFC5	perfect	50	0.1227016	0.052371729262639236	0.04255	0.29301	0.107115	0.03901249999999998	2	Brain_CerebellarHemisphere,Brain_Cerebellum	Brain_Cerebellum,Brain_CerebellarHemisphere,Brain_Cortex	3.252,3.002,2.004	0.29301	3.2519147715348407	TRUE	Brain_Amygdala,Brain_Anteriorcingulatecortex_BA24,Brain_Caudate_basalganglia,Brain_CerebellarHemisphere,Brain_Cerebellum,Brain_Cortex,Brain_FrontalCortex_BA9,Brain_Hippocampus,Brain_Hypothalamus,Brain_Nucleusaccumbens_basalganglia,Brain_Putamen_basalganglia,Brain_Spinalcord_cervicalc_1,Brain_Substantianigra
chr13	46073472	46073502	chr13	46068527	46073502	CPB2	perfect	50	0.04558460000000002	0.16073759592489326	0	1	0	0	1	Brain_Cortex	Brain_Cortex,Brain_Cerebellum,Brain_CerebellarHemisphere	5.938,2.205,1.79	1	5.9377234959141925	TRUE	Brain_Amygdala,Brain_Anteriorcingulatecortex_BA24,Brain_Caudate_basalganglia,Brain_CerebellarHemisphere,Brain_Cerebellum,Brain_Cortex,Brain_FrontalCortex_BA9,Brain_Hippocampus,Brain_Hypothalamus,Brain_Nucleusaccumbens_basalganglia,Brain_Putamen_basalganglia,Brain_Spinalcord_cervicalc_1,Brain_Substantianigra
chr13	75621693	75621868	chr13	75620433	75621868	ENSG00000261553,LMO7	perfect	50	0.0417272	0.030292243166884034	0	0.15468	0.034464999999999996	0.028817500000000006	2	Brain_CerebellarHemisphere,Brain_Cerebellum	Brain_Cerebellum,Brain_CerebellarHemisphere,AdrenalGland	3.729,3.584,1.08	0.15468	3.7287697506496262	TRUE	Brain_Amygdala,Brain_Anteriorcingulatecortex_BA24,Brain_Caudate_basalganglia,Brain_CerebellarHemisphere,Brain_Cerebellum,Brain_Cortex,Brain_FrontalCortex_BA9,Brain_Hippocampus,Brain_Hypothalamus,Brain_Nucleusaccumbens_basalganglia,Brain_Putamen_basalganglia,Brain_Spinalcord_cervicalc_1,Brain_Substantianigra
chr13	75623270	75623320	chr13	75623269	75623320	ENSG00000261553,LMO7	perfect	50	0.0417272	0.030292243166884034	0	0.15468	0.034464999999999996	0.028817500000000006	2	Brain_CerebellarHemisphere,Brain_Cerebellum	Brain_Cerebellum,Brain_CerebellarHemisphere,AdrenalGland	3.729,3.584,1.08	0.15468	3.7287697506496262	TRUE	Brain_Amygdala,Brain_Anteriorcingulatecortex_BA24,Brain_Caudate_basalganglia,Brain_CerebellarHemisphere,Brain_Cerebellum,Brain_Cortex,Brain_FrontalCortex_BA9,Brain_Hippocampus,Brain_Hypothalamus,Brain_Nucleusaccumbens_basalganglia,Brain_Putamen_basalganglia,Brain_Spinalcord_cervicalc_1,Brain_Substantianigra
chr13	77743015	77743165	chr13	77743015	77743462	SLAIN1	perfect	50	0.0540416	0.058531817942666604	0	0.23974	0.040999999999999995	0.072345	2	Brain_CerebellarHemisphere,Brain_Cerebellum	Brain_CerebellarHemisphere,Brain_Cerebellum,MinorSalivaryGland	3.173,3.083,2.113	0.23974	3.172606054742675	TRUE	Brain_Amygdala,Brain_Anteriorcingulatecortex_BA24,Brain_Caudate_basalganglia,Brain_CerebellarHemisphere,Brain_Cerebellum,Brain_Cortex,Brain_FrontalCortex_BA9,Brain_Hippocampus,Brain_Hypothalamus,Brain_Nucleusaccumbens_basalganglia,Brain_Putamen_basalganglia,Brain_Spinalcord_cervicalc_1,Brain_Substantianigra
chr13	98796207	98796213	chr13	98796205	98796213	DOCK9	perfect	50	0.05837899999999999	0.05089420789184929	0	0.26382	0.04349	0.0271425	2	Brain_CerebellarHemisphere,Brain_Cerebellum	Brain_Cerebellum,Brain_CerebellarHemisphere,Brain_FrontalCortex_BA9	4.037,3.981,1.617	0.26382	4.036628302312205	TRUE	Brain_Amygdala,Brain_Anteriorcingulatecortex_BA24,Brain_Caudate_basalganglia,Brain_CerebellarHemisphere,Brain_Cerebellum,Brain_Cortex,Brain_FrontalCortex_BA9,Brain_Hippocampus,Brain_Hypothalamus,Brain_Nucleusaccumbens_basalganglia,Brain_Putamen_basalganglia,Brain_Spinalcord_cervicalc_1,Brain_Substantianigra
chr13	98809122	98809128	chr13	98809122	98809128	DOCK9	perfect	50	0.05837899999999999	0.05089420789184929	0	0.26382	0.04349	0.0271425	2	Brain_CerebellarHemisphere,Brain_Cerebellum	Brain_Cerebellum,Brain_CerebellarHemisphere,Brain_FrontalCortex_BA9	4.037,3.981,1.617	0.26382	4.036628302312205	TRUE	Brain_Amygdala,Brain_Anteriorcingulatecortex_BA24,Brain_Caudate_basalganglia,Brain_CerebellarHemisphere,Brain_Cerebellum,Brain_Cortex,Brain_FrontalCortex_BA9,Brain_Hippocampus,Brain_Hypothalamus,Brain_Nucleusaccumbens_basalganglia,Brain_Putamen_basalganglia,Brain_Spinalcord_cervicalc_1,Brain_Substantianigra
chr13	99086222	99086351	chr13	99086222	99086625	DOCK9	perfect	50	0.057626800000000006	0.049245027820697035	0.01406	0.26099	0.04642	0.03139	2	Brain_CerebellarHemisphere,Brain_Cerebellum	Brain_CerebellarHemisphere,Brain_Cerebellum,Cells_Culturedfibroblasts	4.13,4.113,1.921	0.26099	4.129618948342418	TRUE	Brain_Amygdala,Brain_Anteriorcingulatecortex_BA24,Brain_Caudate_basalganglia,Brain_CerebellarHemisphere,Brain_Cerebellum,Brain_Cortex,Brain_FrontalCortex_BA9,Brain_Hippocampus,Brain_Hypothalamus,Brain_Nucleusaccumbens_basalganglia,Brain_Putamen_basalganglia,Brain_Spinalcord_cervicalc_1,Brain_Substantianigra
chr13	101489963	101490000	chr13	101489951	101490000	ITGBL1	perfect	50	0.4072466	0.1851966239566444	0	1	0.38748	0.15574	1	Brain_Anteriorcingulatecortex_BA24	Brain_Anteriorcingulatecortex_BA24,Brain_Putamen_basalganglia,Brain_Nucleusaccumbens_basalganglia	3.201,1.955,1.851	1	3.2006706566031515	TRUE	Brain_Amygdala,Brain_Anteriorcingulatecortex_BA24,Brain_Caudate_basalganglia,Brain_CerebellarHemisphere,Brain_Cerebellum,Brain_Cortex,Brain_FrontalCortex_BA9,Brain_Hippocampus,Brain_Hypothalamus,Brain_Nucleusaccumbens_basalganglia,Brain_Putamen_basalganglia,Brain_Spinalcord_cervicalc_1,Brain_Substantianigra
chr13	114211911	114212101	chr13	114211911	114212101	CFAP97D2	perfect	50	0.015015399999999996	0.04734664017172727	0	0.18462	0	0	3	Brain_Caudate_basalganglia,Brain_Hypothalamus,Brain_Nucleusaccumbens_basalganglia	Brain_Hypothalamus,Brain_Caudate_basalganglia,Brain_Nucleusaccumbens_basalganglia	3.582,3.542,3.169	0.18462	3.582188712543077	TRUE	Brain_Amygdala,Brain_Anteriorcingulatecortex_BA24,Brain_Caudate_basalganglia,Brain_CerebellarHemisphere,Brain_Cerebellum,Brain_Cortex,Brain_FrontalCortex_BA9,Brain_Hippocampus,Brain_Hypothalamus,Brain_Nucleusaccumbens_basalganglia,Brain_Putamen_basalganglia,Brain_Spinalcord_cervicalc_1,Brain_Substantianigra
chr14	53103030	53103051	chr14	53103030	53103051	DDHD1	perfect	50	0.1726358	0.10492371452514965	0.00279	0.52083	0.175575	0.11017	1	Brain_CerebellarHemisphere	Brain_CerebellarHemisphere,Brain_Cerebellum,WholeBlood	3.319,2.892,1.895	0.52083	3.318546255970949	TRUE	Brain_Amygdala,Brain_Anteriorcingulatecortex_BA24,Brain_Caudate_basalganglia,Brain_CerebellarHemisphere,Brain_Cerebellum,Brain_Cortex,Brain_FrontalCortex_BA9,Brain_Hippocampus,Brain_Hypothalamus,Brain_Nucleusaccumbens_basalganglia,Brain_Putamen_basalganglia,Brain_Spinalcord_cervicalc_1,Brain_Substantianigra
chr14	54436078	54436126	chr14	54436078	54436126	CNIH1	perfect	50	0.0205244	0.03609082952999648	0	0.14519	0.00217	0.0198825	1	Brain_FrontalCortex_BA9	Brain_FrontalCortex_BA9,Brain_Cortex,Brain_Nucleusaccumbens_basalganglia	3.454,2.922,2.732	0.14519	3.454218194025871	TRUE	Brain_Amygdala,Brain_Anteriorcingulatecortex_BA24,Brain_Caudate_basalganglia,Brain_CerebellarHemisphere,Brain_Cerebellum,Brain_Cortex,Brain_FrontalCortex_BA9,Brain_Hippocampus,Brain_Hypothalamus,Brain_Nucleusaccumbens_basalganglia,Brain_Putamen_basalganglia,Brain_Spinalcord_cervicalc_1,Brain_Substantianigra
chr14	57596686	57596897	chr14	57595734	57596897	SLC35F4	perfect	50	0.028329399999999998	0.08332612887140428	0	0.34591	0	0	3	Brain_Putamen_basalganglia,Prostate,Testis	Testis,Prostate,Brain_Putamen_basalganglia	3.811,3.779,3.216	0.2963	3.215925228130473	TRUE	Brain_Amygdala,Brain_Anteriorcingulatecortex_BA24,Brain_Caudate_basalganglia,Brain_CerebellarHemisphere,Brain_Cerebellum,Brain_Cortex,Brain_FrontalCortex_BA9,Brain_Hippocampus,Brain_Hypothalamus,Brain_Nucleusaccumbens_basalganglia,Brain_Putamen_basalganglia,Brain_Spinalcord_cervicalc_1,Brain_Substantianigra
chr14	72553289	72553356	chr14	72553289	72553356	RGS6	perfect	50	0.005780600000000002	0.023573007255359362	0	0.12067	0	0	2	Brain_Cortex,Brain_FrontalCortex_BA9	Brain_Cortex,Brain_FrontalCortex_BA9,Brain_Anteriorcingulatecortex_BA24	4.874,3.712,2.94	0.12067	4.873769339458363	TRUE	Brain_Amygdala,Brain_Anteriorcingulatecortex_BA24,Brain_Caudate_basalganglia,Brain_CerebellarHemisphere,Brain_Cerebellum,Brain_Cortex,Brain_FrontalCortex_BA9,Brain_Hippocampus,Brain_Hypothalamus,Brain_Nucleusaccumbens_basalganglia,Brain_Putamen_basalganglia,Brain_Spinalcord_cervicalc_1,Brain_Substantianigra
chr14	79853538	79853645	chr14	79853538	79854217	NRXN3	perfect	50	0.029238600000000003	0.05326407549949897	0	0.2712	0.012395	0.032675	2	Brain_CerebellarHemisphere,Brain_Cerebellum	Brain_Cerebellum,Brain_CerebellarHemisphere,Brain_Cortex	4.543,3.437,1.795	0.2712	4.542675297204323	TRUE	Brain_Amygdala,Brain_Anteriorcingulatecortex_BA24,Brain_Caudate_basalganglia,Brain_CerebellarHemisphere,Brain_Cerebellum,Brain_Cortex,Brain_FrontalCortex_BA9,Brain_Hippocampus,Brain_Hypothalamus,Brain_Nucleusaccumbens_basalganglia,Brain_Putamen_basalganglia,Brain_Spinalcord_cervicalc_1,Brain_Substantianigra
chr14	89954354	89954357	chr14	89954354	89954557	EFCAB11	perfect	50	0.011145200000000004	0.02343733400942582	0	0.11504	0	0.01074	2	Brain_CerebellarHemisphere,Brain_Cerebellum	Brain_CerebellarHemisphere,Brain_Cerebellum,Cells_Culturedfibroblasts	4.433,3.127,2.253	0.11504	4.4328761948017	TRUE	Brain_Amygdala,Brain_Anteriorcingulatecortex_BA24,Brain_Caudate_basalganglia,Brain_CerebellarHemisphere,Brain_Cerebellum,Brain_Cortex,Brain_FrontalCortex_BA9,Brain_Hippocampus,Brain_Hypothalamus,Brain_Nucleusaccumbens_basalganglia,Brain_Putamen_basalganglia,Brain_Spinalcord_cervicalc_1,Brain_Substantianigra
chr14	91285672	91285836	chr14	91285394	91285836	CCDC88C	perfect	50	0.5205504	0.0917705359314353	0.3338	0.79612	0.5077	0.12213750000000007	1	Brain_CerebellarHemisphere	Brain_CerebellarHemisphere,Brain_Cerebellum,Brain_Putamen_basalganglia	3.003,2.634,1.849	0.79612	3.0028112749160245	TRUE	Brain_Amygdala,Brain_Anteriorcingulatecortex_BA24,Brain_Caudate_basalganglia,Brain_CerebellarHemisphere,Brain_Cerebellum,Brain_Cortex,Brain_FrontalCortex_BA9,Brain_Hippocampus,Brain_Hypothalamus,Brain_Nucleusaccumbens_basalganglia,Brain_Putamen_basalganglia,Brain_Spinalcord_cervicalc_1,Brain_Substantianigra
chr14	99874930	99874987	chr14	99874930	99874987	EML1	perfect	50	0.0480994	0.07145920150144762	0	0.31884	0.022105	0.033542499999999996	1	Brain_Cerebellum	Brain_Cerebellum,Brain_Cortex,Brain_FrontalCortex_BA9	3.789,2.612,2.536	0.31884	3.7887437070580106	TRUE	Brain_Amygdala,Brain_Anteriorcingulatecortex_BA24,Brain_Caudate_basalganglia,Brain_CerebellarHemisphere,Brain_Cerebellum,Brain_Cortex,Brain_FrontalCortex_BA9,Brain_Hippocampus,Brain_Hypothalamus,Brain_Nucleusaccumbens_basalganglia,Brain_Putamen_basalganglia,Brain_Spinalcord_cervicalc_1,Brain_Substantianigra
chr14	101836168	101836180	chr14	101836168	101836701	PPP2R5C	perfect	50	0.1385356	0.04078254714548209	0.05609	0.26146	0.12671500000000002	0.043685	1	Brain_Spinalcord_cervicalc_1	Brain_Spinalcord_cervicalc_1,Brain_Substantianigra,Heart_LeftVentricle	3.014,1.993,1.991	0.26146	3.0141422888937344	TRUE	Brain_Amygdala,Brain_Anteriorcingulatecortex_BA24,Brain_Caudate_basalganglia,Brain_CerebellarHemisphere,Brain_Cerebellum,Brain_Cortex,Brain_FrontalCortex_BA9,Brain_Hippocampus,Brain_Hypothalamus,Brain_Nucleusaccumbens_basalganglia,Brain_Putamen_basalganglia,Brain_Spinalcord_cervicalc_1,Brain_Substantianigra
chr14	101836180	101836395	chr14	101836168	101836701	PPP2R5C	perfect	50	0.0987348	0.030043646769053745	0.0334	0.19242	0.091215	0.024489999999999998	1	Brain_Spinalcord_cervicalc_1	Brain_Spinalcord_cervicalc_1,Heart_LeftVentricle,WholeBlood	3.118,2.241,2.117	0.19242	3.1183032046728703	TRUE	Brain_Amygdala,Brain_Anteriorcingulatecortex_BA24,Brain_Caudate_basalganglia,Brain_CerebellarHemisphere,Brain_Cerebellum,Brain_Cortex,Brain_FrontalCortex_BA9,Brain_Hippocampus,Brain_Hypothalamus,Brain_Nucleusaccumbens_basalganglia,Brain_Putamen_basalganglia,Brain_Spinalcord_cervicalc_1,Brain_Substantianigra
chr15	40284513	40284531	chr15	40284255	40284531	PLCB2	perfect	50	0.017873	0.03289129549573497	0	0.12929	0	0.0135175	2	Brain_Caudate_basalganglia,Brain_Putamen_basalganglia	Brain_Putamen_basalganglia,Brain_Caudate_basalganglia,Brain_Nucleusaccumbens_basalganglia	3.387,3.166,2.588	0.12929	3.387431182649753	TRUE	Brain_Amygdala,Brain_Anteriorcingulatecortex_BA24,Brain_Caudate_basalganglia,Brain_CerebellarHemisphere,Brain_Cerebellum,Brain_Cortex,Brain_FrontalCortex_BA9,Brain_Hippocampus,Brain_Hypothalamus,Brain_Nucleusaccumbens_basalganglia,Brain_Putamen_basalganglia,Brain_Spinalcord_cervicalc_1,Brain_Substantianigra
chr15	43536134	43536254	chr15	43536134	43536254	PPIP5K1	perfect	50	0.0408226	0.02560537697118976	0	0.13407	0.0353	0.0323725	1	Brain_Spinalcord_cervicalc_1	Brain_Spinalcord_cervicalc_1,Brain_Substantianigra,Muscle_Skeletal	3.642,1.802,1.674	0.13407	3.6417116648943924	TRUE	Brain_Amygdala,Brain_Anteriorcingulatecortex_BA24,Brain_Caudate_basalganglia,Brain_CerebellarHemisphere,Brain_Cerebellum,Brain_Cortex,Brain_FrontalCortex_BA9,Brain_Hippocampus,Brain_Hypothalamus,Brain_Nucleusaccumbens_basalganglia,Brain_Putamen_basalganglia,Brain_Spinalcord_cervicalc_1,Brain_Substantianigra
chr15	63069869	63069940	chr15	63069869	63071915	ENSG00000259627,ENSG00000304541,TPM1	perfect	50	0.0235906	0.04575869724000063	0	0.17651	0.0015149999999999999	0.00669	1	Brain_FrontalCortex_BA9	Brain_FrontalCortex_BA9,Brain_Anteriorcingulatecortex_BA24,Brain_Nucleusaccumbens_basalganglia	3.342,2.659,2.543	0.17651	3.341865245812184	TRUE	Brain_Amygdala,Brain_Anteriorcingulatecortex_BA24,Brain_Caudate_basalganglia,Brain_CerebellarHemisphere,Brain_Cerebellum,Brain_Cortex,Brain_FrontalCortex_BA9,Brain_Hippocampus,Brain_Hypothalamus,Brain_Nucleusaccumbens_basalganglia,Brain_Putamen_basalganglia,Brain_Spinalcord_cervicalc_1,Brain_Substantianigra
chr15	63529141	63529166	chr15	63529013	63529166	USP3	perfect	50	0.0627752	0.06654772316257296	0.00462	0.35205	0.049935	0.0657825	2	Brain_CerebellarHemisphere,Brain_Cerebellum	Brain_Cerebellum,Brain_CerebellarHemisphere,Pituitary	4.347,4.089,0.81	0.35205	4.346877492612561	TRUE	Brain_Amygdala,Brain_Anteriorcingulatecortex_BA24,Brain_Caudate_basalganglia,Brain_CerebellarHemisphere,Brain_Cerebellum,Brain_Cortex,Brain_FrontalCortex_BA9,Brain_Hippocampus,Brain_Hypothalamus,Brain_Nucleusaccumbens_basalganglia,Brain_Putamen_basalganglia,Brain_Spinalcord_cervicalc_1,Brain_Substantianigra
chr15	65355718	65355758	chr15	65355718	65355911	IGDCC3	perfect	50	0.008946799999999998	0.02855305841154433	0	0.13489	0	0	2	Brain_CerebellarHemisphere,Brain_Cerebellum	Brain_Cerebellum,Brain_CerebellarHemisphere,Pituitary	4.411,3.465,2.334	0.13489	4.410847979391228	TRUE	Brain_Amygdala,Brain_Anteriorcingulatecortex_BA24,Brain_Caudate_basalganglia,Brain_CerebellarHemisphere,Brain_Cerebellum,Brain_Cortex,Brain_FrontalCortex_BA9,Brain_Hippocampus,Brain_Hypothalamus,Brain_Nucleusaccumbens_basalganglia,Brain_Putamen_basalganglia,Brain_Spinalcord_cervicalc_1,Brain_Substantianigra
chr15	67371524	67371533	chr15	67371427	67371533	IQCH	perfect	50	0.08783899999999999	0.27683074496183124	0	1	0	0	4	Brain_CerebellarHemisphere,Brain_Cerebellum,SmallIntestine_TerminalIleum,Spleen	Brain_CerebellarHemisphere,Brain_Cerebellum,SmallIntestine_TerminalIleum	3.295,3.295,3.295	1	3.295013348772972	TRUE	Brain_Amygdala,Brain_Anteriorcingulatecortex_BA24,Brain_Caudate_basalganglia,Brain_CerebellarHemisphere,Brain_Cerebellum,Brain_Cortex,Brain_FrontalCortex_BA9,Brain_Hippocampus,Brain_Hypothalamus,Brain_Nucleusaccumbens_basalganglia,Brain_Putamen_basalganglia,Brain_Spinalcord_cervicalc_1,Brain_Substantianigra
chr15	74318589	74318658	chr15	74318540	74318658	CCDC33	perfect	50	0.11349060000000001	0.2717146431003356	0	1	0	0	2	Brain_Caudate_basalganglia,Ovary	Brain_Caudate_basalganglia,Ovary,Brain_Anteriorcingulatecortex_BA24	3.263,3.263,2.649	1	3.26264860032825	TRUE	Brain_Amygdala,Brain_Anteriorcingulatecortex_BA24,Brain_Caudate_basalganglia,Brain_CerebellarHemisphere,Brain_Cerebellum,Brain_Cortex,Brain_FrontalCortex_BA9,Brain_Hippocampus,Brain_Hypothalamus,Brain_Nucleusaccumbens_basalganglia,Brain_Putamen_basalganglia,Brain_Spinalcord_cervicalc_1,Brain_Substantianigra
chr15	74336235	74336454	chr15	74336235	74336472	CCDC33	perfect	50	0.030014799999999994	0.09114086843419242	0	0.5	0	0	2	Brain_Amygdala,Testis	Brain_Amygdala,Testis,Brain_Anteriorcingulatecortex_BA24	5.157,3.221,1.499	0.5	5.156689946830486	TRUE	Brain_Amygdala,Brain_Anteriorcingulatecortex_BA24,Brain_Caudate_basalganglia,Brain_CerebellarHemisphere,Brain_Cerebellum,Brain_Cortex,Brain_FrontalCortex_BA9,Brain_Hippocampus,Brain_Hypothalamus,Brain_Nucleusaccumbens_basalganglia,Brain_Putamen_basalganglia,Brain_Spinalcord_cervicalc_1,Brain_Substantianigra
chr15	74813436	74813479	chr15	74813336	74813479	LMAN1L	perfect	50	0.018482199999999997	0.06130118843239904	0	0.24336	0	0	3	Brain_CerebellarHemisphere,Brain_Cerebellum,Heart_LeftVentricle	Heart_LeftVentricle,Brain_Cerebellum,Brain_CerebellarHemisphere	3.668,3.456,3.4	0.23036	3.456340821738749	TRUE	Brain_Amygdala,Brain_Anteriorcingulatecortex_BA24,Brain_Caudate_basalganglia,Brain_CerebellarHemisphere,Brain_Cerebellum,Brain_Cortex,Brain_FrontalCortex_BA9,Brain_Hippocampus,Brain_Hypothalamus,Brain_Nucleusaccumbens_basalganglia,Brain_Putamen_basalganglia,Brain_Spinalcord_cervicalc_1,Brain_Substantianigra
chr15	89764890	89764920	chr15	89764799	89764920	MESP2	perfect	50	0.03339759999999999	0.06885826722733455	0	0.27586	0	0.0247275	1	Brain_Amygdala	Brain_Amygdala,Brain_Putamen_basalganglia,Brain_Hippocampus	3.521,2.932,2.238	0.27586	3.52118067681712	TRUE	Brain_Amygdala,Brain_Anteriorcingulatecortex_BA24,Brain_Caudate_basalganglia,Brain_CerebellarHemisphere,Brain_Cerebellum,Brain_Cortex,Brain_FrontalCortex_BA9,Brain_Hippocampus,Brain_Hypothalamus,Brain_Nucleusaccumbens_basalganglia,Brain_Putamen_basalganglia,Brain_Spinalcord_cervicalc_1,Brain_Substantianigra
chr16	775015	775085	chr16	774835	775283	MSLNL	perfect	50	0.011231399999999999	0.05906781947896844	0	0.37975	0	0	1	Brain_Cortex	Brain_Cortex,Testis,Adipose_Subcutaneous	6.239,2.888,-0.19	0.37975	6.238906451104292	TRUE	Brain_Amygdala,Brain_Anteriorcingulatecortex_BA24,Brain_Caudate_basalganglia,Brain_CerebellarHemisphere,Brain_Cerebellum,Brain_Cortex,Brain_FrontalCortex_BA9,Brain_Hippocampus,Brain_Hypothalamus,Brain_Nucleusaccumbens_basalganglia,Brain_Putamen_basalganglia,Brain_Spinalcord_cervicalc_1,Brain_Substantianigra
chr16	775140	775145	chr16	774835	775283	MSLNL	perfect	50	0.011231399999999999	0.05906781947896844	0	0.37975	0	0	1	Brain_Cortex	Brain_Cortex,Testis,Adipose_Subcutaneous	6.239,2.888,-0.19	0.37975	6.238906451104292	TRUE	Brain_Amygdala,Brain_Anteriorcingulatecortex_BA24,Brain_Caudate_basalganglia,Brain_CerebellarHemisphere,Brain_Cerebellum,Brain_Cortex,Brain_FrontalCortex_BA9,Brain_Hippocampus,Brain_Hypothalamus,Brain_Nucleusaccumbens_basalganglia,Brain_Putamen_basalganglia,Brain_Spinalcord_cervicalc_1,Brain_Substantianigra
chr16	778625	778641	chr16	778625	778762	MSLNL	perfect	50	0.011231399999999999	0.05906781947896844	0	0.37975	0	0	1	Brain_Cortex	Brain_Cortex,Testis,Adipose_Subcutaneous	6.239,2.888,-0.19	0.37975	6.238906451104292	TRUE	Brain_Amygdala,Brain_Anteriorcingulatecortex_BA24,Brain_Caudate_basalganglia,Brain_CerebellarHemisphere,Brain_Cerebellum,Brain_Cortex,Brain_FrontalCortex_BA9,Brain_Hippocampus,Brain_Hypothalamus,Brain_Nucleusaccumbens_basalganglia,Brain_Putamen_basalganglia,Brain_Spinalcord_cervicalc_1,Brain_Substantianigra
chr16	781953	782054	chr16	781953	782054	MSLNL	perfect	50	0.011231399999999999	0.05906781947896844	0	0.37975	0	0	1	Brain_Cortex	Brain_Cortex,Testis,Adipose_Subcutaneous	6.239,2.888,-0.19	0.37975	6.238906451104292	TRUE	Brain_Amygdala,Brain_Anteriorcingulatecortex_BA24,Brain_Caudate_basalganglia,Brain_CerebellarHemisphere,Brain_Cerebellum,Brain_Cortex,Brain_FrontalCortex_BA9,Brain_Hippocampus,Brain_Hypothalamus,Brain_Nucleusaccumbens_basalganglia,Brain_Putamen_basalganglia,Brain_Spinalcord_cervicalc_1,Brain_Substantianigra
chr16	3251956	3252049	chr16	3251956	3252049	MEFV	perfect	50	0.10998019999999999	0.22687377351320812	0	1	0	0.157335	2	Brain_Nucleusaccumbens_basalganglia,Cells_EBV_transformedlymphocytes	Brain_Nucleusaccumbens_basalganglia,Cells_EBV_transformedlymphocytes,Pancreas	3.923,3.923,2.454	1	3.9229734941054564	TRUE	Brain_Amygdala,Brain_Anteriorcingulatecortex_BA24,Brain_Caudate_basalganglia,Brain_CerebellarHemisphere,Brain_Cerebellum,Brain_Cortex,Brain_FrontalCortex_BA9,Brain_Hippocampus,Brain_Hypothalamus,Brain_Nucleusaccumbens_basalganglia,Brain_Putamen_basalganglia,Brain_Spinalcord_cervicalc_1,Brain_Substantianigra
chr16	11551725	11551772	chr16	11551706	11551804	LITAF	perfect	50	0.07517560000000001	0.03949379254557168	0.01148	0.20285	0.07558999999999999	0.048222499999999995	1	Brain_CerebellarHemisphere	Brain_CerebellarHemisphere,Brain_Cerebellum,Brain_FrontalCortex_BA9	3.233,2.404,2.029	0.20285	3.23277132356122	TRUE	Brain_Amygdala,Brain_Anteriorcingulatecortex_BA24,Brain_Caudate_basalganglia,Brain_CerebellarHemisphere,Brain_Cerebellum,Brain_Cortex,Brain_FrontalCortex_BA9,Brain_Hippocampus,Brain_Hypothalamus,Brain_Nucleusaccumbens_basalganglia,Brain_Putamen_basalganglia,Brain_Spinalcord_cervicalc_1,Brain_Substantianigra
chr16	11551772	11551804	chr16	11551706	11551804	LITAF	perfect	50	0.0755688	0.03932567077881929	0.01413	0.20285	0.07558999999999999	0.048222499999999995	1	Brain_CerebellarHemisphere	Brain_CerebellarHemisphere,Brain_Cerebellum,Brain_FrontalCortex_BA9	3.237,2.404,2.027	0.20285	3.236593234883951	TRUE	Brain_Amygdala,Brain_Anteriorcingulatecortex_BA24,Brain_Caudate_basalganglia,Brain_CerebellarHemisphere,Brain_Cerebellum,Brain_Cortex,Brain_FrontalCortex_BA9,Brain_Hippocampus,Brain_Hypothalamus,Brain_Nucleusaccumbens_basalganglia,Brain_Putamen_basalganglia,Brain_Spinalcord_cervicalc_1,Brain_Substantianigra
chr16	16098872	16098902	chr16	16098872	16098902	ABCC1	perfect	50	0.017642599999999998	0.04153379916036912	0	0.16811	0	0.0066425	3	Brain_CerebellarHemisphere,Brain_Cerebellum,Muscle_Skeletal	Muscle_Skeletal,Brain_Cerebellum,Brain_CerebellarHemisphere	3.623,3.135,3.011	0.14785	3.1349744697624917	TRUE	Brain_Amygdala,Brain_Anteriorcingulatecortex_BA24,Brain_Caudate_basalganglia,Brain_CerebellarHemisphere,Brain_Cerebellum,Brain_Cortex,Brain_FrontalCortex_BA9,Brain_Hippocampus,Brain_Hypothalamus,Brain_Nucleusaccumbens_basalganglia,Brain_Putamen_basalganglia,Brain_Spinalcord_cervicalc_1,Brain_Substantianigra
chr16	30027087	30027173	chr16	30027087	30027173	C16orf92	perfect	50	0.007607999999999997	0.03728700889925422	0	0.2266	0	0	2	Brain_CerebellarHemisphere,Brain_Cerebellum	Brain_Cerebellum,Brain_CerebellarHemisphere,Testis	5.873,3.538,0.179	0.2266	5.873144734985167	TRUE	Brain_Amygdala,Brain_Anteriorcingulatecortex_BA24,Brain_Caudate_basalganglia,Brain_CerebellarHemisphere,Brain_Cerebellum,Brain_Cortex,Brain_FrontalCortex_BA9,Brain_Hippocampus,Brain_Hypothalamus,Brain_Nucleusaccumbens_basalganglia,Brain_Putamen_basalganglia,Brain_Spinalcord_cervicalc_1,Brain_Substantianigra
chr16	30027608	30027616	chr16	30027602	30027736	C16orf92	perfect	50	0.0085672	0.03807053282462729	0	0.2266	0	0	2	Brain_CerebellarHemisphere,Brain_Cerebellum	Brain_Cerebellum,Brain_CerebellarHemisphere,Testis	5.727,3.44,1.41	0.2266	5.727075084669098	TRUE	Brain_Amygdala,Brain_Anteriorcingulatecortex_BA24,Brain_Caudate_basalganglia,Brain_CerebellarHemisphere,Brain_Cerebellum,Brain_Cortex,Brain_FrontalCortex_BA9,Brain_Hippocampus,Brain_Hypothalamus,Brain_Nucleusaccumbens_basalganglia,Brain_Putamen_basalganglia,Brain_Spinalcord_cervicalc_1,Brain_Substantianigra
chr16	30570920	30570940	chr16	30570733	30570940	ZNF688	perfect	50	0.0431306	0.039418424802601736	0	0.1637	0.029589999999999998	0.0346525	1	Brain_Amygdala	Brain_Amygdala,Brain_Hippocampus,Brain_Anteriorcingulatecortex_BA24	3.059,2.497,2.1	0.1637	3.0587066988035017	TRUE	Brain_Amygdala,Brain_Anteriorcingulatecortex_BA24,Brain_Caudate_basalganglia,Brain_CerebellarHemisphere,Brain_Cerebellum,Brain_Cortex,Brain_FrontalCortex_BA9,Brain_Hippocampus,Brain_Hypothalamus,Brain_Nucleusaccumbens_basalganglia,Brain_Putamen_basalganglia,Brain_Spinalcord_cervicalc_1,Brain_Substantianigra
chr16	30572121	30572275	chr16	30572038	30572734	ENSG00000239791,ZNF688	perfect	50	0.1034384	0.04653580185760865	0.04023	0.27988	0.09382499999999999	0.047979999999999995	2	Brain_CerebellarHemisphere,Brain_Cerebellum	Brain_Cerebellum,Brain_CerebellarHemisphere,Skin_NotSunExposed_Suprapubic	3.792,3.292,1.469	0.27988	3.791523793656338	TRUE	Brain_Amygdala,Brain_Anteriorcingulatecortex_BA24,Brain_Caudate_basalganglia,Brain_CerebellarHemisphere,Brain_Cerebellum,Brain_Cortex,Brain_FrontalCortex_BA9,Brain_Hippocampus,Brain_Hypothalamus,Brain_Nucleusaccumbens_basalganglia,Brain_Putamen_basalganglia,Brain_Spinalcord_cervicalc_1,Brain_Substantianigra
chr16	55949784	55949902	chr16	55949784	55949902	CES5A	perfect	50	0.015937600000000003	0.11269585035838721	0	0.79688	0	0	1	Brain_Spinalcord_cervicalc_1	Brain_Spinalcord_cervicalc_1,Adipose_Subcutaneous,Adipose_Visceral_Omentum	6.93,-0.141,-0.141	0.79688	6.929646455628165	TRUE	Brain_Amygdala,Brain_Anteriorcingulatecortex_BA24,Brain_Caudate_basalganglia,Brain_CerebellarHemisphere,Brain_Cerebellum,Brain_Cortex,Brain_FrontalCortex_BA9,Brain_Hippocampus,Brain_Hypothalamus,Brain_Nucleusaccumbens_basalganglia,Brain_Putamen_basalganglia,Brain_Spinalcord_cervicalc_1,Brain_Substantianigra
chr16	55955843	55955885	chr16	55955843	55956031	CES5A	perfect	50	0.015937600000000003	0.11269585035838721	0	0.79688	0	0	1	Brain_Spinalcord_cervicalc_1	Brain_Spinalcord_cervicalc_1,Adipose_Subcutaneous,Adipose_Visceral_Omentum	6.93,-0.141,-0.141	0.79688	6.929646455628165	TRUE	Brain_Amygdala,Brain_Anteriorcingulatecortex_BA24,Brain_Caudate_basalganglia,Brain_CerebellarHemisphere,Brain_Cerebellum,Brain_Cortex,Brain_FrontalCortex_BA9,Brain_Hippocampus,Brain_Hypothalamus,Brain_Nucleusaccumbens_basalganglia,Brain_Putamen_basalganglia,Brain_Spinalcord_cervicalc_1,Brain_Substantianigra
chr17	7737962	7738120	chr17	7737962	7738120	DNAH2	perfect	50	0.03445899999999999	0.06079302337288652	0	0.24528	0	0.058622499999999994	1	Brain_FrontalCortex_BA9	Brain_FrontalCortex_BA9,Brain_Anteriorcingulatecortex_BA24,Pituitary	3.468,2.28,2.111	0.24528	3.4678485836587862	TRUE	Brain_Amygdala,Brain_Anteriorcingulatecortex_BA24,Brain_Caudate_basalganglia,Brain_CerebellarHemisphere,Brain_Cerebellum,Brain_Cortex,Brain_FrontalCortex_BA9,Brain_Hippocampus,Brain_Hypothalamus,Brain_Nucleusaccumbens_basalganglia,Brain_Putamen_basalganglia,Brain_Spinalcord_cervicalc_1,Brain_Substantianigra
chr17	7738926	7739014	chr17	7738926	7739014	DNAH2	perfect	50	0.03445899999999999	0.06079302337288652	0	0.24528	0	0.058622499999999994	1	Brain_FrontalCortex_BA9	Brain_FrontalCortex_BA9,Brain_Anteriorcingulatecortex_BA24,Pituitary	3.468,2.28,2.111	0.24528	3.4678485836587862	TRUE	Brain_Amygdala,Brain_Anteriorcingulatecortex_BA24,Brain_Caudate_basalganglia,Brain_CerebellarHemisphere,Brain_Cerebellum,Brain_Cortex,Brain_FrontalCortex_BA9,Brain_Hippocampus,Brain_Hypothalamus,Brain_Nucleusaccumbens_basalganglia,Brain_Putamen_basalganglia,Brain_Spinalcord_cervicalc_1,Brain_Substantianigra
chr17	27601892	27601958	chr17	27601892	27601958	KSR1	perfect	50	0.07519519999999999	0.09252774157064068	0.01493	0.47967	0.035365	0.08368500000000001	2	Brain_CerebellarHemisphere,Brain_Cerebellum	Brain_CerebellarHemisphere,Brain_Cerebellum,Brain_Cortex	4.371,3.596,1.287	0.47967	4.371389522040825	TRUE	Brain_Amygdala,Brain_Anteriorcingulatecortex_BA24,Brain_Caudate_basalganglia,Brain_CerebellarHemisphere,Brain_Cerebellum,Brain_Cortex,Brain_FrontalCortex_BA9,Brain_Hippocampus,Brain_Hypothalamus,Brain_Nucleusaccumbens_basalganglia,Brain_Putamen_basalganglia,Brain_Spinalcord_cervicalc_1,Brain_Substantianigra
chr17	35756417	35756419	chr17	35756248	35756419	MMP28	perfect	50	0.027568999999999996	0.0422222938137894	0	0.21622	0.015765	0.0324575	2	Brain_CerebellarHemisphere,Pituitary	Pituitary,Brain_CerebellarHemisphere,Brain_Cerebellum	4.468,3.549,2.163	0.17742	3.5490966137671114	TRUE	Brain_Amygdala,Brain_Anteriorcingulatecortex_BA24,Brain_Caudate_basalganglia,Brain_CerebellarHemisphere,Brain_Cerebellum,Brain_Cortex,Brain_FrontalCortex_BA9,Brain_Hippocampus,Brain_Hypothalamus,Brain_Nucleusaccumbens_basalganglia,Brain_Putamen_basalganglia,Brain_Spinalcord_cervicalc_1,Brain_Substantianigra
chr17	39152545	39152680	chr17	39152468	39152699	PLXDC1	perfect	50	0.15408840000000001	0.0893320769539025	0	0.434	0.14237	0.1281925	1	Brain_Cerebellum	Brain_Cerebellum,Brain_CerebellarHemisphere,Heart_AtrialAppendage	3.133,1.923,1.42	0.434	3.1333828737066205	TRUE	Brain_Amygdala,Brain_Anteriorcingulatecortex_BA24,Brain_Caudate_basalganglia,Brain_CerebellarHemisphere,Brain_Cerebellum,Brain_Cortex,Brain_FrontalCortex_BA9,Brain_Hippocampus,Brain_Hypothalamus,Brain_Nucleusaccumbens_basalganglia,Brain_Putamen_basalganglia,Brain_Spinalcord_cervicalc_1,Brain_Substantianigra
chr17	42018437	42018475	chr17	42018437	42018526	DNAJC7	perfect	50	0.01709	0.033189593402210914	0	0.14196	0	0.0119825	1	Brain_FrontalCortex_BA9	Brain_FrontalCortex_BA9,Spleen,Prostate	3.762,2.444,2.095	0.14196	3.7623238852839287	TRUE	Brain_Amygdala,Brain_Anteriorcingulatecortex_BA24,Brain_Caudate_basalganglia,Brain_CerebellarHemisphere,Brain_Cerebellum,Brain_Cortex,Brain_FrontalCortex_BA9,Brain_Hippocampus,Brain_Hypothalamus,Brain_Nucleusaccumbens_basalganglia,Brain_Putamen_basalganglia,Brain_Spinalcord_cervicalc_1,Brain_Substantianigra
chr17	42798817	42798830	chr17	42798799	42798830	CNTD1	perfect	50	0.0331658	0.053164336714817864	0	0.22568	0	0.0494775	1	Brain_Spinalcord_cervicalc_1	Brain_Spinalcord_cervicalc_1,Testis,Brain_Amygdala	3.621,2.26,2.063	0.22568	3.6211154299296053	TRUE	Brain_Amygdala,Brain_Anteriorcingulatecortex_BA24,Brain_Caudate_basalganglia,Brain_CerebellarHemisphere,Brain_Cerebellum,Brain_Cortex,Brain_FrontalCortex_BA9,Brain_Hippocampus,Brain_Hypothalamus,Brain_Nucleusaccumbens_basalganglia,Brain_Putamen_basalganglia,Brain_Spinalcord_cervicalc_1,Brain_Substantianigra
chr17	61026865	61026910	chr17	61026865	61026910	BCAS3	perfect	50	0.1420112	0.11989256930285888	0	0.52825	0.09162000000000001	0.11729999999999999	1	Brain_CerebellarHemisphere	Brain_CerebellarHemisphere,Brain_Cerebellum,Muscle_Skeletal	3.222,2.945,2.424	0.52825	3.2215407697563623	TRUE	Brain_Amygdala,Brain_Anteriorcingulatecortex_BA24,Brain_Caudate_basalganglia,Brain_CerebellarHemisphere,Brain_Cerebellum,Brain_Cortex,Brain_FrontalCortex_BA9,Brain_Hippocampus,Brain_Hypothalamus,Brain_Nucleusaccumbens_basalganglia,Brain_Putamen_basalganglia,Brain_Spinalcord_cervicalc_1,Brain_Substantianigra
chr17	67928958	67929120	chr17	67928958	67929120	BPTF	perfect	50	0.06911780000000001	0.03395118880969909	0.02546	0.22331	0.06341	0.022825000000000005	2	Brain_CerebellarHemisphere,Brain_Cerebellum	Brain_Cerebellum,Brain_CerebellarHemisphere,Cells_Culturedfibroblasts	4.542,4.09,1.048	0.22331	4.541584710457937	TRUE	Brain_Amygdala,Brain_Anteriorcingulatecortex_BA24,Brain_Caudate_basalganglia,Brain_CerebellarHemisphere,Brain_Cerebellum,Brain_Cortex,Brain_FrontalCortex_BA9,Brain_Hippocampus,Brain_Hypothalamus,Brain_Nucleusaccumbens_basalganglia,Brain_Putamen_basalganglia,Brain_Spinalcord_cervicalc_1,Brain_Substantianigra
chr17	74671586	74671658	chr17	74670076	74672982	ENSG00000264659,RAB37	perfect	50	0.03625139999999998	0.07739029610133985	0	0.29126	0	0.022845	1	Brain_Cerebellum	Brain_Cerebellum,Brain_CerebellarHemisphere,Brain_FrontalCortex_BA9	3.295,2.992,2.703	0.29126	3.29509787203909	TRUE	Brain_Amygdala,Brain_Anteriorcingulatecortex_BA24,Brain_Caudate_basalganglia,Brain_CerebellarHemisphere,Brain_Cerebellum,Brain_Cortex,Brain_FrontalCortex_BA9,Brain_Hippocampus,Brain_Hypothalamus,Brain_Nucleusaccumbens_basalganglia,Brain_Putamen_basalganglia,Brain_Spinalcord_cervicalc_1,Brain_Substantianigra
chr17	74698575	74698621	chr17	74698575	74698621	CD300LF	perfect	50	0.012268999999999999	0.0385846853012425	0	0.16667	0	0	2	Brain_Spinalcord_cervicalc_1,SmallIntestine_TerminalIleum	Brain_Spinalcord_cervicalc_1,SmallIntestine_TerminalIleum,Lung	4.002,3.584,2.808	0.16667	4.001613562338113	TRUE	Brain_Amygdala,Brain_Anteriorcingulatecortex_BA24,Brain_Caudate_basalganglia,Brain_CerebellarHemisphere,Brain_Cerebellum,Brain_Cortex,Brain_FrontalCortex_BA9,Brain_Hippocampus,Brain_Hypothalamus,Brain_Nucleusaccumbens_basalganglia,Brain_Putamen_basalganglia,Brain_Spinalcord_cervicalc_1,Brain_Substantianigra
chr17	74729255	74729366	chr17	74729255	74729366	RAB37	perfect	50	0.03625139999999998	0.07739029610133985	0	0.29126	0	0.022845	1	Brain_Cerebellum	Brain_Cerebellum,Brain_CerebellarHemisphere,Brain_FrontalCortex_BA9	3.295,2.992,2.703	0.29126	3.29509787203909	TRUE	Brain_Amygdala,Brain_Anteriorcingulatecortex_BA24,Brain_Caudate_basalganglia,Brain_CerebellarHemisphere,Brain_Cerebellum,Brain_Cortex,Brain_FrontalCortex_BA9,Brain_Hippocampus,Brain_Hypothalamus,Brain_Nucleusaccumbens_basalganglia,Brain_Putamen_basalganglia,Brain_Spinalcord_cervicalc_1,Brain_Substantianigra
chr17	75269448	75269469	chr17	75269346	75269469	MIF4GD	perfect	50	0.1747394	0.04227378236144547	0.12007	0.33197	0.16148	0.030945	2	Brain_CerebellarHemisphere,Brain_Cerebellum	Brain_CerebellarHemisphere,Brain_Cerebellum,Pituitary	3.719,3.396,2.09	0.33197	3.719340717034997	TRUE	Brain_Amygdala,Brain_Anteriorcingulatecortex_BA24,Brain_Caudate_basalganglia,Brain_CerebellarHemisphere,Brain_Cerebellum,Brain_Cortex,Brain_FrontalCortex_BA9,Brain_Hippocampus,Brain_Hypothalamus,Brain_Nucleusaccumbens_basalganglia,Brain_Putamen_basalganglia,Brain_Spinalcord_cervicalc_1,Brain_Substantianigra
chr17	76683896	76683927	chr17	76683846	76683927	MXRA7	perfect	50	0.1567202	0.15076471115128573	0	0.68977	0.104225	0.1554325	1	Brain_Spinalcord_cervicalc_1	Brain_Spinalcord_cervicalc_1,Brain_Substantianigra,Brain_Amygdala	3.536,2.358,2.124	0.68977	3.5356403758510044	TRUE	Brain_Amygdala,Brain_Anteriorcingulatecortex_BA24,Brain_Caudate_basalganglia,Brain_CerebellarHemisphere,Brain_Cerebellum,Brain_Cortex,Brain_FrontalCortex_BA9,Brain_Hippocampus,Brain_Hypothalamus,Brain_Nucleusaccumbens_basalganglia,Brain_Putamen_basalganglia,Brain_Spinalcord_cervicalc_1,Brain_Substantianigra
chr17	76716688	76716722	chr17	76712831	76716722	JMJD6,SNHG16	perfect	50	0.1391686	0.1589856949669449	0.01673	0.64737	0.05031	0.2268725	1	Brain_CerebellarHemisphere	Brain_CerebellarHemisphere,Brain_Cerebellum,Brain_FrontalCortex_BA9	3.197,2.915,1.785	0.64737	3.1965228073233973	TRUE	Brain_Amygdala,Brain_Anteriorcingulatecortex_BA24,Brain_Caudate_basalganglia,Brain_CerebellarHemisphere,Brain_Cerebellum,Brain_Cortex,Brain_FrontalCortex_BA9,Brain_Hippocampus,Brain_Hypothalamus,Brain_Nucleusaccumbens_basalganglia,Brain_Putamen_basalganglia,Brain_Spinalcord_cervicalc_1,Brain_Substantianigra
chr17	76781040	76781223	chr17	76781040	76781449	MFSD11	perfect	50	0.046436000000000005	0.022532466372244438	0.02462	0.14021	0.04057	0.014585000000000008	2	Brain_CerebellarHemisphere,Brain_Cerebellum	Brain_Cerebellum,Brain_CerebellarHemisphere,Brain_Nucleusaccumbens_basalganglia	4.162,4.059,1.169	0.14021	4.161728168182738	TRUE	Brain_Amygdala,Brain_Anteriorcingulatecortex_BA24,Brain_Caudate_basalganglia,Brain_CerebellarHemisphere,Brain_Cerebellum,Brain_Cortex,Brain_FrontalCortex_BA9,Brain_Hippocampus,Brain_Hypothalamus,Brain_Nucleusaccumbens_basalganglia,Brain_Putamen_basalganglia,Brain_Spinalcord_cervicalc_1,Brain_Substantianigra
chr18	613158	613281	chr18	613158	613281	CLUL1	perfect	50	0.005039	0.025376059925586135	0	0.14925	0	0	2	Brain_Hippocampus,Brain_Spinalcord_cervicalc_1	Brain_Hippocampus,Brain_Spinalcord_cervicalc_1,Adipose_Subcutaneous	5.683,3.849,-0.199	0.14925	5.682954738556365	TRUE	Brain_Amygdala,Brain_Anteriorcingulatecortex_BA24,Brain_Caudate_basalganglia,Brain_CerebellarHemisphere,Brain_Cerebellum,Brain_Cortex,Brain_FrontalCortex_BA9,Brain_Hippocampus,Brain_Hypothalamus,Brain_Nucleusaccumbens_basalganglia,Brain_Putamen_basalganglia,Brain_Spinalcord_cervicalc_1,Brain_Substantianigra
chr18	3874613	3874706	chr18	3874613	3874767	DLGAP1	perfect	50	0.019311800000000007	0.04556100595949151	0	0.20583	0	0	1	Brain_Nucleusaccumbens_basalganglia	Brain_Nucleusaccumbens_basalganglia,Brain_Hippocampus,Brain_Anteriorcingulatecortex_BA24	4.094,2.505,2.342	0.20583	4.093812155197674	TRUE	Brain_Amygdala,Brain_Anteriorcingulatecortex_BA24,Brain_Caudate_basalganglia,Brain_CerebellarHemisphere,Brain_Cerebellum,Brain_Cortex,Brain_FrontalCortex_BA9,Brain_Hippocampus,Brain_Hypothalamus,Brain_Nucleusaccumbens_basalganglia,Brain_Putamen_basalganglia,Brain_Spinalcord_cervicalc_1,Brain_Substantianigra
chr18	35487439	35487470	chr18	35487385	35487823	INO80C	perfect	50	0.0269634	0.023913056258718854	0	0.10448	0.0281	0.032850000000000004	2	Brain_CerebellarHemisphere,Brain_Cerebellum	Brain_CerebellarHemisphere,Brain_Cerebellum,Brain_Cortex	3.242,3.14,1.461	0.10448	3.24160154023545	TRUE	Brain_Amygdala,Brain_Anteriorcingulatecortex_BA24,Brain_Caudate_basalganglia,Brain_CerebellarHemisphere,Brain_Cerebellum,Brain_Cortex,Brain_FrontalCortex_BA9,Brain_Hippocampus,Brain_Hypothalamus,Brain_Nucleusaccumbens_basalganglia,Brain_Putamen_basalganglia,Brain_Spinalcord_cervicalc_1,Brain_Substantianigra
chr19	12834784	12834846	chr19	12834784	12835428	RTBDN	perfect	50	0.04180100000000001	0.1462792977561787	0	1	0	0.030157500000000004	1	Brain_Spinalcord_cervicalc_1	Brain_Spinalcord_cervicalc_1,Brain_Substantianigra,Brain_Cerebellum	6.55,1.423,0.566	1	6.550475800048928	TRUE	Brain_Amygdala,Brain_Anteriorcingulatecortex_BA24,Brain_Caudate_basalganglia,Brain_CerebellarHemisphere,Brain_Cerebellum,Brain_Cortex,Brain_FrontalCortex_BA9,Brain_Hippocampus,Brain_Hypothalamus,Brain_Nucleusaccumbens_basalganglia,Brain_Putamen_basalganglia,Brain_Spinalcord_cervicalc_1,Brain_Substantianigra
chr19	12835082	12835098	chr19	12834784	12835428	RTBDN	perfect	50	0.04180100000000001	0.1462792977561787	0	1	0	0.030157500000000004	1	Brain_Spinalcord_cervicalc_1	Brain_Spinalcord_cervicalc_1,Brain_Substantianigra,Brain_Cerebellum	6.55,1.423,0.566	1	6.550475800048928	TRUE	Brain_Amygdala,Brain_Anteriorcingulatecortex_BA24,Brain_Caudate_basalganglia,Brain_CerebellarHemisphere,Brain_Cerebellum,Brain_Cortex,Brain_FrontalCortex_BA9,Brain_Hippocampus,Brain_Hypothalamus,Brain_Nucleusaccumbens_basalganglia,Brain_Putamen_basalganglia,Brain_Spinalcord_cervicalc_1,Brain_Substantianigra
chr19	12970450	12970525	chr19	12970450	12970535	DAND5	perfect	50	0.008332800000000001	0.038591249512535605	0	0.20588	0	0	2	Brain_CerebellarHemisphere,Brain_Cerebellum	Brain_Cerebellum,Brain_CerebellarHemisphere,Heart_AtrialAppendage	5.119,4.535,0.297	0.20588	5.11896356027111	TRUE	Brain_Amygdala,Brain_Anteriorcingulatecortex_BA24,Brain_Caudate_basalganglia,Brain_CerebellarHemisphere,Brain_Cerebellum,Brain_Cortex,Brain_FrontalCortex_BA9,Brain_Hippocampus,Brain_Hypothalamus,Brain_Nucleusaccumbens_basalganglia,Brain_Putamen_basalganglia,Brain_Spinalcord_cervicalc_1,Brain_Substantianigra
chr19	13519430	13519503	chr19	13518796	13519503	CACNA1A	perfect	50	0.011745999999999998	0.024750880338909556	0	0.1085	0	0.0085325	1	Brain_Nucleusaccumbens_basalganglia	Brain_Nucleusaccumbens_basalganglia,Brain_Caudate_basalganglia,Brain_Putamen_basalganglia	3.909,2.778,2.594	0.1085	3.909113481022254	TRUE	Brain_Amygdala,Brain_Anteriorcingulatecortex_BA24,Brain_Caudate_basalganglia,Brain_CerebellarHemisphere,Brain_Cerebellum,Brain_Cortex,Brain_FrontalCortex_BA9,Brain_Hippocampus,Brain_Hypothalamus,Brain_Nucleusaccumbens_basalganglia,Brain_Putamen_basalganglia,Brain_Spinalcord_cervicalc_1,Brain_Substantianigra
chr19	13599752	13599946	chr19	13599752	13600056	CACNA1A	perfect	50	0.0118626	0.025195260552860557	0	0.1132	0	0.0085325	1	Brain_Nucleusaccumbens_basalganglia	Brain_Nucleusaccumbens_basalganglia,Brain_Caudate_basalganglia,Brain_Putamen_basalganglia	4.022,2.769,2.543	0.1132	4.022081843027204	TRUE	Brain_Amygdala,Brain_Anteriorcingulatecortex_BA24,Brain_Caudate_basalganglia,Brain_CerebellarHemisphere,Brain_Cerebellum,Brain_Cortex,Brain_FrontalCortex_BA9,Brain_Hippocampus,Brain_Hypothalamus,Brain_Nucleusaccumbens_basalganglia,Brain_Putamen_basalganglia,Brain_Spinalcord_cervicalc_1,Brain_Substantianigra
chr19	14167015	14167030	chr19	14167015	14167030	ADGRL1	perfect	50	0.1631052	0.13797808834088143	0	0.58297	0.107605	0.1457625	1	Brain_Cerebellum	Brain_Cerebellum,Brain_CerebellarHemisphere,Brain_Spinalcord_cervicalc_1	3.043,2.84,2.449	0.58297	3.0429817157830454	TRUE	Brain_Amygdala,Brain_Anteriorcingulatecortex_BA24,Brain_Caudate_basalganglia,Brain_CerebellarHemisphere,Brain_Cerebellum,Brain_Cortex,Brain_FrontalCortex_BA9,Brain_Hippocampus,Brain_Hypothalamus,Brain_Nucleusaccumbens_basalganglia,Brain_Putamen_basalganglia,Brain_Spinalcord_cervicalc_1,Brain_Substantianigra
chr19	17523438	17523459	chr19	17523300	17523459	NIBAN3	perfect	50	0.0111144	0.03277340404806859	0	0.15385	0	0	2	Brain_CerebellarHemisphere,Testis	Testis,Brain_CerebellarHemisphere,WholeBlood	4.355,3.251,2.617	0.11765	3.250672400210389	TRUE	Brain_Amygdala,Brain_Anteriorcingulatecortex_BA24,Brain_Caudate_basalganglia,Brain_CerebellarHemisphere,Brain_Cerebellum,Brain_Cortex,Brain_FrontalCortex_BA9,Brain_Hippocampus,Brain_Hypothalamus,Brain_Nucleusaccumbens_basalganglia,Brain_Putamen_basalganglia,Brain_Spinalcord_cervicalc_1,Brain_Substantianigra
chr19	17820395	17820490	chr19	17820395	17820490	INSL3	perfect	50	0.0163712	0.049744618399934513	0	0.18719	0	0	3	Brain_Cerebellum,Spleen,WholeBlood	Brain_Cerebellum,Spleen,WholeBlood	3.434,3.37,3.261	0.18719	3.433915175037806	TRUE	Brain_Amygdala,Brain_Anteriorcingulatecortex_BA24,Brain_Caudate_basalganglia,Brain_CerebellarHemisphere,Brain_Cerebellum,Brain_Cortex,Brain_FrontalCortex_BA9,Brain_Hippocampus,Brain_Hypothalamus,Brain_Nucleusaccumbens_basalganglia,Brain_Putamen_basalganglia,Brain_Spinalcord_cervicalc_1,Brain_Substantianigra
chr19	17982567	17982576	chr19	17982567	17982576	KCNN1	perfect	50	0.006215000000000001	0.023930978151887636	0	0.13782	0	0	2	Brain_Cerebellum,Testis	Brain_Cerebellum,Testis,Cells_EBV_transformedlymphocytes	5.499,3.664,1.16	0.13782	5.499357325250795	TRUE	Brain_Amygdala,Brain_Anteriorcingulatecortex_BA24,Brain_Caudate_basalganglia,Brain_CerebellarHemisphere,Brain_Cerebellum,Brain_Cortex,Brain_FrontalCortex_BA9,Brain_Hippocampus,Brain_Hypothalamus,Brain_Nucleusaccumbens_basalganglia,Brain_Putamen_basalganglia,Brain_Spinalcord_cervicalc_1,Brain_Substantianigra
chr19	18744107	18744155	chr19	18744107	18744155	CRTC1	perfect	50	0.149091	0.124848496599123	0	0.57081	0.09447	0.1592025	2	Brain_CerebellarHemisphere,Brain_Cerebellum	Brain_Cerebellum,Brain_CerebellarHemisphere,Brain_FrontalCortex_BA9	3.378,3.241,1.341	0.57081	3.377846041303171	TRUE	Brain_Amygdala,Brain_Anteriorcingulatecortex_BA24,Brain_Caudate_basalganglia,Brain_CerebellarHemisphere,Brain_Cerebellum,Brain_Cortex,Brain_FrontalCortex_BA9,Brain_Hippocampus,Brain_Hypothalamus,Brain_Nucleusaccumbens_basalganglia,Brain_Putamen_basalganglia,Brain_Spinalcord_cervicalc_1,Brain_Substantianigra
chr19	22074371	22074553	chr19	22074371	22074553	ZNF257	perfect	50	0.011710399999999998	0.06045005420095135	0	0.4	0	0	1	Brain_FrontalCortex_BA9	Brain_FrontalCortex_BA9,Brain_Spinalcord_cervicalc_1,Cells_EBV_transformedlymphocytes	6.423,2.432,0.249	0.4	6.423312685696305	TRUE	Brain_Amygdala,Brain_Anteriorcingulatecortex_BA24,Brain_Caudate_basalganglia,Brain_CerebellarHemisphere,Brain_Cerebellum,Brain_Cortex,Brain_FrontalCortex_BA9,Brain_Hippocampus,Brain_Hypothalamus,Brain_Nucleusaccumbens_basalganglia,Brain_Putamen_basalganglia,Brain_Spinalcord_cervicalc_1,Brain_Substantianigra
chr19	22081553	22081630	chr19	22081553	22081670	ZNF257	perfect	50	0.04135260000000002	0.1682219660825955	0	1	0	0	2	Brain_Cerebellum,Brain_Cortex	Brain_Cortex,Brain_Cerebellum,Brain_FrontalCortex_BA9	5.699,3.537,0.943	1	5.698705242389765	TRUE	Brain_Amygdala,Brain_Anteriorcingulatecortex_BA24,Brain_Caudate_basalganglia,Brain_CerebellarHemisphere,Brain_Cerebellum,Brain_Cortex,Brain_FrontalCortex_BA9,Brain_Hippocampus,Brain_Hypothalamus,Brain_Nucleusaccumbens_basalganglia,Brain_Putamen_basalganglia,Brain_Spinalcord_cervicalc_1,Brain_Substantianigra
chr19	22402556	22402564	chr19	22402381	22402564	ZNF98	perfect	50	0.0706026	0.13630184940141093	0	0.57143	0	0.0900675	1	Brain_Spinalcord_cervicalc_1	Brain_Spinalcord_cervicalc_1,Heart_LeftVentricle,Brain_Hypothalamus	3.674,2.906,2.888	0.57143	3.674399153052253	TRUE	Brain_Amygdala,Brain_Anteriorcingulatecortex_BA24,Brain_Caudate_basalganglia,Brain_CerebellarHemisphere,Brain_Cerebellum,Brain_Cortex,Brain_FrontalCortex_BA9,Brain_Hippocampus,Brain_Hypothalamus,Brain_Nucleusaccumbens_basalganglia,Brain_Putamen_basalganglia,Brain_Spinalcord_cervicalc_1,Brain_Substantianigra
chr19	23143573	23143695	chr19	23143573	23144249	ZNF730	perfect	50	0.0296518	0.08139266500798491	0	0.33333	0	0	1	Brain_Substantianigra	Brain_Substantianigra,Brain_Hypothalamus,Brain_Spinalcord_cervicalc_1	3.731,2.912,2.912	0.33333	3.7310266222417967	TRUE	Brain_Amygdala,Brain_Anteriorcingulatecortex_BA24,Brain_Caudate_basalganglia,Brain_CerebellarHemisphere,Brain_Cerebellum,Brain_Cortex,Brain_FrontalCortex_BA9,Brain_Hippocampus,Brain_Hypothalamus,Brain_Nucleusaccumbens_basalganglia,Brain_Putamen_basalganglia,Brain_Spinalcord_cervicalc_1,Brain_Substantianigra
chr19	33142776	33142780	chr19	33142776	33142780	WDR88	perfect	50	0.007068800000000003	0.03346808200086052	0	0.21739	0	0	1	Brain_CerebellarHemisphere	Brain_CerebellarHemisphere,Brain_Cerebellum,Testis	6.284,2.445,1.198	0.21739	6.284232242367287	TRUE	Brain_Amygdala,Brain_Anteriorcingulatecortex_BA24,Brain_Caudate_basalganglia,Brain_CerebellarHemisphere,Brain_Cerebellum,Brain_Cortex,Brain_FrontalCortex_BA9,Brain_Hippocampus,Brain_Hypothalamus,Brain_Nucleusaccumbens_basalganglia,Brain_Putamen_basalganglia,Brain_Spinalcord_cervicalc_1,Brain_Substantianigra
chr19	36245475	36245530	chr19	36245475	36246257	ZNF565	perfect	50	0.0293192	0.05300790787520407	0	0.2356	0	0.0198825	1	Brain_Nucleusaccumbens_basalganglia	Brain_Nucleusaccumbens_basalganglia,Testis,Brain_CerebellarHemisphere	3.892,2.804,1.713	0.2356	3.8915099325490194	TRUE	Brain_Amygdala,Brain_Anteriorcingulatecortex_BA24,Brain_Caudate_basalganglia,Brain_CerebellarHemisphere,Brain_Cerebellum,Brain_Cortex,Brain_FrontalCortex_BA9,Brain_Hippocampus,Brain_Hypothalamus,Brain_Nucleusaccumbens_basalganglia,Brain_Putamen_basalganglia,Brain_Spinalcord_cervicalc_1,Brain_Substantianigra
chr19	36714483	36714500	chr19	36714382	36714500	ZNF850	perfect	50	0.018292199999999998	0.059604710103227564	0	0.27778	0	0	3	Brain_Spinalcord_cervicalc_1,Nerve_Tibial,Testis	Testis,Brain_Spinalcord_cervicalc_1,Nerve_Tibial	4.353,3.468,3.097	0.225	3.467977608514648	TRUE	Brain_Amygdala,Brain_Anteriorcingulatecortex_BA24,Brain_Caudate_basalganglia,Brain_CerebellarHemisphere,Brain_Cerebellum,Brain_Cortex,Brain_FrontalCortex_BA9,Brain_Hippocampus,Brain_Hypothalamus,Brain_Nucleusaccumbens_basalganglia,Brain_Putamen_basalganglia,Brain_Spinalcord_cervicalc_1,Brain_Substantianigra
chr19	38229558	38229590	chr19	38229558	38229714	DPF1	perfect	50	0.019373600000000005	0.043460939101586764	0	0.18514	0	0	1	Brain_FrontalCortex_BA9	Brain_FrontalCortex_BA9,Brain_Cortex,Cells_Culturedfibroblasts	3.814,2.996,2.43	0.18514	3.8141467585993287	TRUE	Brain_Amygdala,Brain_Anteriorcingulatecortex_BA24,Brain_Caudate_basalganglia,Brain_CerebellarHemisphere,Brain_Cerebellum,Brain_Cortex,Brain_FrontalCortex_BA9,Brain_Hippocampus,Brain_Hypothalamus,Brain_Nucleusaccumbens_basalganglia,Brain_Putamen_basalganglia,Brain_Spinalcord_cervicalc_1,Brain_Substantianigra
chr19	39245067	39245077	chr19	39245067	39245250	IFNL3	perfect	50	0.05999999999999998	0.2398979374820953	0	1	0	0	3	Brain_CerebellarHemisphere,Brain_Cerebellum,Testis	Brain_CerebellarHemisphere,Brain_Cerebellum,Testis	3.918,3.918,3.918	1	3.9183329788742207	TRUE	Brain_Amygdala,Brain_Anteriorcingulatecortex_BA24,Brain_Caudate_basalganglia,Brain_CerebellarHemisphere,Brain_Cerebellum,Brain_Cortex,Brain_FrontalCortex_BA9,Brain_Hippocampus,Brain_Hypothalamus,Brain_Nucleusaccumbens_basalganglia,Brain_Putamen_basalganglia,Brain_Spinalcord_cervicalc_1,Brain_Substantianigra
chr19	40593165	40593181	chr19	40592882	40593181	LTBP4	perfect	50	0.0199122	0.03921846161944548	0	0.1595	0.002715	0.007050000000000002	1	Brain_Nucleusaccumbens_basalganglia	Brain_Nucleusaccumbens_basalganglia,Brain_Anteriorcingulatecortex_BA24,Brain_Amygdala	3.559,2.769,2.33	0.1595	3.5592370081846596	TRUE	Brain_Amygdala,Brain_Anteriorcingulatecortex_BA24,Brain_Caudate_basalganglia,Brain_CerebellarHemisphere,Brain_Cerebellum,Brain_Cortex,Brain_FrontalCortex_BA9,Brain_Hippocampus,Brain_Hypothalamus,Brain_Nucleusaccumbens_basalganglia,Brain_Putamen_basalganglia,Brain_Spinalcord_cervicalc_1,Brain_Substantianigra
chr19	40599196	40599255	chr19	40599196	40599255	LTBP4	perfect	50	0.025118799999999997	0.03801550594702329	0	0.1595	0.00912	0.026235	1	Brain_Nucleusaccumbens_basalganglia	Brain_Nucleusaccumbens_basalganglia,Brain_Anteriorcingulatecortex_BA24,Brain_Amygdala	3.535,2.72,2.267	0.1595	3.5349049460835174	TRUE	Brain_Amygdala,Brain_Anteriorcingulatecortex_BA24,Brain_Caudate_basalganglia,Brain_CerebellarHemisphere,Brain_Cerebellum,Brain_Cortex,Brain_FrontalCortex_BA9,Brain_Hippocampus,Brain_Hypothalamus,Brain_Nucleusaccumbens_basalganglia,Brain_Putamen_basalganglia,Brain_Spinalcord_cervicalc_1,Brain_Substantianigra
chr19	40599401	40599420	chr19	40599401	40599556	LTBP4	perfect	50	0.0199122	0.03921846161944548	0	0.1595	0.002715	0.007050000000000002	1	Brain_Nucleusaccumbens_basalganglia	Brain_Nucleusaccumbens_basalganglia,Brain_Anteriorcingulatecortex_BA24,Brain_Amygdala	3.559,2.769,2.33	0.1595	3.5592370081846596	TRUE	Brain_Amygdala,Brain_Anteriorcingulatecortex_BA24,Brain_Caudate_basalganglia,Brain_CerebellarHemisphere,Brain_Cerebellum,Brain_Cortex,Brain_FrontalCortex_BA9,Brain_Hippocampus,Brain_Hypothalamus,Brain_Nucleusaccumbens_basalganglia,Brain_Putamen_basalganglia,Brain_Spinalcord_cervicalc_1,Brain_Substantianigra
chr19	40599420	40599556	chr19	40599401	40599556	LTBP4	perfect	50	0.025118799999999997	0.03801550594702329	0	0.1595	0.00912	0.026235	1	Brain_Nucleusaccumbens_basalganglia	Brain_Nucleusaccumbens_basalganglia,Brain_Anteriorcingulatecortex_BA24,Brain_Amygdala	3.535,2.72,2.267	0.1595	3.5349049460835174	TRUE	Brain_Amygdala,Brain_Anteriorcingulatecortex_BA24,Brain_Caudate_basalganglia,Brain_CerebellarHemisphere,Brain_Cerebellum,Brain_Cortex,Brain_FrontalCortex_BA9,Brain_Hippocampus,Brain_Hypothalamus,Brain_Nucleusaccumbens_basalganglia,Brain_Putamen_basalganglia,Brain_Spinalcord_cervicalc_1,Brain_Substantianigra
chr19	40600067	40600177	chr19	40599675	40600177	LTBP4	perfect	50	0.025118799999999997	0.03801550594702329	0	0.1595	0.00912	0.026235	1	Brain_Nucleusaccumbens_basalganglia	Brain_Nucleusaccumbens_basalganglia,Brain_Anteriorcingulatecortex_BA24,Brain_Amygdala	3.535,2.72,2.267	0.1595	3.5349049460835174	TRUE	Brain_Amygdala,Brain_Anteriorcingulatecortex_BA24,Brain_Caudate_basalganglia,Brain_CerebellarHemisphere,Brain_Cerebellum,Brain_Cortex,Brain_FrontalCortex_BA9,Brain_Hippocampus,Brain_Hypothalamus,Brain_Nucleusaccumbens_basalganglia,Brain_Putamen_basalganglia,Brain_Spinalcord_cervicalc_1,Brain_Substantianigra
chr19	42116923	42117005	chr19	42116708	42117005	POU2F2	perfect	50	0.022490199999999995	0.05327397091929799	0	0.21552	0	0	2	Brain_CerebellarHemisphere,Brain_Cerebellum	Brain_CerebellarHemisphere,Brain_Cerebellum,Testis	3.623,3.57,2.612	0.21552	3.623341693308557	TRUE	Brain_Amygdala,Brain_Anteriorcingulatecortex_BA24,Brain_Caudate_basalganglia,Brain_CerebellarHemisphere,Brain_Cerebellum,Brain_Cortex,Brain_FrontalCortex_BA9,Brain_Hippocampus,Brain_Hypothalamus,Brain_Nucleusaccumbens_basalganglia,Brain_Putamen_basalganglia,Brain_Spinalcord_cervicalc_1,Brain_Substantianigra
chr19	54099589	54099601	chr19	54099589	54099601	OSCAR	perfect	50	0.0052624	0.019226530093300016	0	0.10526	0	0	1	Brain_Anteriorcingulatecortex_BA24	Brain_Anteriorcingulatecortex_BA24,WholeBlood,Spleen	5.201,2.886,2.382	0.10526	5.20102168798762	TRUE	Brain_Amygdala,Brain_Anteriorcingulatecortex_BA24,Brain_Caudate_basalganglia,Brain_CerebellarHemisphere,Brain_Cerebellum,Brain_Cortex,Brain_FrontalCortex_BA9,Brain_Hippocampus,Brain_Hypothalamus,Brain_Nucleusaccumbens_basalganglia,Brain_Putamen_basalganglia,Brain_Spinalcord_cervicalc_1,Brain_Substantianigra
chr19	57428458	57428582	chr19	57428458	57428582	ENSG00000268533	perfect	50	0.019999999999999993	0.14142135623730936	0	1	0	0	1	Brain_CerebellarHemisphere	Brain_CerebellarHemisphere,Adipose_Subcutaneous,Adipose_Visceral_Omentum	6.93,-0.141,-0.141	1	6.9296464556281725	TRUE	Brain_Amygdala,Brain_Anteriorcingulatecortex_BA24,Brain_Caudate_basalganglia,Brain_CerebellarHemisphere,Brain_Cerebellum,Brain_Cortex,Brain_FrontalCortex_BA9,Brain_Hippocampus,Brain_Hypothalamus,Brain_Nucleusaccumbens_basalganglia,Brain_Putamen_basalganglia,Brain_Spinalcord_cervicalc_1,Brain_Substantianigra
chr19	57438101	57438151	chr19	57438101	57438457	ENSG00000268533,ZNF749	perfect	50	0.019999999999999993	0.14142135623730936	0	1	0	0	1	Brain_CerebellarHemisphere	Brain_CerebellarHemisphere,Adipose_Subcutaneous,Adipose_Visceral_Omentum	6.93,-0.141,-0.141	1	6.9296464556281725	TRUE	Brain_Amygdala,Brain_Anteriorcingulatecortex_BA24,Brain_Caudate_basalganglia,Brain_CerebellarHemisphere,Brain_Cerebellum,Brain_Cortex,Brain_FrontalCortex_BA9,Brain_Hippocampus,Brain_Hypothalamus,Brain_Nucleusaccumbens_basalganglia,Brain_Putamen_basalganglia,Brain_Spinalcord_cervicalc_1,Brain_Substantianigra
chr19	57799235	57799300	chr19	57799235	57799499	ZNF586	perfect	50	0.0715276	0.03262962967760988	0.0302	0.17051	0.060365	0.0376525	1	Brain_Nucleusaccumbens_basalganglia	Brain_Nucleusaccumbens_basalganglia,Brain_Caudate_basalganglia,Brain_Anteriorcingulatecortex_BA24	3.034,2.128,1.97	0.17051	3.033512821873082	TRUE	Brain_Amygdala,Brain_Anteriorcingulatecortex_BA24,Brain_Caudate_basalganglia,Brain_CerebellarHemisphere,Brain_Cerebellum,Brain_Cortex,Brain_FrontalCortex_BA9,Brain_Hippocampus,Brain_Hypothalamus,Brain_Nucleusaccumbens_basalganglia,Brain_Putamen_basalganglia,Brain_Spinalcord_cervicalc_1,Brain_Substantianigra
chr2	3484719	3484875	chr2	3484719	3485094	TRAPPC12	perfect	50	0.0438134	0.032992294871032286	0.00461	0.17089	0.033600000000000005	0.026924999999999998	2	Brain_CerebellarHemisphere,Brain_Cerebellum	Brain_CerebellarHemisphere,Brain_Cerebellum,Brain_Cortex	3.852,3.55,1.415	0.17089	3.8517053905084695	TRUE	Brain_Amygdala,Brain_Anteriorcingulatecortex_BA24,Brain_Caudate_basalganglia,Brain_CerebellarHemisphere,Brain_Cerebellum,Brain_Cortex,Brain_FrontalCortex_BA9,Brain_Hippocampus,Brain_Hypothalamus,Brain_Nucleusaccumbens_basalganglia,Brain_Putamen_basalganglia,Brain_Spinalcord_cervicalc_1,Brain_Substantianigra
chr2	3514807	3514909	chr2	3514807	3517747	ADI1	perfect	50	0.057682	0.05786249442622128	0.00921	0.30266	0.042249999999999996	0.033555	2	Brain_CerebellarHemisphere,Brain_Cerebellum	Brain_Cerebellum,Brain_CerebellarHemisphere,Pituitary	4.234,3.976,2.093	0.30266	4.233796044039615	TRUE	Brain_Amygdala,Brain_Anteriorcingulatecortex_BA24,Brain_Caudate_basalganglia,Brain_CerebellarHemisphere,Brain_Cerebellum,Brain_Cortex,Brain_FrontalCortex_BA9,Brain_Hippocampus,Brain_Hypothalamus,Brain_Nucleusaccumbens_basalganglia,Brain_Putamen_basalganglia,Brain_Spinalcord_cervicalc_1,Brain_Substantianigra
chr2	3606191	3606243	chr2	3605700	3606243	COLEC11	perfect	50	0.028579199999999996	0.10251537278130436	0	0.46922	0	0	3	Brain_Spinalcord_cervicalc_1,Kidney_Cortex,Testis	Kidney_Cortex,Brain_Spinalcord_cervicalc_1,Testis	4.298,3.689,3.627	0.40678	3.6892106007048744	TRUE	Brain_Amygdala,Brain_Anteriorcingulatecortex_BA24,Brain_Caudate_basalganglia,Brain_CerebellarHemisphere,Brain_Cerebellum,Brain_Cortex,Brain_FrontalCortex_BA9,Brain_Hippocampus,Brain_Hypothalamus,Brain_Nucleusaccumbens_basalganglia,Brain_Putamen_basalganglia,Brain_Spinalcord_cervicalc_1,Brain_Substantianigra
chr2	9336035	9336044	chr2	9336035	9336044	ASAP2	perfect	50	0.0196982	0.04409657364124746	0	0.16989	0	0	2	Brain_CerebellarHemisphere,Brain_Cerebellum	Brain_CerebellarHemisphere,Brain_Cerebellum,Brain_FrontalCortex_BA9	3.406,3.031,2.549	0.16989	3.40597437846083	TRUE	Brain_Amygdala,Brain_Anteriorcingulatecortex_BA24,Brain_Caudate_basalganglia,Brain_CerebellarHemisphere,Brain_Cerebellum,Brain_Cortex,Brain_FrontalCortex_BA9,Brain_Hippocampus,Brain_Hypothalamus,Brain_Nucleusaccumbens_basalganglia,Brain_Putamen_basalganglia,Brain_Spinalcord_cervicalc_1,Brain_Substantianigra
chr2	10819273	10819307	chr2	10819273	10819354	PDIA6	perfect	50	0.0098182	0.034833234405418904	0	0.21122	0	0	1	Brain_Nucleusaccumbens_basalganglia	Brain_Nucleusaccumbens_basalganglia,Brain_Caudate_basalganglia,Brain_Putamen_basalganglia	5.782,2.38,2.033	0.21122	5.78188627722347	TRUE	Brain_Amygdala,Brain_Anteriorcingulatecortex_BA24,Brain_Caudate_basalganglia,Brain_CerebellarHemisphere,Brain_Cerebellum,Brain_Cortex,Brain_FrontalCortex_BA9,Brain_Hippocampus,Brain_Hypothalamus,Brain_Nucleusaccumbens_basalganglia,Brain_Putamen_basalganglia,Brain_Spinalcord_cervicalc_1,Brain_Substantianigra
chr2	10819307	10819354	chr2	10819273	10819354	PDIA6	perfect	50	0.008982799999999996	0.0321408410186752	0	0.19524	0	0	1	Brain_Nucleusaccumbens_basalganglia	Brain_Nucleusaccumbens_basalganglia,Brain_Caudate_basalganglia,Brain_Putamen_basalganglia	5.795,2.377,2.028	0.19524	5.79503193123592	TRUE	Brain_Amygdala,Brain_Anteriorcingulatecortex_BA24,Brain_Caudate_basalganglia,Brain_CerebellarHemisphere,Brain_Cerebellum,Brain_Cortex,Brain_FrontalCortex_BA9,Brain_Hippocampus,Brain_Hypothalamus,Brain_Nucleusaccumbens_basalganglia,Brain_Putamen_basalganglia,Brain_Spinalcord_cervicalc_1,Brain_Substantianigra
chr2	10820770	10820864	chr2	10820770	10820918	PDIA6	perfect	50	0.006630000000000002	0.023666086991080453	0	0.14082	0	0	1	Brain_Nucleusaccumbens_basalganglia	Brain_Nucleusaccumbens_basalganglia,Brain_Caudate_basalganglia,Brain_Putamen_basalganglia	5.67,2.466,2.253	0.14082	5.670138880608994	TRUE	Brain_Amygdala,Brain_Anteriorcingulatecortex_BA24,Brain_Caudate_basalganglia,Brain_CerebellarHemisphere,Brain_Cerebellum,Brain_Cortex,Brain_FrontalCortex_BA9,Brain_Hippocampus,Brain_Hypothalamus,Brain_Nucleusaccumbens_basalganglia,Brain_Putamen_basalganglia,Brain_Spinalcord_cervicalc_1,Brain_Substantianigra
chr2	11791707	11791785	chr2	11791707	11791785	LPIN1	perfect	50	0.009503999999999997	0.027074956121471244	0	0.12751	0	0	2	Brain_CerebellarHemisphere,Brain_Cerebellum	Brain_CerebellarHemisphere,Brain_Cerebellum,Brain_Cortex	4.358,4.33,1.654	0.12751	4.3584927514034915	TRUE	Brain_Amygdala,Brain_Anteriorcingulatecortex_BA24,Brain_Caudate_basalganglia,Brain_CerebellarHemisphere,Brain_Cerebellum,Brain_Cortex,Brain_FrontalCortex_BA9,Brain_Hippocampus,Brain_Hypothalamus,Brain_Nucleusaccumbens_basalganglia,Brain_Putamen_basalganglia,Brain_Spinalcord_cervicalc_1,Brain_Substantianigra
chr2	19962294	19962327	chr2	19962294	19962327	WDR35	perfect	50	0.027505599999999995	0.08345363288359219	0	0.40196	0	0	2	Brain_CerebellarHemisphere,Brain_Cerebellum	Brain_CerebellarHemisphere,Brain_Cerebellum,Brain_Hypothalamus	4.487,3.632,1.965	0.40196	4.486975426490048	TRUE	Brain_Amygdala,Brain_Anteriorcingulatecortex_BA24,Brain_Caudate_basalganglia,Brain_CerebellarHemisphere,Brain_Cerebellum,Brain_Cortex,Brain_FrontalCortex_BA9,Brain_Hippocampus,Brain_Hypothalamus,Brain_Nucleusaccumbens_basalganglia,Brain_Putamen_basalganglia,Brain_Spinalcord_cervicalc_1,Brain_Substantianigra
chr2	63229830	63229872	chr2	63228387	63229872	WDPCP	perfect	50	0.067731	0.03168318186775606	0.02786	0.17363	0.058085	0.03661500000000001	2	Brain_CerebellarHemisphere,Brain_Cerebellum	Brain_CerebellarHemisphere,Brain_Cerebellum,Brain_Cortex	3.342,3.038,1.808	0.17363	3.3424357579367148	TRUE	Brain_Amygdala,Brain_Anteriorcingulatecortex_BA24,Brain_Caudate_basalganglia,Brain_CerebellarHemisphere,Brain_Cerebellum,Brain_Cortex,Brain_FrontalCortex_BA9,Brain_Hippocampus,Brain_Hypothalamus,Brain_Nucleusaccumbens_basalganglia,Brain_Putamen_basalganglia,Brain_Spinalcord_cervicalc_1,Brain_Substantianigra
chr2	73768768	73768952	chr2	73767418	73768952	DUSP11	perfect	50	0.0674352	0.02395839661426721	0.02235	0.14394	0.06587	0.03613499999999999	1	Brain_Spinalcord_cervicalc_1	Brain_Spinalcord_cervicalc_1,Brain_Cortex,Vagina	3.193,1.373,1.175	0.14394	3.193235391822567	TRUE	Brain_Amygdala,Brain_Anteriorcingulatecortex_BA24,Brain_Caudate_basalganglia,Brain_CerebellarHemisphere,Brain_Cerebellum,Brain_Cortex,Brain_FrontalCortex_BA9,Brain_Hippocampus,Brain_Hypothalamus,Brain_Nucleusaccumbens_basalganglia,Brain_Putamen_basalganglia,Brain_Spinalcord_cervicalc_1,Brain_Substantianigra
chr2	96713106	96713139	chr2	96713106	96713139	LMAN2L	perfect	50	0.015130799999999998	0.03594762595209644	0	0.16549	0	0.00979	2	Brain_CerebellarHemisphere,Brain_Cerebellum	Brain_CerebellarHemisphere,Brain_Cerebellum,Brain_Cortex	4.183,4.179,1.755	0.16549	4.182729624492244	TRUE	Brain_Amygdala,Brain_Anteriorcingulatecortex_BA24,Brain_Caudate_basalganglia,Brain_CerebellarHemisphere,Brain_Cerebellum,Brain_Cortex,Brain_FrontalCortex_BA9,Brain_Hippocampus,Brain_Hypothalamus,Brain_Nucleusaccumbens_basalganglia,Brain_Putamen_basalganglia,Brain_Spinalcord_cervicalc_1,Brain_Substantianigra
chr2	100011496	100011571	chr2	100011496	100011571	AFF3	perfect	50	0.029043200000000005	0.03947811635809988	0	0.16175	0.00272	0.0477375	2	Brain_CerebellarHemisphere,Brain_Cerebellum	Brain_Cerebellum,Brain_CerebellarHemisphere,Brain_Cortex	3.362,3.09,1.439	0.16175	3.3615281640146453	TRUE	Brain_Amygdala,Brain_Anteriorcingulatecortex_BA24,Brain_Caudate_basalganglia,Brain_CerebellarHemisphere,Brain_Cerebellum,Brain_Cortex,Brain_FrontalCortex_BA9,Brain_Hippocampus,Brain_Hypothalamus,Brain_Nucleusaccumbens_basalganglia,Brain_Putamen_basalganglia,Brain_Spinalcord_cervicalc_1,Brain_Substantianigra
chr2	121444938	121444962	chr2	121444938	121444962	CLASP1	perfect	50	0.017871800000000004	0.06315045619076744	0	0.34655	0	0.001055	2	Brain_CerebellarHemisphere,Brain_Cerebellum	Brain_CerebellarHemisphere,Brain_Cerebellum,Brain_Hypothalamus	5.205,4.226,0.564	0.34655	5.204684492018802	TRUE	Brain_Amygdala,Brain_Anteriorcingulatecortex_BA24,Brain_Caudate_basalganglia,Brain_CerebellarHemisphere,Brain_Cerebellum,Brain_Cortex,Brain_FrontalCortex_BA9,Brain_Hippocampus,Brain_Hypothalamus,Brain_Nucleusaccumbens_basalganglia,Brain_Putamen_basalganglia,Brain_Spinalcord_cervicalc_1,Brain_Substantianigra
chr2	135167692	135167713	chr2	135167692	135167713	RAB3GAP1	perfect	50	0.026103000000000008	0.07056660785298918	0	0.35075	0	0	1	Brain_CerebellarHemisphere	Brain_CerebellarHemisphere,Brain_Cerebellum,Muscle_Skeletal	4.601,2.841,2.727	0.35075	4.600575397875641	TRUE	Brain_Amygdala,Brain_Anteriorcingulatecortex_BA24,Brain_Caudate_basalganglia,Brain_CerebellarHemisphere,Brain_Cerebellum,Brain_Cortex,Brain_FrontalCortex_BA9,Brain_Hippocampus,Brain_Hypothalamus,Brain_Nucleusaccumbens_basalganglia,Brain_Putamen_basalganglia,Brain_Spinalcord_cervicalc_1,Brain_Substantianigra
chr2	148691620	148691838	chr2	148691541	148692833	EPC2	perfect	50	0.0520296	0.019722867175759537	0.00694	0.11405	0.05219	0.024395	1	Brain_Spinalcord_cervicalc_1	Brain_Spinalcord_cervicalc_1,WholeBlood,Brain_Substantianigra	3.145,2.616,1.389	0.11405	3.14459350394178	TRUE	Brain_Amygdala,Brain_Anteriorcingulatecortex_BA24,Brain_Caudate_basalganglia,Brain_CerebellarHemisphere,Brain_Cerebellum,Brain_Cortex,Brain_FrontalCortex_BA9,Brain_Hippocampus,Brain_Hypothalamus,Brain_Nucleusaccumbens_basalganglia,Brain_Putamen_basalganglia,Brain_Spinalcord_cervicalc_1,Brain_Substantianigra
chr2	151973668	151973713	chr2	151967082	151974051	CACNB4,ENSG00000283228	perfect	50	0.014379400000000002	0.02574033564708296	0	0.11915	0	0.0237275	1	Brain_CerebellarHemisphere	Brain_CerebellarHemisphere,Brain_Nucleusaccumbens_basalganglia,Brain_Cerebellum	4.07,2.652,2.643	0.11915	4.070288804173896	TRUE	Brain_Amygdala,Brain_Anteriorcingulatecortex_BA24,Brain_Caudate_basalganglia,Brain_CerebellarHemisphere,Brain_Cerebellum,Brain_Cortex,Brain_FrontalCortex_BA9,Brain_Hippocampus,Brain_Hypothalamus,Brain_Nucleusaccumbens_basalganglia,Brain_Putamen_basalganglia,Brain_Spinalcord_cervicalc_1,Brain_Substantianigra
chr2	178753848	178754009	chr2	178753360	178754009	TTN	perfect	50	0.10146759999999999	0.19472323382185489	0	0.73913	0	0.1171825	1	Brain_FrontalCortex_BA9	Brain_FrontalCortex_BA9,Brain_Anteriorcingulatecortex_BA24,Brain_Cortex	3.275,2.817,2.605	0.73913	3.2747114326550975	TRUE	Brain_Amygdala,Brain_Anteriorcingulatecortex_BA24,Brain_Caudate_basalganglia,Brain_CerebellarHemisphere,Brain_Cerebellum,Brain_Cortex,Brain_FrontalCortex_BA9,Brain_Hippocampus,Brain_Hypothalamus,Brain_Nucleusaccumbens_basalganglia,Brain_Putamen_basalganglia,Brain_Spinalcord_cervicalc_1,Brain_Substantianigra
chr2	201888459	201888461	chr2	201888459	201889457	CDK15	perfect	50	0.0177654	0.026506517659024228	0	0.11765	0	0.036595	1	Brain_Cerebellum	Brain_Cerebellum,Nerve_Tibial,Brain_CerebellarHemisphere	3.768,1.879,1.845	0.11765	3.7683033767354943	TRUE	Brain_Amygdala,Brain_Anteriorcingulatecortex_BA24,Brain_Caudate_basalganglia,Brain_CerebellarHemisphere,Brain_Cerebellum,Brain_Cortex,Brain_FrontalCortex_BA9,Brain_Hippocampus,Brain_Hypothalamus,Brain_Nucleusaccumbens_basalganglia,Brain_Putamen_basalganglia,Brain_Spinalcord_cervicalc_1,Brain_Substantianigra
chr2	202076931	202077099	chr2	202076931	202077099	KIAA2012	perfect	50	0.018024599999999998	0.046752327682312064	0	0.19048	0	0	2	Brain_Caudate_basalganglia,Brain_Hypothalamus	Brain_Hypothalamus,Brain_Caudate_basalganglia,Pituitary	3.689,3.434,2.67	0.19048	3.688701901044502	TRUE	Brain_Amygdala,Brain_Anteriorcingulatecortex_BA24,Brain_Caudate_basalganglia,Brain_CerebellarHemisphere,Brain_Cerebellum,Brain_Cortex,Brain_FrontalCortex_BA9,Brain_Hippocampus,Brain_Hypothalamus,Brain_Nucleusaccumbens_basalganglia,Brain_Putamen_basalganglia,Brain_Spinalcord_cervicalc_1,Brain_Substantianigra
chr2	210016203	210016257	chr2	210016203	210016257	RPE	perfect	50	0.1302092	0.06639489738938482	0	0.36356	0.12458	0.06242500000000001	1	Brain_FrontalCortex_BA9	Brain_FrontalCortex_BA9,Brain_Cortex,Muscle_Skeletal	3.515,2.2,1.611	0.36356	3.514589361159371	TRUE	Brain_Amygdala,Brain_Anteriorcingulatecortex_BA24,Brain_Caudate_basalganglia,Brain_CerebellarHemisphere,Brain_Cerebellum,Brain_Cortex,Brain_FrontalCortex_BA9,Brain_Hippocampus,Brain_Hypothalamus,Brain_Nucleusaccumbens_basalganglia,Brain_Putamen_basalganglia,Brain_Spinalcord_cervicalc_1,Brain_Substantianigra
chr2	232340723	232340927	chr2	232340723	232340999	DIS3L2	perfect	50	0.0416508	0.023809311918676194	0	0.14364	0.038735	0.017345	2	Brain_CerebellarHemisphere,Brain_Cerebellum	Brain_Cerebellum,Brain_CerebellarHemisphere,Ovary	4.284,3.535,1.496	0.14364	4.283584521398913	TRUE	Brain_Amygdala,Brain_Anteriorcingulatecortex_BA24,Brain_Caudate_basalganglia,Brain_CerebellarHemisphere,Brain_Cerebellum,Brain_Cortex,Brain_FrontalCortex_BA9,Brain_Hippocampus,Brain_Hypothalamus,Brain_Nucleusaccumbens_basalganglia,Brain_Putamen_basalganglia,Brain_Spinalcord_cervicalc_1,Brain_Substantianigra
chr2	232343344	232343572	chr2	232343115	232344350	DIS3L2,NRBF2P6	perfect	50	0.0960366	0.04437608422866293	0.02532	0.2632	0.091515	0.04541999999999999	2	Brain_CerebellarHemisphere,Brain_Cerebellum	Brain_CerebellarHemisphere,Brain_Cerebellum,Pituitary	3.767,3.69,1.613	0.2632	3.7669704956082533	TRUE	Brain_Amygdala,Brain_Anteriorcingulatecortex_BA24,Brain_Caudate_basalganglia,Brain_CerebellarHemisphere,Brain_Cerebellum,Brain_Cortex,Brain_FrontalCortex_BA9,Brain_Hippocampus,Brain_Hypothalamus,Brain_Nucleusaccumbens_basalganglia,Brain_Putamen_basalganglia,Brain_Spinalcord_cervicalc_1,Brain_Substantianigra
chr2	241040885	241040896	chr2	241040885	241041362	SNED1	perfect	50	0.0395974	0.04577487060403696	0	0.22105	0.016864999999999998	0.030627500000000002	1	Brain_Nucleusaccumbens_basalganglia	Brain_Nucleusaccumbens_basalganglia,Brain_Amygdala,Brain_Anteriorcingulatecortex_BA24	3.964,2.114,1.984	0.22105	3.9640221284207713	TRUE	Brain_Amygdala,Brain_Anteriorcingulatecortex_BA24,Brain_Caudate_basalganglia,Brain_CerebellarHemisphere,Brain_Cerebellum,Brain_Cortex,Brain_FrontalCortex_BA9,Brain_Hippocampus,Brain_Hypothalamus,Brain_Nucleusaccumbens_basalganglia,Brain_Putamen_basalganglia,Brain_Spinalcord_cervicalc_1,Brain_Substantianigra
chr20	24964374	24964398	chr20	24964374	24964416	APMAP	perfect	50	0.0109778	0.03643866993305048	0	0.19323	0	0.0062875	2	Brain_CerebellarHemisphere,Brain_Cerebellum	Brain_Cerebellum,Brain_CerebellarHemisphere,WholeBlood	5.002,4.498,0.504	0.19323	5.00161505167054	TRUE	Brain_Amygdala,Brain_Anteriorcingulatecortex_BA24,Brain_Caudate_basalganglia,Brain_CerebellarHemisphere,Brain_Cerebellum,Brain_Cortex,Brain_FrontalCortex_BA9,Brain_Hippocampus,Brain_Hypothalamus,Brain_Nucleusaccumbens_basalganglia,Brain_Putamen_basalganglia,Brain_Spinalcord_cervicalc_1,Brain_Substantianigra
chr20	35215892	35215900	chr20	35215892	35216240	PROCR	perfect	50	0.1145888	0.06302783562709999	0.02067	0.38647	0.098775	0.059032500000000016	1	Brain_CerebellarHemisphere	Brain_CerebellarHemisphere,Brain_Cerebellum,Skin_SunExposed_Lowerleg	4.314,2.611,1.797	0.38647	4.313668671863764	TRUE	Brain_Amygdala,Brain_Anteriorcingulatecortex_BA24,Brain_Caudate_basalganglia,Brain_CerebellarHemisphere,Brain_Cerebellum,Brain_Cortex,Brain_FrontalCortex_BA9,Brain_Hippocampus,Brain_Hypothalamus,Brain_Nucleusaccumbens_basalganglia,Brain_Putamen_basalganglia,Brain_Spinalcord_cervicalc_1,Brain_Substantianigra
chr20	35554371	35554386	chr20	35554371	35554386	ERGIC3	perfect	50	0.11589200000000001	0.17298706728822125	0.01425	0.64881	0.02732	0.09119999999999999	1	Brain_CerebellarHemisphere	Brain_CerebellarHemisphere,Brain_Cerebellum,Brain_FrontalCortex_BA9	3.081,2.678,2.429	0.64881	3.0806811650958985	TRUE	Brain_Amygdala,Brain_Anteriorcingulatecortex_BA24,Brain_Caudate_basalganglia,Brain_CerebellarHemisphere,Brain_Cerebellum,Brain_Cortex,Brain_FrontalCortex_BA9,Brain_Hippocampus,Brain_Hypothalamus,Brain_Nucleusaccumbens_basalganglia,Brain_Putamen_basalganglia,Brain_Spinalcord_cervicalc_1,Brain_Substantianigra
chr20	37386459	37386477	chr20	37386459	37386477	SRC	perfect	50	0.029023199999999992	0.056437562156812546	0	0.20321	0	0	1	Brain_Nucleusaccumbens_basalganglia	Brain_Nucleusaccumbens_basalganglia,Brain_FrontalCortex_BA9,Brain_Anteriorcingulatecortex_BA24	3.086,2.169,1.952	0.20321	3.086362935309282	TRUE	Brain_Amygdala,Brain_Anteriorcingulatecortex_BA24,Brain_Caudate_basalganglia,Brain_CerebellarHemisphere,Brain_Cerebellum,Brain_Cortex,Brain_FrontalCortex_BA9,Brain_Hippocampus,Brain_Hypothalamus,Brain_Nucleusaccumbens_basalganglia,Brain_Putamen_basalganglia,Brain_Spinalcord_cervicalc_1,Brain_Substantianigra
chr20	38650681	38650716	chr20	38650681	38651035	ARHGAP40	perfect	50	0.050647000000000005	0.1101085512490436	0	0.5	0	0	2	Brain_Caudate_basalganglia,Brain_Nucleusaccumbens_basalganglia	Brain_Nucleusaccumbens_basalganglia,Brain_Caudate_basalganglia,Testis	4.081,3.072,2.451	0.5	4.08100002136667	TRUE	Brain_Amygdala,Brain_Anteriorcingulatecortex_BA24,Brain_Caudate_basalganglia,Brain_CerebellarHemisphere,Brain_Cerebellum,Brain_Cortex,Brain_FrontalCortex_BA9,Brain_Hippocampus,Brain_Hypothalamus,Brain_Nucleusaccumbens_basalganglia,Brain_Putamen_basalganglia,Brain_Spinalcord_cervicalc_1,Brain_Substantianigra
chr20	63283850	63283880	chr20	63283850	63283880	ARFGAP1	perfect	50	0.044383599999999995	0.07200704664383444	0.00323	0.321	0.011255000000000001	0.022445	2	Brain_CerebellarHemisphere,Brain_Cerebellum	Brain_CerebellarHemisphere,Brain_Cerebellum,Brain_FrontalCortex_BA9	3.842,3.036,2.462	0.321	3.841518474826729	TRUE	Brain_Amygdala,Brain_Anteriorcingulatecortex_BA24,Brain_Caudate_basalganglia,Brain_CerebellarHemisphere,Brain_Cerebellum,Brain_Cortex,Brain_FrontalCortex_BA9,Brain_Hippocampus,Brain_Hypothalamus,Brain_Nucleusaccumbens_basalganglia,Brain_Putamen_basalganglia,Brain_Spinalcord_cervicalc_1,Brain_Substantianigra
chr20	63886015	63886042	chr20	63886015	63886042	TPD52L2	perfect	50	0.0532066	0.1139440953975201	0	0.39763	0	0.006915000000000001	2	Brain_CerebellarHemisphere,Brain_FrontalCortex_BA9	Brain_CerebellarHemisphere,Brain_FrontalCortex_BA9,Brain_Cerebellum	3.023,3,2.753	0.39763	3.022740220091265	TRUE	Brain_Amygdala,Brain_Anteriorcingulatecortex_BA24,Brain_Caudate_basalganglia,Brain_CerebellarHemisphere,Brain_Cerebellum,Brain_Cortex,Brain_FrontalCortex_BA9,Brain_Hippocampus,Brain_Hypothalamus,Brain_Nucleusaccumbens_basalganglia,Brain_Putamen_basalganglia,Brain_Spinalcord_cervicalc_1,Brain_Substantianigra
chr21	45455530	45456176	chr21	45455521	45456881	COL18A1	perfect	50	0.0833854	0.06905807039420829	0	0.30443	0.061215000000000006	0.07940749999999999	2	Brain_Spinalcord_cervicalc_1,Liver	Brain_Spinalcord_cervicalc_1,Liver,Bladder	3.201,3.05,2	0.30443	3.2008510915262756	TRUE	Brain_Amygdala,Brain_Anteriorcingulatecortex_BA24,Brain_Caudate_basalganglia,Brain_CerebellarHemisphere,Brain_Cerebellum,Brain_Cortex,Brain_FrontalCortex_BA9,Brain_Hippocampus,Brain_Hypothalamus,Brain_Nucleusaccumbens_basalganglia,Brain_Putamen_basalganglia,Brain_Spinalcord_cervicalc_1,Brain_Substantianigra
chr21	45456176	45456881	chr21	45455521	45456881	COL18A1	perfect	50	0.0292118	0.0470572052081294	0	0.26376	0.014345	0.017474999999999997	1	Brain_Spinalcord_cervicalc_1	Brain_Spinalcord_cervicalc_1,Nerve_Tibial,Brain_Substantianigra	4.984,2.657,2.234	0.26376	4.984320657434209	TRUE	Brain_Amygdala,Brain_Anteriorcingulatecortex_BA24,Brain_Caudate_basalganglia,Brain_CerebellarHemisphere,Brain_Cerebellum,Brain_Cortex,Brain_FrontalCortex_BA9,Brain_Hippocampus,Brain_Hypothalamus,Brain_Nucleusaccumbens_basalganglia,Brain_Putamen_basalganglia,Brain_Spinalcord_cervicalc_1,Brain_Substantianigra
chr22	17884274	17884358	chr22	17884274	17884358	MICAL3	perfect	50	0.1140758	0.07046772658574466	0.02352	0.32555	0.09698	0.09480749999999999	1	Brain_Substantianigra	Brain_Substantianigra,Brain_Spinalcord_cervicalc_1,Brain_Hypothalamus	3.001,2.83,2.256	0.32555	3.0010078406982466	TRUE	Brain_Amygdala,Brain_Anteriorcingulatecortex_BA24,Brain_Caudate_basalganglia,Brain_CerebellarHemisphere,Brain_Cerebellum,Brain_Cortex,Brain_FrontalCortex_BA9,Brain_Hippocampus,Brain_Hypothalamus,Brain_Nucleusaccumbens_basalganglia,Brain_Putamen_basalganglia,Brain_Spinalcord_cervicalc_1,Brain_Substantianigra
chr22	19759643	19759677	chr22	19759457	19759677	TBX1	perfect	50	0.034180999999999996	0.04781091034438881	0	0.21429	0.02011	0.05054	1	Brain_CerebellarHemisphere	Brain_CerebellarHemisphere,Testis,Brain_Cerebellum	3.767,2.784,2.771	0.21429	3.767110868683512	TRUE	Brain_Amygdala,Brain_Anteriorcingulatecortex_BA24,Brain_Caudate_basalganglia,Brain_CerebellarHemisphere,Brain_Cerebellum,Brain_Cortex,Brain_FrontalCortex_BA9,Brain_Hippocampus,Brain_Hypothalamus,Brain_Nucleusaccumbens_basalganglia,Brain_Putamen_basalganglia,Brain_Spinalcord_cervicalc_1,Brain_Substantianigra
chr22	19779219	19779404	chr22	19779219	19779546	TBX1	perfect	50	0.011818599999999999	0.040407000808356575	0	0.21429	0	0	2	Brain_CerebellarHemisphere,Brain_Cerebellum	Brain_CerebellarHemisphere,Brain_Cerebellum,Spleen	5.011,3.832,2.398	0.21429	5.010800008649167	TRUE	Brain_Amygdala,Brain_Anteriorcingulatecortex_BA24,Brain_Caudate_basalganglia,Brain_CerebellarHemisphere,Brain_Cerebellum,Brain_Cortex,Brain_FrontalCortex_BA9,Brain_Hippocampus,Brain_Hypothalamus,Brain_Nucleusaccumbens_basalganglia,Brain_Putamen_basalganglia,Brain_Spinalcord_cervicalc_1,Brain_Substantianigra
chr22	29274264	29274267	chr22	29274264	29274453	EWSR1	perfect	50	0.029573400000000007	0.05624972357700783	0	0.21095	0	0.0366	1	Brain_CerebellarHemisphere	Brain_CerebellarHemisphere,Brain_FrontalCortex_BA9,Brain_Cerebellum	3.224,2.804,2.431	0.21095	3.2244887346279865	TRUE	Brain_Amygdala,Brain_Anteriorcingulatecortex_BA24,Brain_Caudate_basalganglia,Brain_CerebellarHemisphere,Brain_Cerebellum,Brain_Cortex,Brain_FrontalCortex_BA9,Brain_Hippocampus,Brain_Hypothalamus,Brain_Nucleusaccumbens_basalganglia,Brain_Putamen_basalganglia,Brain_Spinalcord_cervicalc_1,Brain_Substantianigra
chr22	29274267	29274282	chr22	29274264	29274453	EWSR1	perfect	50	0.03025099999999999	0.0578165333408275	0	0.2179	0	0.0366	1	Brain_CerebellarHemisphere	Brain_CerebellarHemisphere,Brain_FrontalCortex_BA9,Brain_Cerebellum	3.246,2.796,2.459	0.2179	3.2455941087614555	TRUE	Brain_Amygdala,Brain_Anteriorcingulatecortex_BA24,Brain_Caudate_basalganglia,Brain_CerebellarHemisphere,Brain_Cerebellum,Brain_Cortex,Brain_FrontalCortex_BA9,Brain_Hippocampus,Brain_Hypothalamus,Brain_Nucleusaccumbens_basalganglia,Brain_Putamen_basalganglia,Brain_Spinalcord_cervicalc_1,Brain_Substantianigra
chr22	39102511	39102558	chr22	39102511	39102605	APOBEC3H	perfect	50	0.014375800000000005	0.0525232344734311	0	0.30303	0	0	2	Brain_CerebellarHemisphere,Brain_Cerebellum	Brain_Cerebellum,Brain_CerebellarHemisphere,Cells_EBV_transformedlymphocytes	5.496,3.388,1.248	0.30303	5.495743034371119	TRUE	Brain_Amygdala,Brain_Anteriorcingulatecortex_BA24,Brain_Caudate_basalganglia,Brain_CerebellarHemisphere,Brain_Cerebellum,Brain_Cortex,Brain_FrontalCortex_BA9,Brain_Hippocampus,Brain_Hypothalamus,Brain_Nucleusaccumbens_basalganglia,Brain_Putamen_basalganglia,Brain_Spinalcord_cervicalc_1,Brain_Substantianigra
chr22	42880616	42880622	chr22	42880616	42880622	PACSIN2	perfect	50	0.014383	0.027231603357653615	0	0.12537	0.0017699999999999999	0.015582499999999999	2	Brain_CerebellarHemisphere,Brain_Cerebellum	Brain_CerebellarHemisphere,Brain_Cerebellum,Brain_FrontalCortex_BA9	4.076,3.064,2.303	0.12537	4.075668940323575	TRUE	Brain_Amygdala,Brain_Anteriorcingulatecortex_BA24,Brain_Caudate_basalganglia,Brain_CerebellarHemisphere,Brain_Cerebellum,Brain_Cortex,Brain_FrontalCortex_BA9,Brain_Hippocampus,Brain_Hypothalamus,Brain_Nucleusaccumbens_basalganglia,Brain_Putamen_basalganglia,Brain_Spinalcord_cervicalc_1,Brain_Substantianigra
chr22	43999340	43999411	chr22	43999210	43999411	PARVB	perfect	50	0.0160136	0.039792295467995335	0	0.20654	0	0.014727500000000001	2	Brain_CerebellarHemisphere,Brain_Cerebellum	Brain_CerebellarHemisphere,Brain_Cerebellum,Heart_LeftVentricle	4.788,3.93,2.108	0.20654	4.788022348528224	TRUE	Brain_Amygdala,Brain_Anteriorcingulatecortex_BA24,Brain_Caudate_basalganglia,Brain_CerebellarHemisphere,Brain_Cerebellum,Brain_Cortex,Brain_FrontalCortex_BA9,Brain_Hippocampus,Brain_Hypothalamus,Brain_Nucleusaccumbens_basalganglia,Brain_Putamen_basalganglia,Brain_Spinalcord_cervicalc_1,Brain_Substantianigra
chr22	43999533	43999673	chr22	43999533	43999673	PARVB	perfect	50	0.0160136	0.039792295467995335	0	0.20654	0	0.014727500000000001	2	Brain_CerebellarHemisphere,Brain_Cerebellum	Brain_CerebellarHemisphere,Brain_Cerebellum,Heart_LeftVentricle	4.788,3.93,2.108	0.20654	4.788022348528224	TRUE	Brain_Amygdala,Brain_Anteriorcingulatecortex_BA24,Brain_Caudate_basalganglia,Brain_CerebellarHemisphere,Brain_Cerebellum,Brain_Cortex,Brain_FrontalCortex_BA9,Brain_Hippocampus,Brain_Hypothalamus,Brain_Nucleusaccumbens_basalganglia,Brain_Putamen_basalganglia,Brain_Spinalcord_cervicalc_1,Brain_Substantianigra
chr3	12539160	12539370	chr3	12538801	12539658	MKRN2OS,TSEN2	perfect	50	0.0818258	0.10677423925139569	0	0.46263	0.046045	0.12135	2	Brain_Spinalcord_cervicalc_1,Heart_LeftVentricle	Heart_LeftVentricle,Brain_Spinalcord_cervicalc_1,Brain_Substantianigra	3.566,3.359,2.486	0.44048	3.358995601509864	TRUE	Brain_Amygdala,Brain_Anteriorcingulatecortex_BA24,Brain_Caudate_basalganglia,Brain_CerebellarHemisphere,Brain_Cerebellum,Brain_Cortex,Brain_FrontalCortex_BA9,Brain_Hippocampus,Brain_Hypothalamus,Brain_Nucleusaccumbens_basalganglia,Brain_Putamen_basalganglia,Brain_Spinalcord_cervicalc_1,Brain_Substantianigra
chr3	14555893	14555899	chr3	14555893	14556075	GRIP2	perfect	50	0.0139828	0.028169250570689416	0	0.11685	0	0.011587499999999999	1	Brain_FrontalCortex_BA9	Brain_FrontalCortex_BA9,Brain_Cortex,Brain_Anteriorcingulatecortex_BA24	3.652,2.773,2.714	0.11685	3.6517549425697204	TRUE	Brain_Amygdala,Brain_Anteriorcingulatecortex_BA24,Brain_Caudate_basalganglia,Brain_CerebellarHemisphere,Brain_Cerebellum,Brain_Cortex,Brain_FrontalCortex_BA9,Brain_Hippocampus,Brain_Hypothalamus,Brain_Nucleusaccumbens_basalganglia,Brain_Putamen_basalganglia,Brain_Spinalcord_cervicalc_1,Brain_Substantianigra
chr3	22168816	22169035	chr3	22168492	22169035	ZNF385D	perfect	50	0.014099800000000003	0.047844755731214564	0	0.21028	0	0	3	Brain_CerebellarHemisphere,Brain_Cerebellum,Testis	Brain_CerebellarHemisphere,Testis,Brain_Cerebellum	4.1,3.823,3.616	0.21028	4.100349076962878	TRUE	Brain_Amygdala,Brain_Anteriorcingulatecortex_BA24,Brain_Caudate_basalganglia,Brain_CerebellarHemisphere,Brain_Cerebellum,Brain_Cortex,Brain_FrontalCortex_BA9,Brain_Hippocampus,Brain_Hypothalamus,Brain_Nucleusaccumbens_basalganglia,Brain_Putamen_basalganglia,Brain_Spinalcord_cervicalc_1,Brain_Substantianigra
chr3	22372449	22372555	chr3	22372449	22372837	ZNF385D	perfect	50	0.014099800000000003	0.047844755731214564	0	0.21028	0	0	3	Brain_CerebellarHemisphere,Brain_Cerebellum,Testis	Brain_CerebellarHemisphere,Testis,Brain_Cerebellum	4.1,3.823,3.616	0.21028	4.100349076962878	TRUE	Brain_Amygdala,Brain_Anteriorcingulatecortex_BA24,Brain_Caudate_basalganglia,Brain_CerebellarHemisphere,Brain_Cerebellum,Brain_Cortex,Brain_FrontalCortex_BA9,Brain_Hippocampus,Brain_Hypothalamus,Brain_Nucleusaccumbens_basalganglia,Brain_Putamen_basalganglia,Brain_Spinalcord_cervicalc_1,Brain_Substantianigra
chr3	39281608	39281695	chr3	39281608	39281735	CX3CR1	perfect	50	0.0172578	0.0411044864371921	0	0.15957	0	0	1	Brain_Caudate_basalganglia	Brain_Caudate_basalganglia,Brain_Substantianigra,Brain_Nucleusaccumbens_basalganglia	3.462,2.615,2.355	0.15957	3.46220601046686	TRUE	Brain_Amygdala,Brain_Anteriorcingulatecortex_BA24,Brain_Caudate_basalganglia,Brain_CerebellarHemisphere,Brain_Cerebellum,Brain_Cortex,Brain_FrontalCortex_BA9,Brain_Hippocampus,Brain_Hypothalamus,Brain_Nucleusaccumbens_basalganglia,Brain_Putamen_basalganglia,Brain_Spinalcord_cervicalc_1,Brain_Substantianigra
chr3	41882196	41882280	chr3	41882149	41882280	ULK4	perfect	50	0.1593336	0.10147040583463189	0.00593	0.51111	0.129735	0.09926999999999998	2	Brain_CerebellarHemisphere,Brain_Cerebellum	Brain_CerebellarHemisphere,Brain_Cerebellum,Muscle_Skeletal	3.467,3.067,1.715	0.51111	3.4667881448438886	TRUE	Brain_Amygdala,Brain_Anteriorcingulatecortex_BA24,Brain_Caudate_basalganglia,Brain_CerebellarHemisphere,Brain_Cerebellum,Brain_Cortex,Brain_FrontalCortex_BA9,Brain_Hippocampus,Brain_Hypothalamus,Brain_Nucleusaccumbens_basalganglia,Brain_Putamen_basalganglia,Brain_Spinalcord_cervicalc_1,Brain_Substantianigra
chr3	43551471	43551588	chr3	43551471	43551588	ANO10	perfect	50	0.048819	0.020882013865075957	0.02395	0.11753	0.046045	0.021339999999999998	3	Brain_CerebellarHemisphere,Brain_Cerebellum,Testis	Brain_CerebellarHemisphere,Testis,Brain_Cerebellum	3.29,3.286,3.171	0.11753	3.2904393438276296	TRUE	Brain_Amygdala,Brain_Anteriorcingulatecortex_BA24,Brain_Caudate_basalganglia,Brain_CerebellarHemisphere,Brain_Cerebellum,Brain_Cortex,Brain_FrontalCortex_BA9,Brain_Hippocampus,Brain_Hypothalamus,Brain_Nucleusaccumbens_basalganglia,Brain_Putamen_basalganglia,Brain_Spinalcord_cervicalc_1,Brain_Substantianigra
chr3	44499184	44499299	chr3	44491765	44499299	ZNF852	perfect	50	0.3814598	0.04109897741863102	0.29032	0.53333	0.381295	0.043749999999999956	1	Brain_Hippocampus	Brain_Hippocampus,Pancreas,Muscle_Skeletal	3.695,1.649,1.604	0.53333	3.69523062467131	TRUE	Brain_Amygdala,Brain_Anteriorcingulatecortex_BA24,Brain_Caudate_basalganglia,Brain_CerebellarHemisphere,Brain_Cerebellum,Brain_Cortex,Brain_FrontalCortex_BA9,Brain_Hippocampus,Brain_Hypothalamus,Brain_Nucleusaccumbens_basalganglia,Brain_Putamen_basalganglia,Brain_Spinalcord_cervicalc_1,Brain_Substantianigra
chr3	44499301	44499893	chr3	44499301	44503110	ZNF852	perfect	50	0.3814598	0.04109897741863102	0.29032	0.53333	0.381295	0.043749999999999956	1	Brain_Hippocampus	Brain_Hippocampus,Pancreas,Muscle_Skeletal	3.695,1.649,1.604	0.53333	3.69523062467131	TRUE	Brain_Amygdala,Brain_Anteriorcingulatecortex_BA24,Brain_Caudate_basalganglia,Brain_CerebellarHemisphere,Brain_Cerebellum,Brain_Cortex,Brain_FrontalCortex_BA9,Brain_Hippocampus,Brain_Hypothalamus,Brain_Nucleusaccumbens_basalganglia,Brain_Putamen_basalganglia,Brain_Spinalcord_cervicalc_1,Brain_Substantianigra
chr3	44502641	44502668	chr3	44499301	44503110	ZNF852	perfect	50	0.3814598	0.04109897741863102	0.29032	0.53333	0.381295	0.043749999999999956	1	Brain_Hippocampus	Brain_Hippocampus,Pancreas,Muscle_Skeletal	3.695,1.649,1.604	0.53333	3.69523062467131	TRUE	Brain_Amygdala,Brain_Anteriorcingulatecortex_BA24,Brain_Caudate_basalganglia,Brain_CerebellarHemisphere,Brain_Cerebellum,Brain_Cortex,Brain_FrontalCortex_BA9,Brain_Hippocampus,Brain_Hypothalamus,Brain_Nucleusaccumbens_basalganglia,Brain_Putamen_basalganglia,Brain_Spinalcord_cervicalc_1,Brain_Substantianigra
chr3	44502964	44502979	chr3	44499301	44503110	ZNF852	perfect	50	0.3814598	0.04109897741863102	0.29032	0.53333	0.381295	0.043749999999999956	1	Brain_Hippocampus	Brain_Hippocampus,Pancreas,Muscle_Skeletal	3.695,1.649,1.604	0.53333	3.69523062467131	TRUE	Brain_Amygdala,Brain_Anteriorcingulatecortex_BA24,Brain_Caudate_basalganglia,Brain_CerebellarHemisphere,Brain_Cerebellum,Brain_Cortex,Brain_FrontalCortex_BA9,Brain_Hippocampus,Brain_Hypothalamus,Brain_Nucleusaccumbens_basalganglia,Brain_Putamen_basalganglia,Brain_Spinalcord_cervicalc_1,Brain_Substantianigra
chr3	47975460	47975465	chr3	47973083	47975465	MAP4	perfect	50	0.0406146	0.08866225962882854	1.9e-4	0.40813	0.002685	0.0042175	1	Brain_CerebellarHemisphere	Brain_CerebellarHemisphere,Brain_FrontalCortex_BA9,Brain_Cerebellum	4.145,2.725,2.573	0.40813	4.145116552843893	TRUE	Brain_Amygdala,Brain_Anteriorcingulatecortex_BA24,Brain_Caudate_basalganglia,Brain_CerebellarHemisphere,Brain_Cerebellum,Brain_Cortex,Brain_FrontalCortex_BA9,Brain_Hippocampus,Brain_Hypothalamus,Brain_Nucleusaccumbens_basalganglia,Brain_Putamen_basalganglia,Brain_Spinalcord_cervicalc_1,Brain_Substantianigra
chr3	50373064	50373085	chr3	50373064	50373085	CACNA2D2	perfect	50	0.018730999999999998	0.03214569976319237	0	0.13151	0	0.035097500000000004	1	Brain_CerebellarHemisphere	Brain_CerebellarHemisphere,Brain_Cerebellum,Colon_Sigmoid	3.508,2.722,2.51	0.13151	3.5083697300357035	TRUE	Brain_Amygdala,Brain_Anteriorcingulatecortex_BA24,Brain_Caudate_basalganglia,Brain_CerebellarHemisphere,Brain_Cerebellum,Brain_Cortex,Brain_FrontalCortex_BA9,Brain_Hippocampus,Brain_Hypothalamus,Brain_Nucleusaccumbens_basalganglia,Brain_Putamen_basalganglia,Brain_Spinalcord_cervicalc_1,Brain_Substantianigra
chr3	56774999	56775104	chr3	56774999	56775657	ARHGEF3	perfect	50	0.0084312	0.027308451008612625	0	0.14597	0	0	2	Brain_CerebellarHemisphere,Brain_Cerebellum	Brain_CerebellarHemisphere,Brain_Cerebellum,Brain_Anteriorcingulatecortex_BA24	5.036,4.178,1.14	0.14597	5.036492181728747	TRUE	Brain_Amygdala,Brain_Anteriorcingulatecortex_BA24,Brain_Caudate_basalganglia,Brain_CerebellarHemisphere,Brain_Cerebellum,Brain_Cortex,Brain_FrontalCortex_BA9,Brain_Hippocampus,Brain_Hypothalamus,Brain_Nucleusaccumbens_basalganglia,Brain_Putamen_basalganglia,Brain_Spinalcord_cervicalc_1,Brain_Substantianigra
chr3	56775104	56775113	chr3	56774999	56775657	ARHGEF3	perfect	50	0.008548800000000002	0.027918672899867516	0	0.15185	0	0	2	Brain_CerebellarHemisphere,Brain_Cerebellum	Brain_CerebellarHemisphere,Brain_Cerebellum,Brain_Anteriorcingulatecortex_BA24	5.133,4.083,1.11	0.15185	5.132808443795336	TRUE	Brain_Amygdala,Brain_Anteriorcingulatecortex_BA24,Brain_Caudate_basalganglia,Brain_CerebellarHemisphere,Brain_Cerebellum,Brain_Cortex,Brain_FrontalCortex_BA9,Brain_Hippocampus,Brain_Hypothalamus,Brain_Nucleusaccumbens_basalganglia,Brain_Putamen_basalganglia,Brain_Spinalcord_cervicalc_1,Brain_Substantianigra
chr3	58420535	58420538	chr3	58420535	58420960	PXK	perfect	50	0.1383748	0.09471598197662272	0.05232	0.49522	0.10475000000000001	0.05201	2	Brain_CerebellarHemisphere,Brain_Cerebellum	Brain_CerebellarHemisphere,Brain_Cerebellum,Testis	3.768,3.334,2.148	0.49522	3.767528906452921	TRUE	Brain_Amygdala,Brain_Anteriorcingulatecortex_BA24,Brain_Caudate_basalganglia,Brain_CerebellarHemisphere,Brain_Cerebellum,Brain_Cortex,Brain_FrontalCortex_BA9,Brain_Hippocampus,Brain_Hypothalamus,Brain_Nucleusaccumbens_basalganglia,Brain_Putamen_basalganglia,Brain_Spinalcord_cervicalc_1,Brain_Substantianigra
chr3	58420538	58420552	chr3	58420535	58420960	PXK	perfect	50	0.15370720000000002	0.10633024681584428	0.05232	0.54162	0.11495	0.07429250000000001	2	Brain_CerebellarHemisphere,Brain_Cerebellum	Brain_CerebellarHemisphere,Brain_Cerebellum,Brain_FrontalCortex_BA9	3.648,3.299,1.865	0.54162	3.648188653900472	TRUE	Brain_Amygdala,Brain_Anteriorcingulatecortex_BA24,Brain_Caudate_basalganglia,Brain_CerebellarHemisphere,Brain_Cerebellum,Brain_Cortex,Brain_FrontalCortex_BA9,Brain_Hippocampus,Brain_Hypothalamus,Brain_Nucleusaccumbens_basalganglia,Brain_Putamen_basalganglia,Brain_Spinalcord_cervicalc_1,Brain_Substantianigra
chr3	65597680	65597735	chr3	65597680	65597735	MAGI1	perfect	50	0.048892	0.03082684968050563	0	0.17133	0.038335	0.0262825	1	Brain_Spinalcord_cervicalc_1	Brain_Spinalcord_cervicalc_1,Brain_Substantianigra,Brain_Cerebellum	3.972,2.131,2.035	0.17133	3.9717973542209766	TRUE	Brain_Amygdala,Brain_Anteriorcingulatecortex_BA24,Brain_Caudate_basalganglia,Brain_CerebellarHemisphere,Brain_Cerebellum,Brain_Cortex,Brain_FrontalCortex_BA9,Brain_Hippocampus,Brain_Hypothalamus,Brain_Nucleusaccumbens_basalganglia,Brain_Putamen_basalganglia,Brain_Spinalcord_cervicalc_1,Brain_Substantianigra
chr3	69936722	69936755	chr3	69936586	69936755	MITF	perfect	50	0.3941866	0.19462400036166017	0	1	0.35431999999999997	0.14597999999999994	2	Brain_CerebellarHemisphere,WholeBlood	Brain_CerebellarHemisphere,WholeBlood,Liver	3.113,3.113,2.07	1	3.1127373750115446	TRUE	Brain_Amygdala,Brain_Anteriorcingulatecortex_BA24,Brain_Caudate_basalganglia,Brain_CerebellarHemisphere,Brain_Cerebellum,Brain_Cortex,Brain_FrontalCortex_BA9,Brain_Hippocampus,Brain_Hypothalamus,Brain_Nucleusaccumbens_basalganglia,Brain_Putamen_basalganglia,Brain_Spinalcord_cervicalc_1,Brain_Substantianigra
chr3	87240371	87240453	chr3	87239391	87240453	CHMP2B	perfect	50	0.0467284	0.02177611848248593	0.00132	0.12258	0.042124999999999996	0.0201425	1	Brain_CerebellarHemisphere	Brain_CerebellarHemisphere,Cells_EBV_transformedlymphocytes,Ovary	3.483,1.722,1.62	0.12258	3.483247028666097	TRUE	Brain_Amygdala,Brain_Anteriorcingulatecortex_BA24,Brain_Caudate_basalganglia,Brain_CerebellarHemisphere,Brain_Cerebellum,Brain_Cortex,Brain_FrontalCortex_BA9,Brain_Hippocampus,Brain_Hypothalamus,Brain_Nucleusaccumbens_basalganglia,Brain_Putamen_basalganglia,Brain_Spinalcord_cervicalc_1,Brain_Substantianigra
chr3	94037931	94038018	chr3	94037931	94038018	ARL13B	perfect	50	0.002353	0.016638222561319468	0	0.11765	0	0	1	Brain_Spinalcord_cervicalc_1	Brain_Spinalcord_cervicalc_1,Adipose_Subcutaneous,Adipose_Visceral_Omentum	6.93,-0.141,-0.141	0.11765	6.9296464556281645	TRUE	Brain_Amygdala,Brain_Anteriorcingulatecortex_BA24,Brain_Caudate_basalganglia,Brain_CerebellarHemisphere,Brain_Cerebellum,Brain_Cortex,Brain_FrontalCortex_BA9,Brain_Hippocampus,Brain_Hypothalamus,Brain_Nucleusaccumbens_basalganglia,Brain_Putamen_basalganglia,Brain_Spinalcord_cervicalc_1,Brain_Substantianigra
chr3	111577501	111577549	chr3	111577501	111577549	CD96	perfect	50	0.07328319999999998	0.23867753358565313	0	1	0	0.0062775	3	Brain_Amygdala,Brain_Cortex,Brain_FrontalCortex_BA9	Brain_Amygdala,Brain_Cortex,Brain_FrontalCortex_BA9	3.883,3.883,3.883	1	3.8827148331806995	TRUE	Brain_Amygdala,Brain_Anteriorcingulatecortex_BA24,Brain_Caudate_basalganglia,Brain_CerebellarHemisphere,Brain_Cerebellum,Brain_Cortex,Brain_FrontalCortex_BA9,Brain_Hippocampus,Brain_Hypothalamus,Brain_Nucleusaccumbens_basalganglia,Brain_Putamen_basalganglia,Brain_Spinalcord_cervicalc_1,Brain_Substantianigra
chr3	124518399	124518462	chr3	124518062	124519850	KALRN	perfect	50	0.07295379999999999	0.11053256092229481	0	0.42644	0.026205	0.04554999999999999	1	Brain_FrontalCortex_BA9	Brain_FrontalCortex_BA9,Brain_Cortex,Brain_Anteriorcingulatecortex_BA24	3.198,2.818,2.676	0.42644	3.198027776163653	TRUE	Brain_Amygdala,Brain_Anteriorcingulatecortex_BA24,Brain_Caudate_basalganglia,Brain_CerebellarHemisphere,Brain_Cerebellum,Brain_Cortex,Brain_FrontalCortex_BA9,Brain_Hippocampus,Brain_Hypothalamus,Brain_Nucleusaccumbens_basalganglia,Brain_Putamen_basalganglia,Brain_Spinalcord_cervicalc_1,Brain_Substantianigra
chr3	124518462	124518499	chr3	124518062	124519850	KALRN	perfect	50	0.026701999999999997	0.026151939171866003	0	0.11541	0.019005	0.02195	1	Brain_Hippocampus	Brain_Hippocampus,Brain_Anteriorcingulatecortex_BA24,Brain_Amygdala	3.392,2.489,2.413	0.11541	3.3920237966686306	TRUE	Brain_Amygdala,Brain_Anteriorcingulatecortex_BA24,Brain_Caudate_basalganglia,Brain_CerebellarHemisphere,Brain_Cerebellum,Brain_Cortex,Brain_FrontalCortex_BA9,Brain_Hippocampus,Brain_Hypothalamus,Brain_Nucleusaccumbens_basalganglia,Brain_Putamen_basalganglia,Brain_Spinalcord_cervicalc_1,Brain_Substantianigra
chr3	155483368	155483376	chr3	155483348	155483376	PLCH1	perfect	50	0.06325180000000002	0.1713333531594392	0	0.65182	0	0	2	Brain_CerebellarHemisphere,Brain_FrontalCortex_BA9	Brain_CerebellarHemisphere,Brain_FrontalCortex_BA9,Brain_Cortex	3.435,3.091,2.809	0.65182	3.4352225596862667	TRUE	Brain_Amygdala,Brain_Anteriorcingulatecortex_BA24,Brain_Caudate_basalganglia,Brain_CerebellarHemisphere,Brain_Cerebellum,Brain_Cortex,Brain_FrontalCortex_BA9,Brain_Hippocampus,Brain_Hypothalamus,Brain_Nucleusaccumbens_basalganglia,Brain_Putamen_basalganglia,Brain_Spinalcord_cervicalc_1,Brain_Substantianigra
chr3	155486146	155486206	chr3	155486146	155486206	PLCH1	perfect	50	0.07288759999999997	0.18124698713397372	0	0.65182	0	0	1	Brain_CerebellarHemisphere	Brain_CerebellarHemisphere,Brain_FrontalCortex_BA9,Brain_Cortex	3.194,2.891,2.631	0.65182	3.1941628887439997	TRUE	Brain_Amygdala,Brain_Anteriorcingulatecortex_BA24,Brain_Caudate_basalganglia,Brain_CerebellarHemisphere,Brain_Cerebellum,Brain_Cortex,Brain_FrontalCortex_BA9,Brain_Hippocampus,Brain_Hypothalamus,Brain_Nucleusaccumbens_basalganglia,Brain_Putamen_basalganglia,Brain_Spinalcord_cervicalc_1,Brain_Substantianigra
chr3	155675996	155676039	chr3	155675996	155676416	PLCH1	perfect	50	0.07569719999999998	0.18607469236556282	0	0.66397	0	0	1	Brain_CerebellarHemisphere	Brain_CerebellarHemisphere,Brain_FrontalCortex_BA9,Brain_Cortex	3.161,2.864,2.604	0.66397	3.161487424868491	TRUE	Brain_Amygdala,Brain_Anteriorcingulatecortex_BA24,Brain_Caudate_basalganglia,Brain_CerebellarHemisphere,Brain_Cerebellum,Brain_Cortex,Brain_FrontalCortex_BA9,Brain_Hippocampus,Brain_Hypothalamus,Brain_Nucleusaccumbens_basalganglia,Brain_Putamen_basalganglia,Brain_Spinalcord_cervicalc_1,Brain_Substantianigra
chr3	156291907	156292117	chr3	156291036	156292128	KCNAB1	perfect	50	0.0728742	0.14852164172803864	0	0.58965	0	0.021387499999999997	1	Brain_CerebellarHemisphere	Brain_CerebellarHemisphere,Brain_FrontalCortex_BA9,Brain_Nucleusaccumbens_basalganglia	3.479,2.623,2.321	0.58965	3.479464635505982	TRUE	Brain_Amygdala,Brain_Anteriorcingulatecortex_BA24,Brain_Caudate_basalganglia,Brain_CerebellarHemisphere,Brain_Cerebellum,Brain_Cortex,Brain_FrontalCortex_BA9,Brain_Hippocampus,Brain_Hypothalamus,Brain_Nucleusaccumbens_basalganglia,Brain_Putamen_basalganglia,Brain_Spinalcord_cervicalc_1,Brain_Substantianigra
chr3	159265214	159265400	chr3	159265214	159266307	IQCJ	perfect	50	0.04188459999999999	0.1952139489329592	0	1	0	0	2	Brain_Amygdala,Testis	Brain_Amygdala,Testis,Pituitary	4.908,4.75,0.426	1	4.908027347620728	TRUE	Brain_Amygdala,Brain_Anteriorcingulatecortex_BA24,Brain_Caudate_basalganglia,Brain_CerebellarHemisphere,Brain_Cerebellum,Brain_Cortex,Brain_FrontalCortex_BA9,Brain_Hippocampus,Brain_Hypothalamus,Brain_Nucleusaccumbens_basalganglia,Brain_Putamen_basalganglia,Brain_Spinalcord_cervicalc_1,Brain_Substantianigra
chr3	180617379	180617564	chr3	180617379	180617828	TTC14	perfect	50	0.1176996	0.05074289546974099	0.04954	0.31976	0.109935	0.045947499999999974	1	Brain_CerebellarHemisphere	Brain_CerebellarHemisphere,Brain_Cerebellum,Testis	3.982,2.909,2.63	0.31976	3.982043163470887	TRUE	Brain_Amygdala,Brain_Anteriorcingulatecortex_BA24,Brain_Caudate_basalganglia,Brain_CerebellarHemisphere,Brain_Cerebellum,Brain_Cortex,Brain_FrontalCortex_BA9,Brain_Hippocampus,Brain_Hypothalamus,Brain_Nucleusaccumbens_basalganglia,Brain_Putamen_basalganglia,Brain_Spinalcord_cervicalc_1,Brain_Substantianigra
chr3	184316712	184316733	chr3	184316712	184316733	EIF4G1	perfect	50	0.0148738	0.021319593258171638	0.00147	0.11571	0.007469999999999999	0.0102675	2	Brain_CerebellarHemisphere,Brain_Cerebellum	Brain_CerebellarHemisphere,Brain_Cerebellum,Brain_FrontalCortex_BA9	4.73,4.038,1.548	0.11571	4.7297431418561535	TRUE	Brain_Amygdala,Brain_Anteriorcingulatecortex_BA24,Brain_Caudate_basalganglia,Brain_CerebellarHemisphere,Brain_Cerebellum,Brain_Cortex,Brain_FrontalCortex_BA9,Brain_Hippocampus,Brain_Hypothalamus,Brain_Nucleusaccumbens_basalganglia,Brain_Putamen_basalganglia,Brain_Spinalcord_cervicalc_1,Brain_Substantianigra
chr3	190655888	190656604	chr3	190655846	190659750	ENSG00000299500,IL1RAP	perfect	50	0.07151859999999997	0.1566537464785158	0	0.64773	0	0.021785000000000002	3	Brain_Cerebellum,Brain_Cortex,Brain_FrontalCortex_BA9	Brain_Cortex,Brain_Cerebellum,Brain_FrontalCortex_BA9	3.678,3.33,3.236	0.64773	3.678248448906546	TRUE	Brain_Amygdala,Brain_Anteriorcingulatecortex_BA24,Brain_Caudate_basalganglia,Brain_CerebellarHemisphere,Brain_Cerebellum,Brain_Cortex,Brain_FrontalCortex_BA9,Brain_Hippocampus,Brain_Hypothalamus,Brain_Nucleusaccumbens_basalganglia,Brain_Putamen_basalganglia,Brain_Spinalcord_cervicalc_1,Brain_Substantianigra
chr3	197068501	197068522	chr3	197068501	197068537	DLG1	perfect	50	0.0162466	0.02995182810065904	0	0.12938	0.005135000000000001	0.004755	2	Brain_CerebellarHemisphere,Brain_Cerebellum	Brain_CerebellarHemisphere,Brain_Cerebellum,Brain_FrontalCortex_BA9	3.777,3.183,2.983	0.12938	3.777178462022179	TRUE	Brain_Amygdala,Brain_Anteriorcingulatecortex_BA24,Brain_Caudate_basalganglia,Brain_CerebellarHemisphere,Brain_Cerebellum,Brain_Cortex,Brain_FrontalCortex_BA9,Brain_Hippocampus,Brain_Hypothalamus,Brain_Nucleusaccumbens_basalganglia,Brain_Putamen_basalganglia,Brain_Spinalcord_cervicalc_1,Brain_Substantianigra
chr3	197068522	197068537	chr3	197068501	197068537	DLG1	perfect	50	0.0154498	0.02797903730528648	0	0.12009	0.005135000000000001	0.004755	3	Brain_CerebellarHemisphere,Brain_Cerebellum,Brain_FrontalCortex_BA9	Brain_CerebellarHemisphere,Brain_Cerebellum,Brain_FrontalCortex_BA9	3.74,3.143,3.076	0.12009	3.7399499796309588	TRUE	Brain_Amygdala,Brain_Anteriorcingulatecortex_BA24,Brain_Caudate_basalganglia,Brain_CerebellarHemisphere,Brain_Cerebellum,Brain_Cortex,Brain_FrontalCortex_BA9,Brain_Hippocampus,Brain_Hypothalamus,Brain_Nucleusaccumbens_basalganglia,Brain_Putamen_basalganglia,Brain_Spinalcord_cervicalc_1,Brain_Substantianigra
chr3	197880511	197880559	chr3	197880511	197883376	LRCH3	perfect	50	0.215767	0.14346835113198525	0.05294	0.66697	0.140685	0.185765	1	Brain_CerebellarHemisphere	Brain_CerebellarHemisphere,Brain_Cerebellum,Brain_FrontalCortex_BA9	3.145,2.979,1.62	0.66697	3.1449653978730887	TRUE	Brain_Amygdala,Brain_Anteriorcingulatecortex_BA24,Brain_Caudate_basalganglia,Brain_CerebellarHemisphere,Brain_Cerebellum,Brain_Cortex,Brain_FrontalCortex_BA9,Brain_Hippocampus,Brain_Hypothalamus,Brain_Nucleusaccumbens_basalganglia,Brain_Putamen_basalganglia,Brain_Spinalcord_cervicalc_1,Brain_Substantianigra
chr4	859361	859493	chr4	859361	859493	GAK	perfect	50	0.0470216	0.03290479807206337	0.01851	0.1657	0.03363	0.028335000000000006	2	Brain_CerebellarHemisphere,Brain_Cerebellum	Brain_CerebellarHemisphere,Brain_Cerebellum,Muscle_Skeletal	3.607,3.169,2.734	0.1657	3.6067202035425834	TRUE	Brain_Amygdala,Brain_Anteriorcingulatecortex_BA24,Brain_Caudate_basalganglia,Brain_CerebellarHemisphere,Brain_Cerebellum,Brain_Cortex,Brain_FrontalCortex_BA9,Brain_Hippocampus,Brain_Hypothalamus,Brain_Nucleusaccumbens_basalganglia,Brain_Putamen_basalganglia,Brain_Spinalcord_cervicalc_1,Brain_Substantianigra
chr4	2926641	2926673	chr4	2926284	2926675	ADD1	perfect	50	0.0347952	0.04876677114928289	0	0.19264	0.006775	0.0705225	1	Brain_CerebellarHemisphere	Brain_CerebellarHemisphere,Brain_Cerebellum,Brain_Spinalcord_cervicalc_1	3.237,2.774,1.85	0.19264	3.236728540358184	TRUE	Brain_Amygdala,Brain_Anteriorcingulatecortex_BA24,Brain_Caudate_basalganglia,Brain_CerebellarHemisphere,Brain_Cerebellum,Brain_Cortex,Brain_FrontalCortex_BA9,Brain_Hippocampus,Brain_Hypothalamus,Brain_Nucleusaccumbens_basalganglia,Brain_Putamen_basalganglia,Brain_Spinalcord_cervicalc_1,Brain_Substantianigra
chr4	27021000	27021034	chr4	27019399	27021068	STIM2	perfect	50	0.0818532	0.05675482618838216	0	0.26217	0.06747	0.06626750000000001	1	Brain_FrontalCortex_BA9	Brain_FrontalCortex_BA9,Brain_Cortex,Brain_Anteriorcingulatecortex_BA24	3.177,2.514,2.06	0.26217	3.1771183546838393	TRUE	Brain_Amygdala,Brain_Anteriorcingulatecortex_BA24,Brain_Caudate_basalganglia,Brain_CerebellarHemisphere,Brain_Cerebellum,Brain_Cortex,Brain_FrontalCortex_BA9,Brain_Hippocampus,Brain_Hypothalamus,Brain_Nucleusaccumbens_basalganglia,Brain_Putamen_basalganglia,Brain_Spinalcord_cervicalc_1,Brain_Substantianigra
chr4	48523487	48523496	chr4	48523487	48523496	FRYL	perfect	50	0.0230302	0.03978515565086132	0	0.14383	0	0.060485000000000004	2	Brain_CerebellarHemisphere,Brain_Cerebellum	Brain_CerebellarHemisphere,Brain_Cerebellum,Brain_FrontalCortex_BA9	3.036,3.025,1.826	0.14383	3.0363033152387526	TRUE	Brain_Amygdala,Brain_Anteriorcingulatecortex_BA24,Brain_Caudate_basalganglia,Brain_CerebellarHemisphere,Brain_Cerebellum,Brain_Cortex,Brain_FrontalCortex_BA9,Brain_Hippocampus,Brain_Hypothalamus,Brain_Nucleusaccumbens_basalganglia,Brain_Putamen_basalganglia,Brain_Spinalcord_cervicalc_1,Brain_Substantianigra
chr4	87839684	87839777	chr4	87839684	87839777	MEPE	perfect	50	0.014160599999999994	0.057196445315906765	0	0.28016	0	0	3	Brain_Anteriorcingulatecortex_BA24,Brain_Cortex,Brain_FrontalCortex_BA9	Brain_FrontalCortex_BA9,Brain_Cortex,Brain_Anteriorcingulatecortex_BA24	4.651,3.707,3.279	0.28016	4.650628173321526	TRUE	Brain_Amygdala,Brain_Anteriorcingulatecortex_BA24,Brain_Caudate_basalganglia,Brain_CerebellarHemisphere,Brain_Cerebellum,Brain_Cortex,Brain_FrontalCortex_BA9,Brain_Hippocampus,Brain_Hypothalamus,Brain_Nucleusaccumbens_basalganglia,Brain_Putamen_basalganglia,Brain_Spinalcord_cervicalc_1,Brain_Substantianigra
chr4	87839926	87840032	chr4	87839926	87840054	MEPE	perfect	50	0.01610280000000001	0.06524400671638868	0	0.32685	0	0	3	Brain_Anteriorcingulatecortex_BA24,Brain_Cortex,Brain_FrontalCortex_BA9	Brain_FrontalCortex_BA9,Brain_Anteriorcingulatecortex_BA24,Brain_Cortex	4.763,3.617,3.22	0.32685	4.762846668059447	TRUE	Brain_Amygdala,Brain_Anteriorcingulatecortex_BA24,Brain_Caudate_basalganglia,Brain_CerebellarHemisphere,Brain_Cerebellum,Brain_Cortex,Brain_FrontalCortex_BA9,Brain_Hippocampus,Brain_Hypothalamus,Brain_Nucleusaccumbens_basalganglia,Brain_Putamen_basalganglia,Brain_Spinalcord_cervicalc_1,Brain_Substantianigra
chr4	91283808	91283854	chr4	91283808	91283854	CCSER1	perfect	50	0.1108176	0.16590416753767012	0	0.62857	0.03107	0.1445575	1	Brain_Putamen_basalganglia	Brain_Putamen_basalganglia,Brain_Nucleusaccumbens_basalganglia,Brain_Caudate_basalganglia	3.121,2.095,1.969	0.62857	3.1207920071232653	TRUE	Brain_Amygdala,Brain_Anteriorcingulatecortex_BA24,Brain_Caudate_basalganglia,Brain_CerebellarHemisphere,Brain_Cerebellum,Brain_Cortex,Brain_FrontalCortex_BA9,Brain_Hippocampus,Brain_Hypothalamus,Brain_Nucleusaccumbens_basalganglia,Brain_Putamen_basalganglia,Brain_Spinalcord_cervicalc_1,Brain_Substantianigra
chr4	106003713	106003751	chr4	106003316	106004027	ENSG00000249635,NPNT	perfect	50	0.08371200000000001	0.18284529420317303	0	0.82609	0.02074	0.06997249999999999	3	Brain_CerebellarHemisphere,Brain_Cerebellum,Cells_Culturedfibroblasts	Cells_Culturedfibroblasts,Brain_CerebellarHemisphere,Brain_Cerebellum	4.06,3.91,3.454	0.79866	3.9101252406614746	TRUE	Brain_Amygdala,Brain_Anteriorcingulatecortex_BA24,Brain_Caudate_basalganglia,Brain_CerebellarHemisphere,Brain_Cerebellum,Brain_Cortex,Brain_FrontalCortex_BA9,Brain_Hippocampus,Brain_Hypothalamus,Brain_Nucleusaccumbens_basalganglia,Brain_Putamen_basalganglia,Brain_Spinalcord_cervicalc_1,Brain_Substantianigra
chr4	141721148	141721177	chr4	141721058	141721177	IL15	perfect	50	0.409412	0.15752150208910579	0.24294	0.93204	0.34418499999999996	0.17605750000000003	2	Brain_CerebellarHemisphere,Brain_Cerebellum	Brain_Cerebellum,Brain_CerebellarHemisphere,Brain_Anteriorcingulatecortex_BA24	3.318,3.261,2.226	0.93204	3.3178200630943895	TRUE	Brain_Amygdala,Brain_Anteriorcingulatecortex_BA24,Brain_Caudate_basalganglia,Brain_CerebellarHemisphere,Brain_Cerebellum,Brain_Cortex,Brain_FrontalCortex_BA9,Brain_Hippocampus,Brain_Hypothalamus,Brain_Nucleusaccumbens_basalganglia,Brain_Putamen_basalganglia,Brain_Spinalcord_cervicalc_1,Brain_Substantianigra
chr4	153257604	153257607	chr4	153257338	153257766	TRIM2	perfect	50	0.05555579999999999	0.11061599782977849	0	0.43714	0	0.06098	2	Brain_CerebellarHemisphere,Brain_Cerebellum	Brain_CerebellarHemisphere,Brain_Cerebellum,Brain_FrontalCortex_BA9	3.45,3.297,2.021	0.43714	3.4496294160560854	TRUE	Brain_Amygdala,Brain_Anteriorcingulatecortex_BA24,Brain_Caudate_basalganglia,Brain_CerebellarHemisphere,Brain_Cerebellum,Brain_Cortex,Brain_FrontalCortex_BA9,Brain_Hippocampus,Brain_Hypothalamus,Brain_Nucleusaccumbens_basalganglia,Brain_Putamen_basalganglia,Brain_Spinalcord_cervicalc_1,Brain_Substantianigra
chr4	167083237	167083246	chr4	167083237	167083246	SPOCK3	perfect	50	0.06420700000000001	0.11129350268455002	0	0.40741	0	0.11023	1	Brain_FrontalCortex_BA9	Brain_FrontalCortex_BA9,Brain_Nucleusaccumbens_basalganglia,Brain_Anteriorcingulatecortex_BA24	3.084,2.757,2.318	0.40741	3.083764925368317	TRUE	Brain_Amygdala,Brain_Anteriorcingulatecortex_BA24,Brain_Caudate_basalganglia,Brain_CerebellarHemisphere,Brain_Cerebellum,Brain_Cortex,Brain_FrontalCortex_BA9,Brain_Hippocampus,Brain_Hypothalamus,Brain_Nucleusaccumbens_basalganglia,Brain_Putamen_basalganglia,Brain_Spinalcord_cervicalc_1,Brain_Substantianigra
chr4	176096519	176096585	chr4	176096462	176096585	WDR17	perfect	50	0.0080426	0.02623731124306197	0	0.15974	0	0.0051375	2	Brain_Cerebellum,Pituitary	Brain_Cerebellum,Pituitary,Testis	5.782,3.335,0.59	0.15974	5.781743357567323	TRUE	Brain_Amygdala,Brain_Anteriorcingulatecortex_BA24,Brain_Caudate_basalganglia,Brain_CerebellarHemisphere,Brain_Cerebellum,Brain_Cortex,Brain_FrontalCortex_BA9,Brain_Hippocampus,Brain_Hypothalamus,Brain_Nucleusaccumbens_basalganglia,Brain_Putamen_basalganglia,Brain_Spinalcord_cervicalc_1,Brain_Substantianigra
chr4	185457198	185457329	chr4	185457161	185457329	CCDC110	perfect	50	0.0183126	0.04515032337941011	0	0.17391	0	0	3	Brain_CerebellarHemisphere,Brain_Cerebellum,Brain_Nucleusaccumbens_basalganglia	Brain_CerebellarHemisphere,Brain_Nucleusaccumbens_basalganglia,Brain_Cerebellum	3.446,3.338,3.083	0.17391	3.4462078752454084	TRUE	Brain_Amygdala,Brain_Anteriorcingulatecortex_BA24,Brain_Caudate_basalganglia,Brain_CerebellarHemisphere,Brain_Cerebellum,Brain_Cortex,Brain_FrontalCortex_BA9,Brain_Hippocampus,Brain_Hypothalamus,Brain_Nucleusaccumbens_basalganglia,Brain_Putamen_basalganglia,Brain_Spinalcord_cervicalc_1,Brain_Substantianigra
chr4	186426952	186427098	chr4	186426012	186427098	ENSG00000272297,ENSG00000300494,F11-AS1	perfect	50	0.07999999999999999	0.2740475156178699	0	1	0	0	4	Brain_Caudate_basalganglia,Brain_Cortex,Brain_FrontalCortex_BA9,Testis	Brain_Caudate_basalganglia,Brain_Cortex,Brain_FrontalCortex_BA9	3.357,3.357,3.357	1	3.3570820663189016	TRUE	Brain_Amygdala,Brain_Anteriorcingulatecortex_BA24,Brain_Caudate_basalganglia,Brain_CerebellarHemisphere,Brain_Cerebellum,Brain_Cortex,Brain_FrontalCortex_BA9,Brain_Hippocampus,Brain_Hypothalamus,Brain_Nucleusaccumbens_basalganglia,Brain_Putamen_basalganglia,Brain_Spinalcord_cervicalc_1,Brain_Substantianigra
chr4	186592692	186592752	chr4	186592692	186592752	FAT1	perfect	50	0.0131468	0.0356140121724639	0	0.19582	0	0	1	Brain_CerebellarHemisphere	Brain_CerebellarHemisphere,Brain_Cerebellum,Brain_Nucleusaccumbens_basalganglia	5.129,2.912,1.999	0.19582	5.129250788015385	TRUE	Brain_Amygdala,Brain_Anteriorcingulatecortex_BA24,Brain_Caudate_basalganglia,Brain_CerebellarHemisphere,Brain_Cerebellum,Brain_Cortex,Brain_FrontalCortex_BA9,Brain_Hippocampus,Brain_Hypothalamus,Brain_Nucleusaccumbens_basalganglia,Brain_Putamen_basalganglia,Brain_Spinalcord_cervicalc_1,Brain_Substantianigra
chr5	65551165	65551242	chr5	65550466	65551242	CENPK	perfect	50	0.09752839999999999	0.21256689848629204	0	1	0	0.0843675	2	Brain_Caudate_basalganglia,Pituitary	Brain_Caudate_basalganglia,Pituitary,Bladder	4.246,4.246,1.423	1	4.245588595527249	TRUE	Brain_Amygdala,Brain_Anteriorcingulatecortex_BA24,Brain_Caudate_basalganglia,Brain_CerebellarHemisphere,Brain_Cerebellum,Brain_Cortex,Brain_FrontalCortex_BA9,Brain_Hippocampus,Brain_Hypothalamus,Brain_Nucleusaccumbens_basalganglia,Brain_Putamen_basalganglia,Brain_Spinalcord_cervicalc_1,Brain_Substantianigra
chr5	114490690	114490699	chr5	114490690	114490699	KCNN2	perfect	50	0.04383659999999999	0.07354847982196809	0	0.29982	0	0.08589499999999999	2	Brain_Cortex,Brain_FrontalCortex_BA9	Brain_FrontalCortex_BA9,Brain_Cortex,Brain_Anteriorcingulatecortex_BA24	3.48,3.011,2.289	0.29982	3.48047166467118	TRUE	Brain_Amygdala,Brain_Anteriorcingulatecortex_BA24,Brain_Caudate_basalganglia,Brain_CerebellarHemisphere,Brain_Cerebellum,Brain_Cortex,Brain_FrontalCortex_BA9,Brain_Hippocampus,Brain_Hypothalamus,Brain_Nucleusaccumbens_basalganglia,Brain_Putamen_basalganglia,Brain_Spinalcord_cervicalc_1,Brain_Substantianigra
chr5	126466293	126466336	chr5	126466293	126466336	GRAMD2B	perfect	50	0.0593922	0.04470501959169548	0	0.2321	0.04818	0.031975	1	Brain_CerebellarHemisphere	Brain_CerebellarHemisphere,Esophagus_Muscularis,Brain_Cerebellum	3.863,2.506,2.469	0.2321	3.863275345305578	TRUE	Brain_Amygdala,Brain_Anteriorcingulatecortex_BA24,Brain_Caudate_basalganglia,Brain_CerebellarHemisphere,Brain_Cerebellum,Brain_Cortex,Brain_FrontalCortex_BA9,Brain_Hippocampus,Brain_Hypothalamus,Brain_Nucleusaccumbens_basalganglia,Brain_Putamen_basalganglia,Brain_Spinalcord_cervicalc_1,Brain_Substantianigra
chr5	132758516	132758556	chr5	132756000	132759007	SEPTIN8	perfect	50	0.1167882	0.1774693191269628	0	0.79952	0.040315000000000004	0.0809975	2	Brain_Spinalcord_cervicalc_1,Brain_Substantianigra	Brain_Spinalcord_cervicalc_1,Brain_Substantianigra,Brain_Hippocampus	3.847,3.038,2.534	0.79952	3.8470412990741734	TRUE	Brain_Amygdala,Brain_Anteriorcingulatecortex_BA24,Brain_Caudate_basalganglia,Brain_CerebellarHemisphere,Brain_Cerebellum,Brain_Cortex,Brain_FrontalCortex_BA9,Brain_Hippocampus,Brain_Hypothalamus,Brain_Nucleusaccumbens_basalganglia,Brain_Putamen_basalganglia,Brain_Spinalcord_cervicalc_1,Brain_Substantianigra
chr5	139859888	139859912	chr5	139859888	139859912	NRG2	perfect	50	0.028735400000000015	0.06251575168723801	0	0.24333	0	0	2	Brain_CerebellarHemisphere,Brain_Cerebellum	Brain_Cerebellum,Brain_CerebellarHemisphere,Brain_Cortex	3.433,3.241,2.462	0.24333	3.4326484799159407	TRUE	Brain_Amygdala,Brain_Anteriorcingulatecortex_BA24,Brain_Caudate_basalganglia,Brain_CerebellarHemisphere,Brain_Cerebellum,Brain_Cortex,Brain_FrontalCortex_BA9,Brain_Hippocampus,Brain_Hypothalamus,Brain_Nucleusaccumbens_basalganglia,Brain_Putamen_basalganglia,Brain_Spinalcord_cervicalc_1,Brain_Substantianigra
chr5	139865114	139865173	chr5	139865114	139865173	NRG2	perfect	50	0.030679399999999996	0.06261433644305495	0	0.23741	0	0.0222225	2	Brain_CerebellarHemisphere,Brain_Cerebellum	Brain_Cerebellum,Brain_CerebellarHemisphere,Brain_Cortex	3.302,3.113,2.427	0.23741	3.301649618023384	TRUE	Brain_Amygdala,Brain_Anteriorcingulatecortex_BA24,Brain_Caudate_basalganglia,Brain_CerebellarHemisphere,Brain_Cerebellum,Brain_Cortex,Brain_FrontalCortex_BA9,Brain_Hippocampus,Brain_Hypothalamus,Brain_Nucleusaccumbens_basalganglia,Brain_Putamen_basalganglia,Brain_Spinalcord_cervicalc_1,Brain_Substantianigra
chr5	148662606	148662688	chr5	148662606	148662688	HTR4	perfect	50	0.12511979999999995	0.2546207273532899	0	1	0	0.0798425	2	Brain_Anteriorcingulatecortex_BA24,Brain_Hypothalamus	Brain_Anteriorcingulatecortex_BA24,Brain_Hypothalamus,Brain_Amygdala	3.436,3.436,2.454	1	3.4360132778432106	TRUE	Brain_Amygdala,Brain_Anteriorcingulatecortex_BA24,Brain_Caudate_basalganglia,Brain_CerebellarHemisphere,Brain_Cerebellum,Brain_Cortex,Brain_FrontalCortex_BA9,Brain_Hippocampus,Brain_Hypothalamus,Brain_Nucleusaccumbens_basalganglia,Brain_Putamen_basalganglia,Brain_Spinalcord_cervicalc_1,Brain_Substantianigra
chr5	148665485	148665619	chr5	148665485	148665733	HTR4	perfect	50	0.12511979999999995	0.2546207273532899	0	1	0	0.0798425	2	Brain_Anteriorcingulatecortex_BA24,Brain_Hypothalamus	Brain_Anteriorcingulatecortex_BA24,Brain_Hypothalamus,Brain_Amygdala	3.436,3.436,2.454	1	3.4360132778432106	TRUE	Brain_Amygdala,Brain_Anteriorcingulatecortex_BA24,Brain_Caudate_basalganglia,Brain_CerebellarHemisphere,Brain_Cerebellum,Brain_Cortex,Brain_FrontalCortex_BA9,Brain_Hippocampus,Brain_Hypothalamus,Brain_Nucleusaccumbens_basalganglia,Brain_Putamen_basalganglia,Brain_Spinalcord_cervicalc_1,Brain_Substantianigra
chr5	150383737	150383752	chr5	150383737	150384253	TCOF1	perfect	50	0.0493936	0.01995759757739454	0.01896	0.11959	0.04535	0.017654999999999997	2	Brain_Cortex,Brain_FrontalCortex_BA9	Brain_FrontalCortex_BA9,Brain_Cortex,Brain_Anteriorcingulatecortex_BA24	3.517,3.402,1.979	0.11959	3.5172770534019415	TRUE	Brain_Amygdala,Brain_Anteriorcingulatecortex_BA24,Brain_Caudate_basalganglia,Brain_CerebellarHemisphere,Brain_Cerebellum,Brain_Cortex,Brain_FrontalCortex_BA9,Brain_Hippocampus,Brain_Hypothalamus,Brain_Nucleusaccumbens_basalganglia,Brain_Putamen_basalganglia,Brain_Spinalcord_cervicalc_1,Brain_Substantianigra
chr5	176869613	176869781	chr5	176869613	176869781	UNC5A	perfect	50	0.0386164	0.0694935299810313	0	0.27452	0	0.072625	2	Brain_CerebellarHemisphere,Brain_Cerebellum	Brain_Cerebellum,Brain_CerebellarHemisphere,Brain_Hypothalamus	3.395,3.061,2.552	0.27452	3.394612420241012	TRUE	Brain_Amygdala,Brain_Anteriorcingulatecortex_BA24,Brain_Caudate_basalganglia,Brain_CerebellarHemisphere,Brain_Cerebellum,Brain_Cortex,Brain_FrontalCortex_BA9,Brain_Hippocampus,Brain_Hypothalamus,Brain_Nucleusaccumbens_basalganglia,Brain_Putamen_basalganglia,Brain_Spinalcord_cervicalc_1,Brain_Substantianigra
chr5	179151131	179151200	chr5	179150887	179151200	ADAMTS2	perfect	50	0.2083076	0.1397353563801727	0	0.68519	0.16353	0.0932025	1	Brain_Nucleusaccumbens_basalganglia	Brain_Nucleusaccumbens_basalganglia,WholeBlood,Brain_Putamen_basalganglia	3.413,2.748,2.47	0.68519	3.412754025563609	TRUE	Brain_Amygdala,Brain_Anteriorcingulatecortex_BA24,Brain_Caudate_basalganglia,Brain_CerebellarHemisphere,Brain_Cerebellum,Brain_Cortex,Brain_FrontalCortex_BA9,Brain_Hippocampus,Brain_Hypothalamus,Brain_Nucleusaccumbens_basalganglia,Brain_Putamen_basalganglia,Brain_Spinalcord_cervicalc_1,Brain_Substantianigra
chr5	179920319	179920426	chr5	179911650	179920426	RNF130	perfect	50	0.04444219999999999	0.08926982400976656	8.7e-4	0.37826	0.00545	0.0315175	2	Brain_CerebellarHemisphere,Brain_Cerebellum	Brain_Cerebellum,Brain_CerebellarHemisphere,Brain_Cortex	3.739,3.336,2.56	0.37826	3.7394248695223	TRUE	Brain_Amygdala,Brain_Anteriorcingulatecortex_BA24,Brain_Caudate_basalganglia,Brain_CerebellarHemisphere,Brain_Cerebellum,Brain_Cortex,Brain_FrontalCortex_BA9,Brain_Hippocampus,Brain_Hypothalamus,Brain_Nucleusaccumbens_basalganglia,Brain_Putamen_basalganglia,Brain_Spinalcord_cervicalc_1,Brain_Substantianigra
chr6	15585718	15585761	chr6	15585718	15586015	DTNBP1	perfect	50	0.06654240000000003	0.1485318097389462	0	0.7231	0	0.0301075	1	Brain_Nucleusaccumbens_basalganglia	Brain_Nucleusaccumbens_basalganglia,Brain_Putamen_basalganglia,Brain_Caudate_basalganglia	4.42,2.901,2.819	0.7231	4.420316436956773	TRUE	Brain_Amygdala,Brain_Anteriorcingulatecortex_BA24,Brain_Caudate_basalganglia,Brain_CerebellarHemisphere,Brain_Cerebellum,Brain_Cortex,Brain_FrontalCortex_BA9,Brain_Hippocampus,Brain_Hypothalamus,Brain_Nucleusaccumbens_basalganglia,Brain_Putamen_basalganglia,Brain_Spinalcord_cervicalc_1,Brain_Substantianigra
chr6	33574505	33574525	chr6	33574505	33574525	BAK1	perfect	50	0.1021136	0.204594877474526	0	0.87698	0.011054999999999999	0.07762	2	Brain_CerebellarHemisphere,Brain_Cerebellum	Brain_CerebellarHemisphere,Brain_Cerebellum,Brain_FrontalCortex_BA9	3.787,3.543,2.128	0.87698	3.7873206287702788	TRUE	Brain_Amygdala,Brain_Anteriorcingulatecortex_BA24,Brain_Caudate_basalganglia,Brain_CerebellarHemisphere,Brain_Cerebellum,Brain_Cortex,Brain_FrontalCortex_BA9,Brain_Hippocampus,Brain_Hypothalamus,Brain_Nucleusaccumbens_basalganglia,Brain_Putamen_basalganglia,Brain_Spinalcord_cervicalc_1,Brain_Substantianigra
chr6	39109313	39109319	chr6	39109313	39114689	ANKRD18EP,SAYSD1	perfect	50	0.363384	0.09489715894330138	0.16438	0.65358	0.361965	0.09979499999999997	1	Brain_CerebellarHemisphere	Brain_CerebellarHemisphere,Brain_Cerebellum,Spleen	3.058,2.771,1.432	0.65358	3.0580051418966585	TRUE	Brain_Amygdala,Brain_Anteriorcingulatecortex_BA24,Brain_Caudate_basalganglia,Brain_CerebellarHemisphere,Brain_Cerebellum,Brain_Cortex,Brain_FrontalCortex_BA9,Brain_Hippocampus,Brain_Hypothalamus,Brain_Nucleusaccumbens_basalganglia,Brain_Putamen_basalganglia,Brain_Spinalcord_cervicalc_1,Brain_Substantianigra
chr6	46079702	46080242	chr6	46079702	46080348	CLIC5	perfect	50	0.0755766	0.11260988298256483	0	0.45946	0.009805000000000001	0.11919500000000001	1	Brain_CerebellarHemisphere	Brain_CerebellarHemisphere,SmallIntestine_TerminalIleum,Brain_Cerebellum	3.409,2.929,2.659	0.45946	3.408967222347935	TRUE	Brain_Amygdala,Brain_Anteriorcingulatecortex_BA24,Brain_Caudate_basalganglia,Brain_CerebellarHemisphere,Brain_Cerebellum,Brain_Cortex,Brain_FrontalCortex_BA9,Brain_Hippocampus,Brain_Hypothalamus,Brain_Nucleusaccumbens_basalganglia,Brain_Putamen_basalganglia,Brain_Spinalcord_cervicalc_1,Brain_Substantianigra
chr6	47831990	47832080	chr6	47831990	47832780	OPN5	perfect	50	0.04218320000000001	0.15159043452187426	0	0.66667	0	0	3	Brain_Cortex,Brain_FrontalCortex_BA9,Heart_LeftVentricle	Brain_Cortex,Brain_FrontalCortex_BA9,Heart_LeftVentricle	4.12,4.12,3.02	0.66667	4.119566000121779	TRUE	Brain_Amygdala,Brain_Anteriorcingulatecortex_BA24,Brain_Caudate_basalganglia,Brain_CerebellarHemisphere,Brain_Cerebellum,Brain_Cortex,Brain_FrontalCortex_BA9,Brain_Hippocampus,Brain_Hypothalamus,Brain_Nucleusaccumbens_basalganglia,Brain_Putamen_basalganglia,Brain_Spinalcord_cervicalc_1,Brain_Substantianigra
chr6	52423808	52423814	chr6	52423686	52423828	EFHC1	perfect	50	0.0772984	0.05631719505277448	0	0.31091	0.073905	0.050847500000000004	2	Brain_CerebellarHemisphere,Brain_Cerebellum	Brain_CerebellarHemisphere,Brain_Cerebellum,Brain_FrontalCortex_BA9	4.148,3.282,1.209	0.31091	4.14813983155738	TRUE	Brain_Amygdala,Brain_Anteriorcingulatecortex_BA24,Brain_Caudate_basalganglia,Brain_CerebellarHemisphere,Brain_Cerebellum,Brain_Cortex,Brain_FrontalCortex_BA9,Brain_Hippocampus,Brain_Hypothalamus,Brain_Nucleusaccumbens_basalganglia,Brain_Putamen_basalganglia,Brain_Spinalcord_cervicalc_1,Brain_Substantianigra
chr6	54019028	54019091	chr6	54018915	54019091	MLIP	perfect	50	0.12142599999999999	0.19408871647065026	0	1	0.053755	0.1090325	1	Brain_Substantianigra	Brain_Substantianigra,Testis,Brain_Caudate_basalganglia	4.527,2.981,1.951	1	4.526661909956297	TRUE	Brain_Amygdala,Brain_Anteriorcingulatecortex_BA24,Brain_Caudate_basalganglia,Brain_CerebellarHemisphere,Brain_Cerebellum,Brain_Cortex,Brain_FrontalCortex_BA9,Brain_Hippocampus,Brain_Hypothalamus,Brain_Nucleusaccumbens_basalganglia,Brain_Putamen_basalganglia,Brain_Spinalcord_cervicalc_1,Brain_Substantianigra
chr6	72213122	72213222	chr6	72212810	72213222	RIMS1	perfect	50	0.0084312	0.02240665841636712	0	0.11719	0	0	2	Brain_CerebellarHemisphere,Brain_Cerebellum	Brain_CerebellarHemisphere,Brain_Cerebellum,Brain_Spinalcord_cervicalc_1	4.854,3.947,1.256	0.11719	4.853860757771729	TRUE	Brain_Amygdala,Brain_Anteriorcingulatecortex_BA24,Brain_Caudate_basalganglia,Brain_CerebellarHemisphere,Brain_Cerebellum,Brain_Cortex,Brain_FrontalCortex_BA9,Brain_Hippocampus,Brain_Hypothalamus,Brain_Nucleusaccumbens_basalganglia,Brain_Putamen_basalganglia,Brain_Spinalcord_cervicalc_1,Brain_Substantianigra
chr6	83164659	83164719	chr6	83164659	83164719	DOP1A	perfect	50	0.106966	0.0309191419475947	0.03922	0.21835	0.09731500000000001	0.030577499999999994	2	Brain_Cerebellum,Brain_Cortex	Brain_Cortex,Brain_Cerebellum,Testis	3.602,3.361,1.67	0.21835	3.602428559912378	TRUE	Brain_Amygdala,Brain_Anteriorcingulatecortex_BA24,Brain_Caudate_basalganglia,Brain_CerebellarHemisphere,Brain_Cerebellum,Brain_Cortex,Brain_FrontalCortex_BA9,Brain_Hippocampus,Brain_Hypothalamus,Brain_Nucleusaccumbens_basalganglia,Brain_Putamen_basalganglia,Brain_Spinalcord_cervicalc_1,Brain_Substantianigra
chr6	108879927	108879955	chr6	108879927	108880256	ARMC2	perfect	50	0.2418156	0.0756990585270223	0	0.48938	0.23963	0.05894000000000002	2	Brain_CerebellarHemisphere,Brain_Cerebellum	Brain_Cerebellum,Brain_CerebellarHemisphere,Brain_Spinalcord_cervicalc_1	3.27,3.021,1.835	0.48938	3.2703762083332504	TRUE	Brain_Amygdala,Brain_Anteriorcingulatecortex_BA24,Brain_Caudate_basalganglia,Brain_CerebellarHemisphere,Brain_Cerebellum,Brain_Cortex,Brain_FrontalCortex_BA9,Brain_Hippocampus,Brain_Hypothalamus,Brain_Nucleusaccumbens_basalganglia,Brain_Putamen_basalganglia,Brain_Spinalcord_cervicalc_1,Brain_Substantianigra
chr6	130872370	130872538	chr6	130872370	130872538	EPB41L2	perfect	50	0.015508200000000005	0.03280018446252265	0	0.12924	0	0.008167500000000001	2	Brain_Cortex,Brain_FrontalCortex_BA9	Brain_Cortex,Brain_FrontalCortex_BA9,Brain_CerebellarHemisphere	3.467,3.207,2.416	0.12924	3.4674134265906176	TRUE	Brain_Amygdala,Brain_Anteriorcingulatecortex_BA24,Brain_Caudate_basalganglia,Brain_CerebellarHemisphere,Brain_Cerebellum,Brain_Cortex,Brain_FrontalCortex_BA9,Brain_Hippocampus,Brain_Hypothalamus,Brain_Nucleusaccumbens_basalganglia,Brain_Putamen_basalganglia,Brain_Spinalcord_cervicalc_1,Brain_Substantianigra
chr6	130880453	130880483	chr6	130880453	130880489	EPB41L2	perfect	50	0.08663660000000001	0.054675688348363276	0	0.27835	0.07849	0.03491000000000001	2	Brain_Cortex,Brain_FrontalCortex_BA9	Brain_FrontalCortex_BA9,Brain_Cortex,Brain_Nucleusaccumbens_basalganglia	3.506,3.407,2.431	0.27835	3.5063737794851	TRUE	Brain_Amygdala,Brain_Anteriorcingulatecortex_BA24,Brain_Caudate_basalganglia,Brain_CerebellarHemisphere,Brain_Cerebellum,Brain_Cortex,Brain_FrontalCortex_BA9,Brain_Hippocampus,Brain_Hypothalamus,Brain_Nucleusaccumbens_basalganglia,Brain_Putamen_basalganglia,Brain_Spinalcord_cervicalc_1,Brain_Substantianigra
chr6	136525831	136525964	chr6	136525831	136526213	MAP7	perfect	50	0.08410240000000001	0.12819180937189711	0	0.47589	0.003885	0.19609749999999998	1	Brain_Cerebellum	Brain_Cerebellum,Brain_CerebellarHemisphere,Brain_Cortex	3.056,2.875,1.549	0.47589	3.0562607854561548	TRUE	Brain_Amygdala,Brain_Anteriorcingulatecortex_BA24,Brain_Caudate_basalganglia,Brain_CerebellarHemisphere,Brain_Cerebellum,Brain_Cortex,Brain_FrontalCortex_BA9,Brain_Hippocampus,Brain_Hypothalamus,Brain_Nucleusaccumbens_basalganglia,Brain_Putamen_basalganglia,Brain_Spinalcord_cervicalc_1,Brain_Substantianigra
chr6	144583456	144583600	chr6	144583170	144583600	UTRN	perfect	50	0.08124519999999999	0.08782963367793355	0	0.35091	0.053895	0.08689	1	Brain_FrontalCortex_BA9	Brain_FrontalCortex_BA9,Brain_Cortex,Brain_Anteriorcingulatecortex_BA24	3.07,2.983,2.735	0.35091	3.0703168020584726	TRUE	Brain_Amygdala,Brain_Anteriorcingulatecortex_BA24,Brain_Caudate_basalganglia,Brain_CerebellarHemisphere,Brain_Cerebellum,Brain_Cortex,Brain_FrontalCortex_BA9,Brain_Hippocampus,Brain_Hypothalamus,Brain_Nucleusaccumbens_basalganglia,Brain_Putamen_basalganglia,Brain_Spinalcord_cervicalc_1,Brain_Substantianigra
chr6	145384026	145384097	chr6	145382534	145384097	EPM2A	perfect	50	0.0256494	0.032989418365931354	0	0.13128	0.012244999999999999	0.0264675	1	Brain_Anteriorcingulatecortex_BA24	Brain_Anteriorcingulatecortex_BA24,Brain_FrontalCortex_BA9,Brain_Cortex	3.202,2.523,2.211	0.13128	3.2019539971364344	TRUE	Brain_Amygdala,Brain_Anteriorcingulatecortex_BA24,Brain_Caudate_basalganglia,Brain_CerebellarHemisphere,Brain_Cerebellum,Brain_Cortex,Brain_FrontalCortex_BA9,Brain_Hippocampus,Brain_Hypothalamus,Brain_Nucleusaccumbens_basalganglia,Brain_Putamen_basalganglia,Brain_Spinalcord_cervicalc_1,Brain_Substantianigra
chr6	145502521	145502575	chr6	145502521	145502575	EPM2A	perfect	50	0.026284799999999997	0.03296598074824829	0	0.13128	0.01284	0.031335	1	Brain_Anteriorcingulatecortex_BA24	Brain_Anteriorcingulatecortex_BA24,Brain_FrontalCortex_BA9,Brain_Cortex	3.185,2.505,2.194	0.13128	3.184956055207887	TRUE	Brain_Amygdala,Brain_Anteriorcingulatecortex_BA24,Brain_Caudate_basalganglia,Brain_CerebellarHemisphere,Brain_Cerebellum,Brain_Cortex,Brain_FrontalCortex_BA9,Brain_Hippocampus,Brain_Hypothalamus,Brain_Nucleusaccumbens_basalganglia,Brain_Putamen_basalganglia,Brain_Spinalcord_cervicalc_1,Brain_Substantianigra
chr6	146807401	146807584	chr6	146807401	146807840	ADGB	perfect	50	0.031205000000000007	0.10337754841021397	0	0.42857	0	0	3	Brain_Hippocampus,Lung,Pituitary	Pituitary,Brain_Hippocampus,Lung	3.844,3.567,3.432	0.4	3.5674573993240695	TRUE	Brain_Amygdala,Brain_Anteriorcingulatecortex_BA24,Brain_Caudate_basalganglia,Brain_CerebellarHemisphere,Brain_Cerebellum,Brain_Cortex,Brain_FrontalCortex_BA9,Brain_Hippocampus,Brain_Hypothalamus,Brain_Nucleusaccumbens_basalganglia,Brain_Putamen_basalganglia,Brain_Spinalcord_cervicalc_1,Brain_Substantianigra
chr6	167954460	167954493	chr6	167954457	167954493	AFDN	perfect	50	0.012765600000000002	0.0275725548371002	0	0.12272	0	0.0124	2	Brain_CerebellarHemisphere,Brain_Cerebellum	Brain_CerebellarHemisphere,Brain_Cerebellum,Brain_FrontalCortex_BA9	3.988,3.536,2.04	0.12272	3.987820521152833	TRUE	Brain_Amygdala,Brain_Anteriorcingulatecortex_BA24,Brain_Caudate_basalganglia,Brain_CerebellarHemisphere,Brain_Cerebellum,Brain_Cortex,Brain_FrontalCortex_BA9,Brain_Hippocampus,Brain_Hypothalamus,Brain_Nucleusaccumbens_basalganglia,Brain_Putamen_basalganglia,Brain_Spinalcord_cervicalc_1,Brain_Substantianigra
chr6	168062670	168062739	chr6	168062670	168062739	FRMD1	perfect	50	0.0584776	0.20939899562708666	0	1	0	0	2	Brain_Cerebellum,Lung	Brain_Cerebellum,Lung,Bladder	4.496,4.496,2.109	1	4.496308099188466	TRUE	Brain_Amygdala,Brain_Anteriorcingulatecortex_BA24,Brain_Caudate_basalganglia,Brain_CerebellarHemisphere,Brain_Cerebellum,Brain_Cortex,Brain_FrontalCortex_BA9,Brain_Hippocampus,Brain_Hypothalamus,Brain_Nucleusaccumbens_basalganglia,Brain_Putamen_basalganglia,Brain_Spinalcord_cervicalc_1,Brain_Substantianigra
chr7	2659939	2660017	chr7	2659939	2660040	TTYH3	perfect	50	0.0209212	0.02275051806003547	0	0.12735	0.01481	0.006014999999999996	2	Brain_CerebellarHemisphere,Brain_Cerebellum	Brain_CerebellarHemisphere,Brain_Cerebellum,Brain_FrontalCortex_BA9	4.678,4.366,0.927	0.12735	4.67808248230432	TRUE	Brain_Amygdala,Brain_Anteriorcingulatecortex_BA24,Brain_Caudate_basalganglia,Brain_CerebellarHemisphere,Brain_Cerebellum,Brain_Cortex,Brain_FrontalCortex_BA9,Brain_Hippocampus,Brain_Hypothalamus,Brain_Nucleusaccumbens_basalganglia,Brain_Putamen_basalganglia,Brain_Spinalcord_cervicalc_1,Brain_Substantianigra
chr7	6531067	6531102	chr7	6531067	6531186	GRID2IP	perfect	50	0.0062884	0.03173434220113557	0	0.18798	0	0	2	Brain_CerebellarHemisphere,Brain_Cerebellum	Brain_Cerebellum,Brain_CerebellarHemisphere,Adipose_Subcutaneous	5.725,3.786,-0.198	0.18798	5.7253936082374	TRUE	Brain_Amygdala,Brain_Anteriorcingulatecortex_BA24,Brain_Caudate_basalganglia,Brain_CerebellarHemisphere,Brain_Cerebellum,Brain_Cortex,Brain_FrontalCortex_BA9,Brain_Hippocampus,Brain_Hypothalamus,Brain_Nucleusaccumbens_basalganglia,Brain_Putamen_basalganglia,Brain_Spinalcord_cervicalc_1,Brain_Substantianigra
chr7	11102485	11102495	chr7	11102485	11110551	PHF14	perfect	50	0.17191859999999998	0.11374924030264368	0.04503	0.51936	0.123125	0.13361499999999998	1	Brain_FrontalCortex_BA9	Brain_FrontalCortex_BA9,Brain_Cortex,Brain_Anteriorcingulatecortex_BA24	3.054,2.591,2.249	0.51936	3.0544502897389907	TRUE	Brain_Amygdala,Brain_Anteriorcingulatecortex_BA24,Brain_Caudate_basalganglia,Brain_CerebellarHemisphere,Brain_Cerebellum,Brain_Cortex,Brain_FrontalCortex_BA9,Brain_Hippocampus,Brain_Hypothalamus,Brain_Nucleusaccumbens_basalganglia,Brain_Putamen_basalganglia,Brain_Spinalcord_cervicalc_1,Brain_Substantianigra
chr7	13986115	13986176	chr7	13986115	13986491	ETV1	perfect	50	0.0283782	0.055277512816917576	0	0.26828	0	0.0326925	2	Brain_CerebellarHemisphere,Brain_Cerebellum	Brain_Cerebellum,Brain_CerebellarHemisphere,Brain_Caudate_basalganglia	4.34,4.159,1.441	0.26828	4.339952862831747	TRUE	Brain_Amygdala,Brain_Anteriorcingulatecortex_BA24,Brain_Caudate_basalganglia,Brain_CerebellarHemisphere,Brain_Cerebellum,Brain_Cortex,Brain_FrontalCortex_BA9,Brain_Hippocampus,Brain_Hypothalamus,Brain_Nucleusaccumbens_basalganglia,Brain_Putamen_basalganglia,Brain_Spinalcord_cervicalc_1,Brain_Substantianigra
chr7	44656317	44656362	chr7	44656317	44656362	OGDH	perfect	50	0.0142276	0.02601837392839051	0	0.12444	0.00377	0.0103625	2	Brain_CerebellarHemisphere,Brain_Cerebellum	Brain_Cerebellum,Brain_CerebellarHemisphere,Brain_Cortex	4.236,3.974,1.667	0.12444	4.235944963483646	TRUE	Brain_Amygdala,Brain_Anteriorcingulatecortex_BA24,Brain_Caudate_basalganglia,Brain_CerebellarHemisphere,Brain_Cerebellum,Brain_Cortex,Brain_FrontalCortex_BA9,Brain_Hippocampus,Brain_Hypothalamus,Brain_Nucleusaccumbens_basalganglia,Brain_Putamen_basalganglia,Brain_Spinalcord_cervicalc_1,Brain_Substantianigra
chr7	75999098	75999134	chr7	75998544	75999134	STYXL1	perfect	50	0.0219608	0.028516190591969866	0.00403	0.15572	0.012334999999999999	0.009227500000000001	2	Brain_CerebellarHemisphere,Brain_Cerebellum	Brain_Cerebellum,Brain_CerebellarHemisphere,Brain_Cortex	4.691,3.452,2.044	0.15572	4.690640552727491	TRUE	Brain_Amygdala,Brain_Anteriorcingulatecortex_BA24,Brain_Caudate_basalganglia,Brain_CerebellarHemisphere,Brain_Cerebellum,Brain_Cortex,Brain_FrontalCortex_BA9,Brain_Hippocampus,Brain_Hypothalamus,Brain_Nucleusaccumbens_basalganglia,Brain_Putamen_basalganglia,Brain_Spinalcord_cervicalc_1,Brain_Substantianigra
chr7	99050914	99050992	chr7	99050914	99050992	SMURF1	perfect	50	0.018758	0.03545597661256873	0	0.13592	0	0.029825	1	Brain_Cerebellum	Brain_Cerebellum,Brain_CerebellarHemisphere,Testis	3.304,2.911,2.141	0.13592	3.3044358439267314	TRUE	Brain_Amygdala,Brain_Anteriorcingulatecortex_BA24,Brain_Caudate_basalganglia,Brain_CerebellarHemisphere,Brain_Cerebellum,Brain_Cortex,Brain_FrontalCortex_BA9,Brain_Hippocampus,Brain_Hypothalamus,Brain_Nucleusaccumbens_basalganglia,Brain_Putamen_basalganglia,Brain_Spinalcord_cervicalc_1,Brain_Substantianigra
chr7	115968184	115968250	chr7	115968184	115968313	TFEC	perfect	50	0.07386739999999999	0.135070556510141	0	0.52239	0	0.072115	2	Brain_Cerebellum,Kidney_Cortex	Kidney_Cortex,Brain_Cerebellum,Brain_Anteriorcingulatecortex_BA24	3.321,3.155,2.229	0.5	3.154888904067011	TRUE	Brain_Amygdala,Brain_Anteriorcingulatecortex_BA24,Brain_Caudate_basalganglia,Brain_CerebellarHemisphere,Brain_Cerebellum,Brain_Cortex,Brain_FrontalCortex_BA9,Brain_Hippocampus,Brain_Hypothalamus,Brain_Nucleusaccumbens_basalganglia,Brain_Putamen_basalganglia,Brain_Spinalcord_cervicalc_1,Brain_Substantianigra
chr7	117020607	117020629	chr7	117020183	117020629	MIR6132,ST7	perfect	50	0.036083000000000004	0.09174588548300804	0	0.45722	0.002895	0.0161	2	Brain_CerebellarHemisphere,Brain_Cerebellum	Brain_CerebellarHemisphere,Brain_Cerebellum,Brain_FrontalCortex_BA9	4.59,4.263,1.673	0.45722	4.590254895714069	TRUE	Brain_Amygdala,Brain_Anteriorcingulatecortex_BA24,Brain_Caudate_basalganglia,Brain_CerebellarHemisphere,Brain_Cerebellum,Brain_Cortex,Brain_FrontalCortex_BA9,Brain_Hippocampus,Brain_Hypothalamus,Brain_Nucleusaccumbens_basalganglia,Brain_Putamen_basalganglia,Brain_Spinalcord_cervicalc_1,Brain_Substantianigra
chr7	132886973	132886988	chr7	132886973	132886988	CHCHD3	perfect	50	0.064609	0.12175247275282973	0	0.45075	0	0.04656500000000001	1	Brain_CerebellarHemisphere	Brain_CerebellarHemisphere,Brain_Cerebellum,Brain_FrontalCortex_BA9	3.172,2.92,2.21	0.45075	3.1715249084419552	TRUE	Brain_Amygdala,Brain_Anteriorcingulatecortex_BA24,Brain_Caudate_basalganglia,Brain_CerebellarHemisphere,Brain_Cerebellum,Brain_Cortex,Brain_FrontalCortex_BA9,Brain_Hippocampus,Brain_Hypothalamus,Brain_Nucleusaccumbens_basalganglia,Brain_Putamen_basalganglia,Brain_Spinalcord_cervicalc_1,Brain_Substantianigra
chr7	155509720	155509735	chr7	155509720	155510162	CNPY1	perfect	50	0.0448698	0.16993871995744683	0	1	0	0	1	Brain_Substantianigra	Brain_Substantianigra,Brain_CerebellarHemisphere,Brain_Cerebellum	5.62,2.228,2.207	1	5.620438945516169	TRUE	Brain_Amygdala,Brain_Anteriorcingulatecortex_BA24,Brain_Caudate_basalganglia,Brain_CerebellarHemisphere,Brain_Cerebellum,Brain_Cortex,Brain_FrontalCortex_BA9,Brain_Hippocampus,Brain_Hypothalamus,Brain_Nucleusaccumbens_basalganglia,Brain_Putamen_basalganglia,Brain_Spinalcord_cervicalc_1,Brain_Substantianigra
chr7	158641466	158641554	chr7	158639795	158641554	NCAPG2	perfect	50	0.0697234	0.031702787208311996	0.01584	0.18111	0.059805	0.032964999999999994	1	Brain_Cerebellum	Brain_Cerebellum,Brain_CerebellarHemisphere,Brain_FrontalCortex_BA9	3.513,2.744,1.715	0.18111	3.513463950917101	TRUE	Brain_Amygdala,Brain_Anteriorcingulatecortex_BA24,Brain_Caudate_basalganglia,Brain_CerebellarHemisphere,Brain_Cerebellum,Brain_Cortex,Brain_FrontalCortex_BA9,Brain_Hippocampus,Brain_Hypothalamus,Brain_Nucleusaccumbens_basalganglia,Brain_Putamen_basalganglia,Brain_Spinalcord_cervicalc_1,Brain_Substantianigra
chr8	10496328	10496384	chr8	10494853	10496466	PRSS51	perfect	50	0.019422000000000002	0.06340305445548902	0	0.28786	0	0	2	Brain_CerebellarHemisphere,Brain_Cerebellum	Brain_CerebellarHemisphere,Brain_Cerebellum,Brain_FrontalCortex_BA9	4.234,3.955,2.238	0.28786	4.233833879225047	TRUE	Brain_Amygdala,Brain_Anteriorcingulatecortex_BA24,Brain_Caudate_basalganglia,Brain_CerebellarHemisphere,Brain_Cerebellum,Brain_Cortex,Brain_FrontalCortex_BA9,Brain_Hippocampus,Brain_Hypothalamus,Brain_Nucleusaccumbens_basalganglia,Brain_Putamen_basalganglia,Brain_Spinalcord_cervicalc_1,Brain_Substantianigra
chr8	10497964	10497971	chr8	10497711	10497971	PRSS51	perfect	50	0.019960400000000007	0.06471852262888353	0	0.28786	0	0	2	Brain_CerebellarHemisphere,Brain_Cerebellum	Brain_CerebellarHemisphere,Brain_Cerebellum,Testis	4.139,3.866,2.574	0.28786	4.13945790351583	TRUE	Brain_Amygdala,Brain_Anteriorcingulatecortex_BA24,Brain_Caudate_basalganglia,Brain_CerebellarHemisphere,Brain_Cerebellum,Brain_Cortex,Brain_FrontalCortex_BA9,Brain_Hippocampus,Brain_Hypothalamus,Brain_Nucleusaccumbens_basalganglia,Brain_Putamen_basalganglia,Brain_Spinalcord_cervicalc_1,Brain_Substantianigra
chr8	10498615	10498808	chr8	10498615	10498808	PRSS51	perfect	50	0.019960400000000007	0.06471852262888353	0	0.28786	0	0	2	Brain_CerebellarHemisphere,Brain_Cerebellum	Brain_CerebellarHemisphere,Brain_Cerebellum,Testis	4.139,3.866,2.574	0.28786	4.13945790351583	TRUE	Brain_Amygdala,Brain_Anteriorcingulatecortex_BA24,Brain_Caudate_basalganglia,Brain_CerebellarHemisphere,Brain_Cerebellum,Brain_Cortex,Brain_FrontalCortex_BA9,Brain_Hippocampus,Brain_Hypothalamus,Brain_Nucleusaccumbens_basalganglia,Brain_Putamen_basalganglia,Brain_Spinalcord_cervicalc_1,Brain_Substantianigra
chr8	10517893	10517954	chr8	10517893	10518015	PRSS51	perfect	50	0.019960400000000007	0.06471852262888353	0	0.28786	0	0	2	Brain_CerebellarHemisphere,Brain_Cerebellum	Brain_CerebellarHemisphere,Brain_Cerebellum,Testis	4.139,3.866,2.574	0.28786	4.13945790351583	TRUE	Brain_Amygdala,Brain_Anteriorcingulatecortex_BA24,Brain_Caudate_basalganglia,Brain_CerebellarHemisphere,Brain_Cerebellum,Brain_Cortex,Brain_FrontalCortex_BA9,Brain_Hippocampus,Brain_Hypothalamus,Brain_Nucleusaccumbens_basalganglia,Brain_Putamen_basalganglia,Brain_Spinalcord_cervicalc_1,Brain_Substantianigra
chr8	17721711	17721901	chr8	17721711	17722221	MTUS1	perfect	50	0.0071639999999999985	0.025080991338673433	0	0.13715	0	0.0010875	2	Brain_CerebellarHemisphere,Brain_Cerebellum	Brain_CerebellarHemisphere,Brain_Cerebellum,Brain_Anteriorcingulatecortex_BA24	5.183,4.301,0.489	0.13715	5.182650009514142	TRUE	Brain_Amygdala,Brain_Anteriorcingulatecortex_BA24,Brain_Caudate_basalganglia,Brain_CerebellarHemisphere,Brain_Cerebellum,Brain_Cortex,Brain_FrontalCortex_BA9,Brain_Hippocampus,Brain_Hypothalamus,Brain_Nucleusaccumbens_basalganglia,Brain_Putamen_basalganglia,Brain_Spinalcord_cervicalc_1,Brain_Substantianigra
chr8	30888635	30888638	chr8	30888635	30888706	TEX15	perfect	50	0.017013	0.04490402964736493	0	0.16876	0	0	3	Brain_Hypothalamus,Pituitary,Testis	Testis,Pituitary,Brain_Hypothalamus	3.379,3.114,3.047	0.15385	3.0473211663762094	TRUE	Brain_Amygdala,Brain_Anteriorcingulatecortex_BA24,Brain_Caudate_basalganglia,Brain_CerebellarHemisphere,Brain_Cerebellum,Brain_Cortex,Brain_FrontalCortex_BA9,Brain_Hippocampus,Brain_Hypothalamus,Brain_Nucleusaccumbens_basalganglia,Brain_Putamen_basalganglia,Brain_Spinalcord_cervicalc_1,Brain_Substantianigra
chr8	31639984	31640658	chr8	31639754	31640752	ENSG00000302325,NRG1	perfect	50	0.029717599999999997	0.06656891483788724	0	0.35185	0	0	1	Brain_Nucleusaccumbens_basalganglia	Brain_Nucleusaccumbens_basalganglia,Brain_CerebellarHemisphere,Pituitary	4.839,2.292,2.164	0.35185	4.839081435899576	TRUE	Brain_Amygdala,Brain_Anteriorcingulatecortex_BA24,Brain_Caudate_basalganglia,Brain_CerebellarHemisphere,Brain_Cerebellum,Brain_Cortex,Brain_FrontalCortex_BA9,Brain_Hippocampus,Brain_Hypothalamus,Brain_Nucleusaccumbens_basalganglia,Brain_Putamen_basalganglia,Brain_Spinalcord_cervicalc_1,Brain_Substantianigra
chr8	31640658	31640729	chr8	31639754	31640752	ENSG00000302325,NRG1	perfect	50	0.030774800000000005	0.06825723895944921	0	0.35185	0	0	1	Brain_Nucleusaccumbens_basalganglia	Brain_Nucleusaccumbens_basalganglia,Brain_CerebellarHemisphere,Pituitary	4.704,2.508,2.095	0.35185	4.70389961408704	TRUE	Brain_Amygdala,Brain_Anteriorcingulatecortex_BA24,Brain_Caudate_basalganglia,Brain_CerebellarHemisphere,Brain_Cerebellum,Brain_Cortex,Brain_FrontalCortex_BA9,Brain_Hippocampus,Brain_Hypothalamus,Brain_Nucleusaccumbens_basalganglia,Brain_Putamen_basalganglia,Brain_Spinalcord_cervicalc_1,Brain_Substantianigra
chr8	32722002	32722042	chr8	32721752	32722042	NRG1	perfect	50	0.0035494000000000016	0.01801314649280985	0	0.1085	0	0	2	Brain_CerebellarHemisphere,Brain_Cerebellum	Brain_Cerebellum,Brain_CerebellarHemisphere,Adipose_Subcutaneous	5.826,3.632,-0.197	0.1085	5.826333563760901	TRUE	Brain_Amygdala,Brain_Anteriorcingulatecortex_BA24,Brain_Caudate_basalganglia,Brain_CerebellarHemisphere,Brain_Cerebellum,Brain_Cortex,Brain_FrontalCortex_BA9,Brain_Hippocampus,Brain_Hypothalamus,Brain_Nucleusaccumbens_basalganglia,Brain_Putamen_basalganglia,Brain_Spinalcord_cervicalc_1,Brain_Substantianigra
chr8	61676077	61676319	chr8	61675258	61676319	ASPH	perfect	50	0.0809908	0.14877036373511204	0	0.59694	0.00614	0.072115	1	Brain_CerebellarHemisphere	Brain_CerebellarHemisphere,Brain_Hypothalamus,Brain_FrontalCortex_BA9	3.468,2.784,2.534	0.59694	3.468091271986507	TRUE	Brain_Amygdala,Brain_Anteriorcingulatecortex_BA24,Brain_Caudate_basalganglia,Brain_CerebellarHemisphere,Brain_Cerebellum,Brain_Cortex,Brain_FrontalCortex_BA9,Brain_Hippocampus,Brain_Hypothalamus,Brain_Nucleusaccumbens_basalganglia,Brain_Putamen_basalganglia,Brain_Spinalcord_cervicalc_1,Brain_Substantianigra
chr8	73527687	73527690	chr8	73527368	73527804	STAU2	perfect	50	0.2183326	0.042005835202519486	0.12981	0.34637	0.21839999999999998	0.05872250000000001	1	Brain_Cerebellum	Brain_Cerebellum,Brain_CerebellarHemisphere,Pituitary	3.048,1.699,1.447	0.34637	3.0480860428724537	TRUE	Brain_Amygdala,Brain_Anteriorcingulatecortex_BA24,Brain_Caudate_basalganglia,Brain_CerebellarHemisphere,Brain_Cerebellum,Brain_Cortex,Brain_FrontalCortex_BA9,Brain_Hippocampus,Brain_Hypothalamus,Brain_Nucleusaccumbens_basalganglia,Brain_Putamen_basalganglia,Brain_Spinalcord_cervicalc_1,Brain_Substantianigra
chr8	102653469	102653472	chr8	102653469	102654375	ENSG00000283959,KLF10	perfect	50	0.026636	0.023354569888864956	0.00518	0.13367	0.02017	0.0081525	2	Brain_CerebellarHemisphere,Testis	Testis,Brain_CerebellarHemisphere,Brain_Cerebellum	4.583,3.556,2.741	0.10968	3.555792309392686	TRUE	Brain_Amygdala,Brain_Anteriorcingulatecortex_BA24,Brain_Caudate_basalganglia,Brain_CerebellarHemisphere,Brain_Cerebellum,Brain_Cortex,Brain_FrontalCortex_BA9,Brain_Hippocampus,Brain_Hypothalamus,Brain_Nucleusaccumbens_basalganglia,Brain_Putamen_basalganglia,Brain_Spinalcord_cervicalc_1,Brain_Substantianigra
chr8	104031679	104031769	chr8	104031679	104031769	RIMS2	perfect	50	0.022669000000000005	0.03923662747630442	0	0.18353	0	0.041735	1	Brain_Cerebellum	Brain_Cerebellum,Brain_CerebellarHemisphere,Testis	4.1,2.689,2.335	0.18353	4.099766222189874	TRUE	Brain_Amygdala,Brain_Anteriorcingulatecortex_BA24,Brain_Caudate_basalganglia,Brain_CerebellarHemisphere,Brain_Cerebellum,Brain_Cortex,Brain_FrontalCortex_BA9,Brain_Hippocampus,Brain_Hypothalamus,Brain_Nucleusaccumbens_basalganglia,Brain_Putamen_basalganglia,Brain_Spinalcord_cervicalc_1,Brain_Substantianigra
chr8	104033659	104033698	chr8	104033659	104033698	RIMS2	perfect	50	0.022669000000000005	0.03923662747630442	0	0.18353	0	0.041735	1	Brain_Cerebellum	Brain_Cerebellum,Brain_CerebellarHemisphere,Testis	4.1,2.689,2.335	0.18353	4.099766222189874	TRUE	Brain_Amygdala,Brain_Anteriorcingulatecortex_BA24,Brain_Caudate_basalganglia,Brain_CerebellarHemisphere,Brain_Cerebellum,Brain_Cortex,Brain_FrontalCortex_BA9,Brain_Hippocampus,Brain_Hypothalamus,Brain_Nucleusaccumbens_basalganglia,Brain_Putamen_basalganglia,Brain_Spinalcord_cervicalc_1,Brain_Substantianigra
chr8	140511917	140511981	chr8	140511917	140512025	CHRAC1	perfect	50	0.0324248	0.024880355273400177	0.00495	0.12978	0.022824999999999998	0.03287	2	Brain_CerebellarHemisphere,Brain_Cerebellum	Brain_Cerebellum,Brain_CerebellarHemisphere,Brain_Cortex	3.913,3.099,1.625	0.12978	3.9129344790379004	TRUE	Brain_Amygdala,Brain_Anteriorcingulatecortex_BA24,Brain_Caudate_basalganglia,Brain_CerebellarHemisphere,Brain_Cerebellum,Brain_Cortex,Brain_FrontalCortex_BA9,Brain_Hippocampus,Brain_Hypothalamus,Brain_Nucleusaccumbens_basalganglia,Brain_Putamen_basalganglia,Brain_Spinalcord_cervicalc_1,Brain_Substantianigra
chr8	140511981	140512025	chr8	140511917	140512025	CHRAC1	perfect	50	0.0414724	0.028516483422321038	0.00495	0.12978	0.032534999999999994	0.0340375	1	Brain_Cerebellum	Brain_Cerebellum,Brain_CerebellarHemisphere,Brain_Spinalcord_cervicalc_1	3.097,2.386,1.873	0.12978	3.0967212433661433	TRUE	Brain_Amygdala,Brain_Anteriorcingulatecortex_BA24,Brain_Caudate_basalganglia,Brain_CerebellarHemisphere,Brain_Cerebellum,Brain_Cortex,Brain_FrontalCortex_BA9,Brain_Hippocampus,Brain_Hypothalamus,Brain_Nucleusaccumbens_basalganglia,Brain_Putamen_basalganglia,Brain_Spinalcord_cervicalc_1,Brain_Substantianigra
chr8	143944647	143944663	chr8	143944647	143944737	PLEC	perfect	50	0.0894744	0.07031838709696323	0.0011	0.33732	0.079365	0.051684999999999995	3	Brain_CerebellarHemisphere,Brain_Cerebellum,Muscle_Skeletal	Brain_CerebellarHemisphere,Brain_Cerebellum,Muscle_Skeletal	3.525,3.283,3.056	0.33732	3.524620092014361	TRUE	Brain_Amygdala,Brain_Anteriorcingulatecortex_BA24,Brain_Caudate_basalganglia,Brain_CerebellarHemisphere,Brain_Cerebellum,Brain_Cortex,Brain_FrontalCortex_BA9,Brain_Hippocampus,Brain_Hypothalamus,Brain_Nucleusaccumbens_basalganglia,Brain_Putamen_basalganglia,Brain_Spinalcord_cervicalc_1,Brain_Substantianigra
chr8	144838007	144838162	chr8	144837977	144838848	COMMD5,ZNF7	perfect	50	0.2350638	0.09242544783615757	0.09069	0.52514	0.21355000000000002	0.08951000000000003	1	Brain_CerebellarHemisphere	Brain_CerebellarHemisphere,WholeBlood,Brain_Cerebellum	3.138,2.961,2.75	0.52514	3.1384884443753807	TRUE	Brain_Amygdala,Brain_Anteriorcingulatecortex_BA24,Brain_Caudate_basalganglia,Brain_CerebellarHemisphere,Brain_Cerebellum,Brain_Cortex,Brain_FrontalCortex_BA9,Brain_Hippocampus,Brain_Hypothalamus,Brain_Nucleusaccumbens_basalganglia,Brain_Putamen_basalganglia,Brain_Spinalcord_cervicalc_1,Brain_Substantianigra
chr9	8454579	8454591	chr9	8454579	8454594	PTPRD	perfect	50	0.04735300000000001	0.13129189892552173	0	0.64578	0	0	2	Brain_CerebellarHemisphere,Brain_Cerebellum	Brain_CerebellarHemisphere,Brain_Cerebellum,Brain_FrontalCortex_BA9	4.558,3.269,2.39	0.64578	4.557988763186914	TRUE	Brain_Amygdala,Brain_Anteriorcingulatecortex_BA24,Brain_Caudate_basalganglia,Brain_CerebellarHemisphere,Brain_Cerebellum,Brain_Cortex,Brain_FrontalCortex_BA9,Brain_Hippocampus,Brain_Hypothalamus,Brain_Nucleusaccumbens_basalganglia,Brain_Putamen_basalganglia,Brain_Spinalcord_cervicalc_1,Brain_Substantianigra
chr9	8454591	8454594	chr9	8454579	8454594	PTPRD	perfect	50	0.010403000000000003	0.02942322789559156	0	0.1401	0	0	2	Brain_CerebellarHemisphere,Brain_Cerebellum	Brain_CerebellarHemisphere,Brain_Cerebellum,Brain_FrontalCortex_BA9	4.408,3.139,2.8	0.1401	4.407979996628185	TRUE	Brain_Amygdala,Brain_Anteriorcingulatecortex_BA24,Brain_Caudate_basalganglia,Brain_CerebellarHemisphere,Brain_Cerebellum,Brain_Cortex,Brain_FrontalCortex_BA9,Brain_Hippocampus,Brain_Hypothalamus,Brain_Nucleusaccumbens_basalganglia,Brain_Putamen_basalganglia,Brain_Spinalcord_cervicalc_1,Brain_Substantianigra
chr9	35371933	35371939	chr9	35371933	35371939	UNC13B	perfect	50	0.020628000000000007	0.07347844129194553	0	0.35645	0	0	2	Brain_CerebellarHemisphere,Brain_Cerebellum	Brain_Cerebellum,Brain_CerebellarHemisphere,Brain_FrontalCortex_BA9	4.57,4.447,1.526	0.35645	4.570347357610751	TRUE	Brain_Amygdala,Brain_Anteriorcingulatecortex_BA24,Brain_Caudate_basalganglia,Brain_CerebellarHemisphere,Brain_Cerebellum,Brain_Cortex,Brain_FrontalCortex_BA9,Brain_Hippocampus,Brain_Hypothalamus,Brain_Nucleusaccumbens_basalganglia,Brain_Putamen_basalganglia,Brain_Spinalcord_cervicalc_1,Brain_Substantianigra
chr9	35401950	35402007	chr9	35401950	35402007	UNC13B	perfect	50	0.11822500000000001	0.11055089311429074	0	0.51262	0.078875	0.05165500000000002	2	Brain_CerebellarHemisphere,Brain_Cerebellum	Brain_CerebellarHemisphere,Brain_Cerebellum,Brain_Cortex	3.568,3.29,2.503	0.51262	3.567542413178543	TRUE	Brain_Amygdala,Brain_Anteriorcingulatecortex_BA24,Brain_Caudate_basalganglia,Brain_CerebellarHemisphere,Brain_Cerebellum,Brain_Cortex,Brain_FrontalCortex_BA9,Brain_Hippocampus,Brain_Hypothalamus,Brain_Nucleusaccumbens_basalganglia,Brain_Putamen_basalganglia,Brain_Spinalcord_cervicalc_1,Brain_Substantianigra
chr9	40227357	40227406	chr9	40227183	40227710	ANKRD20A2P,FAM95B1	perfect	50	0.06343320000000001	0.20975648730149252	0	1	0	0	2	Brain_Cortex,Heart_AtrialAppendage	Brain_Cortex,Heart_AtrialAppendage,Testis	4.465,4.465,1.379	1	4.465019471144318	TRUE	Brain_Amygdala,Brain_Anteriorcingulatecortex_BA24,Brain_Caudate_basalganglia,Brain_CerebellarHemisphere,Brain_Cerebellum,Brain_Cortex,Brain_FrontalCortex_BA9,Brain_Hippocampus,Brain_Hypothalamus,Brain_Nucleusaccumbens_basalganglia,Brain_Putamen_basalganglia,Brain_Spinalcord_cervicalc_1,Brain_Substantianigra
chr9	76692073	76692141	chr9	76691979	76693011	PCA3,PRUNE2	perfect	50	0.3604546	0.06036211838190424	0.23529	0.62542	0.35678	0.0519925	1	Brain_CerebellarHemisphere	Brain_CerebellarHemisphere,Brain_Cerebellum,Brain_FrontalCortex_BA9	4.39,2.769,1.129	0.62542	4.389597434662483	TRUE	Brain_Amygdala,Brain_Anteriorcingulatecortex_BA24,Brain_Caudate_basalganglia,Brain_CerebellarHemisphere,Brain_Cerebellum,Brain_Cortex,Brain_FrontalCortex_BA9,Brain_Hippocampus,Brain_Hypothalamus,Brain_Nucleusaccumbens_basalganglia,Brain_Putamen_basalganglia,Brain_Spinalcord_cervicalc_1,Brain_Substantianigra
chr9	83055547	83055683	chr9	83054659	83055683	RASEF	perfect	50	0.0997654	0.21504160295360789	0	1	0.023105	0.0591675	3	Brain_CerebellarHemisphere,Brain_Cerebellum,Cells_EBV_transformedlymphocytes	Cells_EBV_transformedlymphocytes,Brain_CerebellarHemisphere,Brain_Cerebellum	4.186,3.256,3.024	0.8	3.25627502019256	TRUE	Brain_Amygdala,Brain_Anteriorcingulatecortex_BA24,Brain_Caudate_basalganglia,Brain_CerebellarHemisphere,Brain_Cerebellum,Brain_Cortex,Brain_FrontalCortex_BA9,Brain_Hippocampus,Brain_Hypothalamus,Brain_Nucleusaccumbens_basalganglia,Brain_Putamen_basalganglia,Brain_Spinalcord_cervicalc_1,Brain_Substantianigra
chr9	83331851	83331865	chr9	83331851	83331961	FRMD3	perfect	50	0.0247792	0.08884139545440356	0	0.41548	0	0	3	Brain_CerebellarHemisphere,Brain_Cerebellum,Testis	Testis,Brain_Cerebellum,Brain_CerebellarHemisphere	4.398,3.575,3.563	0.34239000000000003	3.575031643475352	TRUE	Brain_Amygdala,Brain_Anteriorcingulatecortex_BA24,Brain_Caudate_basalganglia,Brain_CerebellarHemisphere,Brain_Cerebellum,Brain_Cortex,Brain_FrontalCortex_BA9,Brain_Hippocampus,Brain_Hypothalamus,Brain_Nucleusaccumbens_basalganglia,Brain_Putamen_basalganglia,Brain_Spinalcord_cervicalc_1,Brain_Substantianigra
chr9	93069099	93069148	chr9	93069099	93069148	SUSD3	perfect	50	0.1904162	0.16905948271987054	0	0.76471	0.195025	0.20684750000000002	1	Brain_CerebellarHemisphere	Brain_CerebellarHemisphere,Brain_Cerebellum,Pancreas	3.397,2.741,2.353	0.76471	3.3969925304432502	TRUE	Brain_Amygdala,Brain_Anteriorcingulatecortex_BA24,Brain_Caudate_basalganglia,Brain_CerebellarHemisphere,Brain_Cerebellum,Brain_Cortex,Brain_FrontalCortex_BA9,Brain_Hippocampus,Brain_Hypothalamus,Brain_Nucleusaccumbens_basalganglia,Brain_Putamen_basalganglia,Brain_Spinalcord_cervicalc_1,Brain_Substantianigra
chr9	95004995	95005065	chr9	95004979	95005065	AOPEP	perfect	50	0.0550346	0.030817304853088034	0	0.15128	0.04514	0.03156250000000001	1	Brain_Anteriorcingulatecortex_BA24	Brain_Anteriorcingulatecortex_BA24,Brain_FrontalCortex_BA9,Brain_Hypothalamus	3.123,2.869,2.115	0.15128	3.123095950759489	TRUE	Brain_Amygdala,Brain_Anteriorcingulatecortex_BA24,Brain_Caudate_basalganglia,Brain_CerebellarHemisphere,Brain_Cerebellum,Brain_Cortex,Brain_FrontalCortex_BA9,Brain_Hippocampus,Brain_Hypothalamus,Brain_Nucleusaccumbens_basalganglia,Brain_Putamen_basalganglia,Brain_Spinalcord_cervicalc_1,Brain_Substantianigra
chr9	95982909	95982975	chr9	95982909	95984665	ERCC6L2	perfect	50	0.077834	0.06013229191218513	0.02332	0.31533	0.052495	0.06771	1	Brain_Spinalcord_cervicalc_1	Brain_Spinalcord_cervicalc_1,Brain_Hypothalamus,Brain_Substantianigra	3.95,2.197,2.11	0.31533	3.9495584227328293	TRUE	Brain_Amygdala,Brain_Anteriorcingulatecortex_BA24,Brain_Caudate_basalganglia,Brain_CerebellarHemisphere,Brain_Cerebellum,Brain_Cortex,Brain_FrontalCortex_BA9,Brain_Hippocampus,Brain_Hypothalamus,Brain_Nucleusaccumbens_basalganglia,Brain_Putamen_basalganglia,Brain_Spinalcord_cervicalc_1,Brain_Substantianigra
chr9	127684367	127684474	chr9	127684367	127686730	STXBP1	perfect	50	0.0465144	0.06085149971019277	0	0.32993	0.031705	0.0249125	2	Brain_CerebellarHemisphere,Brain_Cerebellum	Brain_CerebellarHemisphere,Brain_Cerebellum,Brain_FrontalCortex_BA9	4.657,4.052,1.559	0.32993	4.657495728943016	TRUE	Brain_Amygdala,Brain_Anteriorcingulatecortex_BA24,Brain_Caudate_basalganglia,Brain_CerebellarHemisphere,Brain_Cerebellum,Brain_Cortex,Brain_FrontalCortex_BA9,Brain_Hippocampus,Brain_Hypothalamus,Brain_Nucleusaccumbens_basalganglia,Brain_Putamen_basalganglia,Brain_Spinalcord_cervicalc_1,Brain_Substantianigra
chr9	127693251	127693308	chr9	127692977	127693308	PTRH1	perfect	50	0.018232	0.019529066562852578	0	0.11429	0.01399	0.009507499999999999	2	Brain_CerebellarHemisphere,Brain_Cerebellum	Brain_CerebellarHemisphere,Brain_Cerebellum,Uterus	4.919,4.156,0.614	0.11429	4.9187194733985775	TRUE	Brain_Amygdala,Brain_Anteriorcingulatecortex_BA24,Brain_Caudate_basalganglia,Brain_CerebellarHemisphere,Brain_Cerebellum,Brain_Cortex,Brain_FrontalCortex_BA9,Brain_Hippocampus,Brain_Hypothalamus,Brain_Nucleusaccumbens_basalganglia,Brain_Putamen_basalganglia,Brain_Spinalcord_cervicalc_1,Brain_Substantianigra
chr9	127694926	127694959	chr9	127694926	127696027	PTRH1,STXBP1	perfect	50	0.004650400000000001	0.0210494645779984	0	0.13755	0	0	1	Brain_Cerebellum	Brain_Cerebellum,Testis,Skin_SunExposed_Lowerleg	6.314,2.339,1.131	0.13755	6.313680783068995	TRUE	Brain_Amygdala,Brain_Anteriorcingulatecortex_BA24,Brain_Caudate_basalganglia,Brain_CerebellarHemisphere,Brain_Cerebellum,Brain_Cortex,Brain_FrontalCortex_BA9,Brain_Hippocampus,Brain_Hypothalamus,Brain_Nucleusaccumbens_basalganglia,Brain_Putamen_basalganglia,Brain_Spinalcord_cervicalc_1,Brain_Substantianigra
chrX	14574491	14574559	chrX	14574491	14574559	GLRA2	perfect	50	0.009816799999999999	0.04061325798609243	0	0.21097	0	0	2	Brain_CerebellarHemisphere,Brain_Cerebellum	Brain_CerebellarHemisphere,Brain_Cerebellum,Brain_FrontalCortex_BA9	4.953,4.489,1.266	0.21097	4.952894940585233	TRUE	Brain_Amygdala,Brain_Anteriorcingulatecortex_BA24,Brain_Caudate_basalganglia,Brain_CerebellarHemisphere,Brain_Cerebellum,Brain_Cortex,Brain_FrontalCortex_BA9,Brain_Hippocampus,Brain_Hypothalamus,Brain_Nucleusaccumbens_basalganglia,Brain_Putamen_basalganglia,Brain_Spinalcord_cervicalc_1,Brain_Substantianigra
chrX	19687616	19687691	chrX	19687570	19687691	SH3KBP1	perfect	50	0.024125600000000004	0.04744006952536461	0	0.17116	4.7e-4	0.01401	1	Brain_FrontalCortex_BA9	Brain_FrontalCortex_BA9,Brain_Nucleusaccumbens_basalganglia,Brain_Anteriorcingulatecortex_BA24	3.099,2.804,2.707	0.17116	3.099371511700371	TRUE	Brain_Amygdala,Brain_Anteriorcingulatecortex_BA24,Brain_Caudate_basalganglia,Brain_CerebellarHemisphere,Brain_Cerebellum,Brain_Cortex,Brain_FrontalCortex_BA9,Brain_Hippocampus,Brain_Hypothalamus,Brain_Nucleusaccumbens_basalganglia,Brain_Putamen_basalganglia,Brain_Spinalcord_cervicalc_1,Brain_Substantianigra
chrX	19694994	19695051	chrX	19694994	19695051	SH3KBP1	perfect	50	0.024125600000000004	0.04744006952536461	0	0.17116	4.7e-4	0.01401	1	Brain_FrontalCortex_BA9	Brain_FrontalCortex_BA9,Brain_Nucleusaccumbens_basalganglia,Brain_Anteriorcingulatecortex_BA24	3.099,2.804,2.707	0.17116	3.099371511700371	TRUE	Brain_Amygdala,Brain_Anteriorcingulatecortex_BA24,Brain_Caudate_basalganglia,Brain_CerebellarHemisphere,Brain_Cerebellum,Brain_Cortex,Brain_FrontalCortex_BA9,Brain_Hippocampus,Brain_Hypothalamus,Brain_Nucleusaccumbens_basalganglia,Brain_Putamen_basalganglia,Brain_Spinalcord_cervicalc_1,Brain_Substantianigra
chrX	21503243	21503332	chrX	21503243	21506814	CNKSR2	perfect	50	0.064562	0.07054730732939826	0	0.38071	0.05956	0.0709825	2	Brain_Spinalcord_cervicalc_1,Brain_Substantianigra	Brain_Spinalcord_cervicalc_1,Brain_Substantianigra,Testis	4.481,3.484,1.211	0.38071	4.481361684349585	TRUE	Brain_Amygdala,Brain_Anteriorcingulatecortex_BA24,Brain_Caudate_basalganglia,Brain_CerebellarHemisphere,Brain_Cerebellum,Brain_Cortex,Brain_FrontalCortex_BA9,Brain_Hippocampus,Brain_Hypothalamus,Brain_Nucleusaccumbens_basalganglia,Brain_Putamen_basalganglia,Brain_Spinalcord_cervicalc_1,Brain_Substantianigra
chrX	21503332	21503333	chrX	21503243	21506814	CNKSR2	perfect	50	0.0313852	0.03198060408613767	0	0.16244	0.02965	0.048482500000000005	1	Brain_Spinalcord_cervicalc_1	Brain_Spinalcord_cervicalc_1,Brain_Substantianigra,Nerve_Tibial	4.098,2.613,1.471	0.16244	4.097946356704597	TRUE	Brain_Amygdala,Brain_Anteriorcingulatecortex_BA24,Brain_Caudate_basalganglia,Brain_CerebellarHemisphere,Brain_Cerebellum,Brain_Cortex,Brain_FrontalCortex_BA9,Brain_Hippocampus,Brain_Hypothalamus,Brain_Nucleusaccumbens_basalganglia,Brain_Putamen_basalganglia,Brain_Spinalcord_cervicalc_1,Brain_Substantianigra
chrX	21504788	21504795	chrX	21503243	21506814	CNKSR2	perfect	50	0.0331768	0.04402826037898842	0	0.21827	0.024695	0.033807500000000004	2	Brain_Spinalcord_cervicalc_1,Brain_Substantianigra	Brain_Spinalcord_cervicalc_1,Brain_Substantianigra,Heart_AtrialAppendage	4.204,3.685,1.77	0.21827	4.20396350904502	TRUE	Brain_Amygdala,Brain_Anteriorcingulatecortex_BA24,Brain_Caudate_basalganglia,Brain_CerebellarHemisphere,Brain_Cerebellum,Brain_Cortex,Brain_FrontalCortex_BA9,Brain_Hippocampus,Brain_Hypothalamus,Brain_Nucleusaccumbens_basalganglia,Brain_Putamen_basalganglia,Brain_Spinalcord_cervicalc_1,Brain_Substantianigra
chrX	21641532	21641534	chrX	21641532	21645899	CNKSR2	perfect	50	0.013352000000000004	0.0411420034137615	0	0.19315	0	0	3	Brain_CerebellarHemisphere,Brain_Cerebellum,Brain_FrontalCortex_BA9	Brain_CerebellarHemisphere,Brain_Cerebellum,Brain_FrontalCortex_BA9	4.37,3.43,3.195	0.19315	4.370180960605816	TRUE	Brain_Amygdala,Brain_Anteriorcingulatecortex_BA24,Brain_Caudate_basalganglia,Brain_CerebellarHemisphere,Brain_Cerebellum,Brain_Cortex,Brain_FrontalCortex_BA9,Brain_Hippocampus,Brain_Hypothalamus,Brain_Nucleusaccumbens_basalganglia,Brain_Putamen_basalganglia,Brain_Spinalcord_cervicalc_1,Brain_Substantianigra
chrX	48002527	48002561	chrX	48002527	48002561	ZNF81	perfect	50	0.017076600000000004	0.03534127786112356	0	0.13699	0	0.0045975	1	Brain_Cortex	Brain_Cortex,Brain_Substantianigra,Artery_Tibial	3.393,2.453,2.444	0.13699	3.3930125693589663	TRUE	Brain_Amygdala,Brain_Anteriorcingulatecortex_BA24,Brain_Caudate_basalganglia,Brain_CerebellarHemisphere,Brain_Cerebellum,Brain_Cortex,Brain_FrontalCortex_BA9,Brain_Hippocampus,Brain_Hypothalamus,Brain_Nucleusaccumbens_basalganglia,Brain_Putamen_basalganglia,Brain_Spinalcord_cervicalc_1,Brain_Substantianigra
chrX	48695819	48695871	chrX	48695553	48695871	SUV39H1	perfect	50	0.011165	0.030103205419533166	0	0.1418	0	0	2	Brain_CerebellarHemisphere,Brain_Cerebellum	Brain_Cerebellum,Brain_CerebellarHemisphere,Brain_FrontalCortex_BA9	4.34,4.169,1.48	0.1418	4.339571091496936	TRUE	Brain_Amygdala,Brain_Anteriorcingulatecortex_BA24,Brain_Caudate_basalganglia,Brain_CerebellarHemisphere,Brain_Cerebellum,Brain_Cortex,Brain_FrontalCortex_BA9,Brain_Hippocampus,Brain_Hypothalamus,Brain_Nucleusaccumbens_basalganglia,Brain_Putamen_basalganglia,Brain_Spinalcord_cervicalc_1,Brain_Substantianigra
chrX	71455006	71455012	chrX	71455006	71455012	TAF1	perfect	50	0.0144306	0.02678770060520844	0	0.12277	6.25e-4	0.019445	2	Brain_CerebellarHemisphere,Brain_Cerebellum	Brain_Cerebellum,Brain_CerebellarHemisphere,Brain_Cortex	4.044,3.702,2.04	0.12277	4.044371019248107	TRUE	Brain_Amygdala,Brain_Anteriorcingulatecortex_BA24,Brain_Caudate_basalganglia,Brain_CerebellarHemisphere,Brain_Cerebellum,Brain_Cortex,Brain_FrontalCortex_BA9,Brain_Hippocampus,Brain_Hypothalamus,Brain_Nucleusaccumbens_basalganglia,Brain_Putamen_basalganglia,Brain_Spinalcord_cervicalc_1,Brain_Substantianigra
chrX	72305301	72305314	chrX	72305301	72305587	CITED1	perfect	50	0.011334799999999999	0.028692858618016254	0	0.11881	0	0	2	Brain_Hypothalamus,Pituitary	Brain_Hypothalamus,Pituitary,Testis	3.746,3.68,2.805	0.11881	3.745712528361196	TRUE	Brain_Amygdala,Brain_Anteriorcingulatecortex_BA24,Brain_Caudate_basalganglia,Brain_CerebellarHemisphere,Brain_Cerebellum,Brain_Cortex,Brain_FrontalCortex_BA9,Brain_Hippocampus,Brain_Hypothalamus,Brain_Nucleusaccumbens_basalganglia,Brain_Putamen_basalganglia,Brain_Spinalcord_cervicalc_1,Brain_Substantianigra
chrX	103966322	103966357	chrX	103966322	103966712	TMSB15B	perfect	50	0.0354818	0.0441863774690428	0	0.25067	0.03153	0.042055	2	Brain_CerebellarHemisphere,Brain_Cerebellum	Brain_Cerebellum,Brain_CerebellarHemisphere,Cells_EBV_transformedlymphocytes	4.87,3.161,1.441	0.25067	4.870012260017512	TRUE	Brain_Amygdala,Brain_Anteriorcingulatecortex_BA24,Brain_Caudate_basalganglia,Brain_CerebellarHemisphere,Brain_Cerebellum,Brain_Cortex,Brain_FrontalCortex_BA9,Brain_Hippocampus,Brain_Hypothalamus,Brain_Nucleusaccumbens_basalganglia,Brain_Putamen_basalganglia,Brain_Spinalcord_cervicalc_1,Brain_Substantianigra
chrX	105948639	105948759	chrX	105948437	105948759	NRK	perfect	50	0.009848399999999998	0.02375108584929136	0	0.12985	0	0	1	Brain_Cerebellum	Brain_Cerebellum,Ovary,Brain_CerebellarHemisphere	5.052,2.115,1.763	0.12985	5.052467948684559	TRUE	Brain_Amygdala,Brain_Anteriorcingulatecortex_BA24,Brain_Caudate_basalganglia,Brain_CerebellarHemisphere,Brain_Cerebellum,Brain_Cortex,Brain_FrontalCortex_BA9,Brain_Hippocampus,Brain_Hypothalamus,Brain_Nucleusaccumbens_basalganglia,Brain_Putamen_basalganglia,Brain_Spinalcord_cervicalc_1,Brain_Substantianigra
chrX	117972730	117972828	chrX	117972730	117973738	KLHL13	perfect	50	0.016662600000000003	0.034262631742444524	0	0.16364	0	0.0189775	2	Brain_CerebellarHemisphere,Brain_Cerebellum	Brain_CerebellarHemisphere,Brain_Cerebellum,Brain_Nucleusaccumbens_basalganglia	4.29,3.584,1.626	0.16364	4.2897288540134095	TRUE	Brain_Amygdala,Brain_Anteriorcingulatecortex_BA24,Brain_Caudate_basalganglia,Brain_CerebellarHemisphere,Brain_Cerebellum,Brain_Cortex,Brain_FrontalCortex_BA9,Brain_Hippocampus,Brain_Hypothalamus,Brain_Nucleusaccumbens_basalganglia,Brain_Putamen_basalganglia,Brain_Spinalcord_cervicalc_1,Brain_Substantianigra
chrX	131078753	131078754	chrX	131078716	131078754	ARHGAP36	perfect	50	0.027196999999999992	0.054546227735784644	0	0.19108	0	0.015307500000000002	1	Brain_Nucleusaccumbens_basalganglia	Brain_Nucleusaccumbens_basalganglia,Brain_Hypothalamus,Pituitary	3.004,2.777,2.636	0.19108	3.0044790777068857	TRUE	Brain_Amygdala,Brain_Anteriorcingulatecortex_BA24,Brain_Caudate_basalganglia,Brain_CerebellarHemisphere,Brain_Cerebellum,Brain_Cortex,Brain_FrontalCortex_BA9,Brain_Hippocampus,Brain_Hypothalamus,Brain_Nucleusaccumbens_basalganglia,Brain_Putamen_basalganglia,Brain_Spinalcord_cervicalc_1,Brain_Substantianigra
chrX	136209242	136209339	chrX	136209167	136209442	FHL1	perfect	50	0.0637626	0.11096889356031268	0	0.44599	0.011605	0.045450000000000004	1	Brain_CerebellarHemisphere	Brain_CerebellarHemisphere,Brain_Cerebellum,Brain_FrontalCortex_BA9	3.444,2.965,2.921	0.44599	3.444455358043699	TRUE	Brain_Amygdala,Brain_Anteriorcingulatecortex_BA24,Brain_Caudate_basalganglia,Brain_CerebellarHemisphere,Brain_Cerebellum,Brain_Cortex,Brain_FrontalCortex_BA9,Brain_Hippocampus,Brain_Hypothalamus,Brain_Nucleusaccumbens_basalganglia,Brain_Putamen_basalganglia,Brain_Spinalcord_cervicalc_1,Brain_Substantianigra
chrX	136209339	136209425	chrX	136209167	136209442	FHL1	perfect	50	0.0653784	0.11414502793144073	0	0.45948	0.011715	0.0450525	1	Brain_CerebellarHemisphere	Brain_CerebellarHemisphere,Brain_Cerebellum,Brain_FrontalCortex_BA9	3.453,2.964,2.92	0.45948	3.4526392182120316	TRUE	Brain_Amygdala,Brain_Anteriorcingulatecortex_BA24,Brain_Caudate_basalganglia,Brain_CerebellarHemisphere,Brain_Cerebellum,Brain_Cortex,Brain_FrontalCortex_BA9,Brain_Hippocampus,Brain_Hypothalamus,Brain_Nucleusaccumbens_basalganglia,Brain_Putamen_basalganglia,Brain_Spinalcord_cervicalc_1,Brain_Substantianigra
chrX	136209425	136209442	chrX	136209167	136209442	FHL1	perfect	50	0.0637626	0.11096889356031268	0	0.44599	0.011605	0.045450000000000004	1	Brain_CerebellarHemisphere	Brain_CerebellarHemisphere,Brain_Cerebellum,Brain_FrontalCortex_BA9	3.444,2.965,2.921	0.44599	3.444455358043699	TRUE	Brain_Amygdala,Brain_Anteriorcingulatecortex_BA24,Brain_Caudate_basalganglia,Brain_CerebellarHemisphere,Brain_Cerebellum,Brain_Cortex,Brain_FrontalCortex_BA9,Brain_Hippocampus,Brain_Hypothalamus,Brain_Nucleusaccumbens_basalganglia,Brain_Putamen_basalganglia,Brain_Spinalcord_cervicalc_1,Brain_Substantianigra
chrX	154882036	154882198	chrX	154882036	154882472	F8	perfect	50	0.0502002	0.05110077524432901	0.0065	0.23889	0.034945000000000004	0.0363975	3	Brain_CerebellarHemisphere,Brain_Cerebellum,WholeBlood	Brain_Cerebellum,Brain_CerebellarHemisphere,WholeBlood	3.693,3.148,3.026	0.23889	3.6925036674652043	TRUE	Brain_Amygdala,Brain_Anteriorcingulatecortex_BA24,Brain_Caudate_basalganglia,Brain_CerebellarHemisphere,Brain_Cerebellum,Brain_Cortex,Brain_FrontalCortex_BA9,Brain_Hippocampus,Brain_Hypothalamus,Brain_Nucleusaccumbens_basalganglia,Brain_Putamen_basalganglia,Brain_Spinalcord_cervicalc_1,Brain_Substantianigra
