chrom	start	end	exon_chr	exon_start	exon_end	exon_gene	overlap_type	n_tissues	mean_pext	sd_pext	min_pext	max_pext	median_pext	iqr_pext	n_flagged.x	flagged_tissues.x	top3_tissues_by_z.x	top3_z.x	n_flagged.y	flagged_tissues.y	top3_tissues_by_z.y	top3_z.y	oe_lof_upper
chr1	10107221	10107374	chr1	10107221	10107374	UBE4B	perfect	50	0.024843800000000006	0.0901077737453708	0	0.55114	0.001605	0.0082475	1	Muscle_Skeletal	Muscle_Skeletal,Heart_LeftVentricle,Heart_AtrialAppendage	5.841,2.608,2.334	1	Muscle_Skeletal	Muscle_Skeletal	5.841	0.157
chr1	10355369	10355396	chr1	10355369	10355396	KIF1B	perfect	50	0.0041958	0.029201561049270738	0	0.20654	0	0	1	Testis	Testis,Brain_CerebellarHemisphere,Brain_Cerebellum	6.929,-0.085,-0.091	1	Testis	Testis	6.929	0.171
chr1	10642081	10642322	chr1	10642081	10642322	CASZ1	perfect	50	0.018275999999999997	0.04207291479305509	0	0.25885	0.004255	0.015975	1	Muscle_Skeletal	Muscle_Skeletal,Heart_LeftVentricle,Heart_AtrialAppendage	5.718,2.387,2.186	1	Muscle_Skeletal	Muscle_Skeletal	5.718	0.152
chr1	20892618	20892729	chr1	20892618	20892729	EIF4G3	perfect	50	0.0213582	0.025289478225909996	0.00273	0.12945	0.0133	0.017990000000000003	2	Cells_Culturedfibroblasts,Cells_EBV_transformedlymphocytes	Cells_EBV_transformedlymphocytes,Cells_Culturedfibroblasts,Skin_SunExposed_Lowerleg	4.274,3.625,1.509	2	Cells_Culturedfibroblasts,Cells_EBV_transformedlymphocytes	Cells_EBV_transformedlymphocytes,Cells_Culturedfibroblasts	4.274,3.625	0.112
chr1	20941378	20941395	chr1	20941241	20941484	EIF4G3	perfect	50	0.020583	0.029671626331963564	0.00452	0.21576	0.015050000000000001	0.0081875	1	Testis	Testis,WholeBlood,Muscle_Skeletal	6.578,0.819,0.74	1	Testis	Testis	6.578	0.112
chr1	28623945	28624017	chr1	28623941	28624126	TAF12	perfect	50	0.009203000000000001	0.04773316530891453	0	0.32277	0	0	1	Muscle_Skeletal	Muscle_Skeletal,Heart_LeftVentricle,Heart_AtrialAppendage	6.569,1.951,0.542	1	Muscle_Skeletal	Muscle_Skeletal	6.569	0.317
chr1	35982620	35982649	chr1	35982620	35983409	AGO3	perfect	50	0.0937748	0.04491456584972616	0.04348	0.32137	0.082995	0.04539749999999999	1	Testis	Testis,Pancreas,Cells_EBV_transformedlymphocytes	5.067,2.543,1.412	1	Testis	Testis	5.067	0.193
chr1	39410265	39413982	chr1	39409502	39414477	MACF1	perfect	50	0.011138	0.01665556179705477	0.00171	0.12125	0.00831	0.004919999999999999	1	Cells_Culturedfibroblasts	Cells_Culturedfibroblasts,Muscle_Skeletal,Nerve_Tibial	6.611,0.767,0.73	1	Cells_Culturedfibroblasts	Cells_Culturedfibroblasts	6.611	0.084
chr1	39413982	39414477	chr1	39409502	39414477	MACF1	perfect	50	0.053252	0.03862277566410783	0.01027	0.28608	0.04782	0.029360000000000004	1	Cells_Culturedfibroblasts	Cells_Culturedfibroblasts,Muscle_Skeletal,Pancreas	6.028,1.082,0.665	1	Cells_Culturedfibroblasts	Cells_Culturedfibroblasts	6.028	0.084
chr1	39436481	39436490	chr1	39436481	39436490	MACF1	perfect	50	0.0796174	0.03010278214886526	0.02226	0.24088	0.07877999999999999	0.02720249999999999	1	Cells_Culturedfibroblasts	Cells_Culturedfibroblasts,Cells_EBV_transformedlymphocytes,MinorSalivaryGland	5.357,1.913,0.787	1	Cells_Culturedfibroblasts	Cells_Culturedfibroblasts	5.357	0.084
chr1	39575631	39575686	chr1	39575631	39575686	PABPC4	perfect	50	0.0684668	0.03467664828800206	0.0186	0.23471	0.06565	0.03051749999999999	1	Cells_Culturedfibroblasts	Cells_Culturedfibroblasts,Cells_EBV_transformedlymphocytes,Pancreas	4.794,2.072,1.778	1	Cells_Culturedfibroblasts	Cells_Culturedfibroblasts	4.794	0.232
chr1	42951819	42951930	chr1	42951615	42952016	SLC2A1	perfect	50	0.006008799999999999	0.023900795532827788	0	0.16536	0	0.003005	1	WholeBlood	WholeBlood,Spleen,Cells_EBV_transformedlymphocytes	6.667,1.335,0.736	1	WholeBlood	WholeBlood	6.667	0.241
chr1	51729974	51730001	chr1	51729807	51730124	OSBPL9	perfect	50	0.0369908	0.03361628394522087	0	0.2089	0.030265	0.021687500000000002	1	Cells_EBV_transformedlymphocytes	Cells_EBV_transformedlymphocytes,AdrenalGland,Pancreas	5.114,1.658,1.452	1	Cells_EBV_transformedlymphocytes	Cells_EBV_transformedlymphocytes	5.114	0.309
chr1	51740142	51740211	chr1	51740142	51740211	OSBPL9	perfect	50	0.0790932	0.07632293611560106	0	0.48722	0.06972	0.05847499999999999	1	Muscle_Skeletal	Muscle_Skeletal,Brain_CerebellarHemisphere,Brain_Cerebellum	5.347,1.752,1.66	1	Muscle_Skeletal	Muscle_Skeletal	5.347	0.309
chr1	55071436	55071490	chr1	55071267	55071490	USP24	perfect	50	0.049447399999999996	0.03047602020257493	0.0169	0.16756	0.044175	0.023404999999999995	2	Liver,WholeBlood	Liver,WholeBlood,Cells_EBV_transformedlymphocytes	3.876,3.463,2.03	2	Liver,WholeBlood	Liver,WholeBlood	3.876,3.463	0.147
chr1	57033385	57033433	chr1	57033385	57033433	DAB1	perfect	50	0.012809800000000001	0.05150523759734719	0	0.31579	0	0	2	Cells_Culturedfibroblasts,SmallIntestine_TerminalIleum	Cells_Culturedfibroblasts,SmallIntestine_TerminalIleum,Nerve_Tibial	5.883,3.168,0.888	2	Cells_Culturedfibroblasts,SmallIntestine_TerminalIleum	Cells_Culturedfibroblasts,SmallIntestine_TerminalIleum	5.883,3.168	0.215
chr1	57033522	57033573	chr1	57033522	57033573	DAB1	perfect	50	0.012809800000000001	0.05150523759734719	0	0.31579	0	0	2	Cells_Culturedfibroblasts,SmallIntestine_TerminalIleum	Cells_Culturedfibroblasts,SmallIntestine_TerminalIleum,Nerve_Tibial	5.883,3.168,0.888	2	Cells_Culturedfibroblasts,SmallIntestine_TerminalIleum	Cells_Culturedfibroblasts,SmallIntestine_TerminalIleum	5.883,3.168	0.215
chr1	65254534	65254649	chr1	65254461	65254649	DNAJC6	perfect	50	0.049365799999999994	0.0421120008631017	0	0.2	0.040870000000000004	0.05802000000000001	1	Cells_EBV_transformedlymphocytes	Cells_EBV_transformedlymphocytes,Cells_Culturedfibroblasts,Bladder	3.577,2.024,1.521	1	Cells_EBV_transformedlymphocytes	Cells_EBV_transformedlymphocytes	3.577	0.222
chr1	65630201	65630402	chr1	65630201	65630422	LEPR	perfect	50	0.0568048	0.046710575136161836	0	0.22222	0.04191	0.0228725	1	WholeBlood	WholeBlood,Cells_EBV_transformedlymphocytes,Liver	3.541,2.982,2.855	1	WholeBlood	WholeBlood	3.541	0.284
chr1	66634079	66634163	chr1	66634079	66634163	SGIP1	perfect	50	0.019184200000000002	0.030280794148187365	0	0.12091	0.005465	0.023254999999999998	1	Artery_Tibial	Artery_Tibial,Artery_Aorta,Esophagus_Muscularis	3.359,2.955,2.49	1	Artery_Tibial	Artery_Tibial	3.359	0.195
chr1	69716217	69716218	chr1	69716141	69716218	LRRC7	perfect	50	0.106242	0.06772982799328521	0	0.34021	0.11596000000000001	0.07084750000000002	1	Heart_AtrialAppendage	Heart_AtrialAppendage,Muscle_Skeletal,Nerve_Tibial	3.454,1.486,1.296	1	Heart_AtrialAppendage	Heart_AtrialAppendage	3.454	0.157
chr1	114420379	114420451	chr1	114420379	114420451	TRIM33	perfect	50	0.018591599999999996	0.03795783081047618	0	0.24347	0.009389999999999999	0.0156325	1	Testis	Testis,Cells_EBV_transformedlymphocytes,Cells_Culturedfibroblasts	5.924,2.343,1.978	1	Testis	Testis	5.924	0.086
chr1	114741526	114741664	chr1	114741526	114741701	CSDE1	perfect	50	0.025041	0.07517127043611539	0	0.47252	0.003365	0.013989999999999999	1	Muscle_Skeletal	Muscle_Skeletal,Heart_LeftVentricle,Heart_AtrialAppendage	5.953,2.486,2.009	1	Muscle_Skeletal	Muscle_Skeletal	5.953	0.144
chr1	151669140	151669248	chr1	151669140	151669363	SNX27	perfect	50	0.0207806	0.02309541940714298	0	0.10961	0.01429	0.019865	2	Muscle_Skeletal,Testis	Testis,Muscle_Skeletal,WholeBlood	3.846,3.393,2.418	1	Testis	Testis	3.846	0.192
chr1	151825929	151825936	chr1	151825929	151826096	RORC	perfect	50	0.013798600000000003	0.0643041905198111	0	0.35833	0	0	2	Spleen,WholeBlood	Spleen,WholeBlood,SmallIntestine_TerminalIleum	5.358,4.229,0.499	2	Spleen,WholeBlood	Spleen,WholeBlood	5.358,4.229	0.161
chr1	154263102	154263149	chr1	154263102	154263505	UBAP2L	perfect	50	0.2211744	0.035349706644281144	0.15415	0.33554	0.21951500000000002	0.032275000000000026	1	Muscle_Skeletal	Muscle_Skeletal,Cells_Culturedfibroblasts,Cells_EBV_transformedlymphocytes	3.235,2.343,2.29	1	Muscle_Skeletal	Muscle_Skeletal	3.235	0.103
chr1	154737043	154737088	chr1	154737043	154737088	KCNN3	perfect	50	0.018594	0.04579854480354644	0	0.1681	0	0	2	Colon_Sigmoid,Uterus	Uterus,Colon_Sigmoid,Bladder	3.264,3.035,2.627	2	Colon_Sigmoid,Uterus	Uterus,Colon_Sigmoid	3.264,3.035	0.319
chr1	154859694	154859712	chr1	154859694	154859843	KCNN3	perfect	50	0.10499040000000003	0.2236174795836563	0	1	0	0.1061075	2	Testis,WholeBlood	WholeBlood,Testis,Cells_EBV_transformedlymphocytes	4.002,3.071,2.861	2	Testis,WholeBlood	WholeBlood,Testis	4.002,3.071	0.319
chr1	155180434	155180499	chr1	155180434	155180621	TRIM46	perfect	50	0.024864800000000003	0.04115322266449457	0	0.22646	0.00792	0.034025	1	Testis	Testis,Cells_EBV_transformedlymphocytes,Adipose_Visceral_Omentum	4.899,2.199,1.999	1	Testis	Testis	4.899	0.228
chr1	155983106	155983200	chr1	155983106	155983200	ARHGEF2	perfect	50	0.059448	0.05659696483532865	0.00346	0.2986	0.046924999999999994	0.039137500000000006	1	Testis	Testis,Colon_Transverse,Nerve_Tibial	4.226,2.225,2.181	1	Testis	Testis	4.226	0.156
chr1	155984393	155984433	chr1	155984393	155984433	ARHGEF2	perfect	50	0.059448	0.05659696483532865	0.00346	0.2986	0.046924999999999994	0.039137500000000006	1	Testis	Testis,Colon_Transverse,Nerve_Tibial	4.226,2.225,2.181	1	Testis	Testis	4.226	0.156
chr1	155985331	155985374	chr1	155985331	155985449	ARHGEF2	perfect	50	0.059448	0.05659696483532865	0.00346	0.2986	0.046924999999999994	0.039137500000000006	1	Testis	Testis,Colon_Transverse,Nerve_Tibial	4.226,2.225,2.181	1	Testis	Testis	4.226	0.156
chr1	155985374	155985395	chr1	155985331	155985449	ARHGEF2	perfect	50	0.0596102	0.05696832788130468	0.00346	0.2986	0.046924999999999994	0.039137500000000006	1	Testis	Testis,Nerve_Tibial,Colon_Transverse	4.195,2.306,2.208	1	Testis	Testis	4.195	0.156
chr1	155985395	155985449	chr1	155985331	155985449	ARHGEF2	perfect	50	0.010136199999999998	0.032976777660304275	0	0.22558	0	0.0066925000000000005	1	Testis	Testis,Nerve_Tibial,Colon_Transverse	6.533,1.112,0.828	1	Testis	Testis	6.533	0.156
chr1	155989233	155989351	chr1	155989233	155989499	ARHGEF2	perfect	50	0.010136199999999998	0.032976777660304275	0	0.22558	0	0.0066925000000000005	1	Testis	Testis,Nerve_Tibial,Colon_Transverse	6.533,1.112,0.828	1	Testis	Testis	6.533	0.156
chr1	155990840	155990962	chr1	155990840	155991212	ARHGEF2	perfect	50	0.009973999999999997	0.03281219621433718	0	0.22558	0	0.0066925000000000005	1	Testis	Testis,Nerve_Tibial,Colon_Transverse	6.571,0.876,0.837	1	Testis	Testis	6.571	0.156
chr1	176857613	176857650	chr1	176857301	176857650	ASTN1	perfect	50	0.007034599999999999	0.018892231338271705	0	0.12791	0	0.010445	1	Testis	Testis,AdrenalGland,Spleen	6.398,1.308,0.951	1	Testis	Testis	6.398	0.212
chr1	180073818	180073908	chr1	180073785	180073908	CEP350	perfect	50	0.012110000000000001	0.030994402391267946	0	0.15662	0	0	2	Cells_EBV_transformedlymphocytes,Muscle_Skeletal	Muscle_Skeletal,Cells_EBV_transformedlymphocytes,Cells_Culturedfibroblasts	4.662,3.329,1.917	2	Cells_EBV_transformedlymphocytes,Muscle_Skeletal	Muscle_Skeletal,Cells_EBV_transformedlymphocytes	4.662,3.329	0.184
chr1	181413146	181413580	chr1	181413132	181413580	CACNA1E	perfect	50	0.008896200000000002	0.04289455766297211	0	0.29268	0	0	1	Kidney_Cortex	Kidney_Cortex,Testis,Brain_Hippocampus	6.616,1.82,0.173	1	Kidney_Cortex	Kidney_Cortex	6.616	0.124
chr1	183304669	183304739	chr1	183304669	183304874	NMNAT2	perfect	50	0.007647199999999999	0.04783501966431826	0	0.336	0	0	1	Thyroid	Thyroid,Adipose_Visceral_Omentum,Adipose_Subcutaneous	6.864,0.809,-0.16	1	Thyroid	Thyroid	6.864	0.265
chr1	183502275	183502391	chr1	183502252	183502391	SMG7	perfect	50	0.0391206	0.015629525357411182	0.0076	0.10947	0.0382	0.012065000000000003	1	Testis	Testis,Brain_CerebellarHemisphere,Brain_Cerebellum	4.501,1.886,1.676	1	Testis	Testis	4.501	0.219
chr1	183742157	183742289	chr1	183742125	183742289	RGL1	perfect	50	0.0706454	0.0875112296749651	0	0.48886	0.04153	0.0556075	2	Brain_CerebellarHemisphere,Brain_Cerebellum	Brain_CerebellarHemisphere,Brain_Cerebellum,Testis	4.779,3.035,1.589	2	Brain_CerebellarHemisphere,Brain_Cerebellum	Brain_CerebellarHemisphere,Brain_Cerebellum	4.779,3.035	0.32
chr1	197918315	197918360	chr1	197918315	197918766	LHX9	perfect	50	0.012877000000000001	0.049268284050343274	0	0.27778	0	0	2	Brain_Amygdala,Brain_Hypothalamus	Brain_Amygdala,Brain_Hypothalamus,Ovary	5.377,3.429,1.696	2	Brain_Amygdala,Brain_Hypothalamus	Brain_Amygdala,Brain_Hypothalamus	5.377,3.429	0.288
chr1	204962107	204962158	chr1	204962107	204962158	NFASC	perfect	50	0.024718400000000005	0.04127127035325454	0	0.1497	0.00108	0.038114999999999996	1	Brain_Spinalcord_cervicalc_1	Brain_Spinalcord_cervicalc_1,Brain_Caudate_basalganglia,Brain_Amygdala	3.028,2.302,2.175	1	Brain_Spinalcord_cervicalc_1	Brain_Spinalcord_cervicalc_1	3.028	0.215
chr1	204984026	204984142	chr1	204984026	204984329	NFASC	perfect	50	0.0179918	0.03245881614713437	0	0.11854	0	0.014045	1	Brain_Spinalcord_cervicalc_1	Brain_Spinalcord_cervicalc_1,Brain_Caudate_basalganglia,Brain_Putamen_basalganglia	3.098,2.614,2.405	1	Brain_Spinalcord_cervicalc_1	Brain_Spinalcord_cervicalc_1	3.098	0.215
chr1	204985909	204986114	chr1	204985909	204986114	NFASC	perfect	50	0.0179918	0.03245881614713437	0	0.11854	0	0.014045	1	Brain_Spinalcord_cervicalc_1	Brain_Spinalcord_cervicalc_1,Brain_Caudate_basalganglia,Brain_Putamen_basalganglia	3.098,2.614,2.405	1	Brain_Spinalcord_cervicalc_1	Brain_Spinalcord_cervicalc_1	3.098	0.215
chr1	225504990	225505053	chr1	225504990	225505053	ENAH	perfect	50	0.006124200000000002	0.025630226184037045	0	0.13179	0	0	2	Muscle_Skeletal,Pancreas	Muscle_Skeletal,Pancreas,MinorSalivaryGland	4.903,4.226,2.101	2	Muscle_Skeletal,Pancreas	Muscle_Skeletal,Pancreas	4.903,4.226	0.173
chr1	225531045	225531057	chr1	225531045	225531057	ENAH	perfect	50	0.091834	0.038355995673188203	0	0.26433	0.08493	0.025224999999999997	1	Testis	Testis,Brain_Cerebellum,Brain_CerebellarHemisphere	4.497,2.05,1.732	1	Testis	Testis	4.497	0.173
chr1	227059372	227059389	chr1	227059212	227059411	CDC42BPA	perfect	50	0.0853264	0.028035030256259537	0	0.18424	0.082535	0.017424999999999982	1	Muscle_Skeletal	Muscle_Skeletal,Cells_EBV_transformedlymphocytes,Cells_Culturedfibroblasts	3.528,2.901,1.772	1	Muscle_Skeletal	Muscle_Skeletal	3.528	0.283
chr1	227059389	227059411	chr1	227059212	227059411	CDC42BPA	perfect	50	0.0852742	0.027998268903484672	0	0.18424	0.082535	0.017424999999999982	1	Muscle_Skeletal	Muscle_Skeletal,Cells_EBV_transformedlymphocytes,Cells_Culturedfibroblasts	3.535,2.907,1.776	1	Muscle_Skeletal	Muscle_Skeletal	3.535	0.283
chr1	232462192	232462234	chr1	232462192	232462417	SIPA1L2	perfect	50	0.0963136	0.08296468926191752	0	0.5	0.093245	0.04933999999999998	1	Cells_EBV_transformedlymphocytes	Cells_EBV_transformedlymphocytes,WholeBlood,Testis	4.866,2.865,1.753	1	Cells_EBV_transformedlymphocytes	Cells_EBV_transformedlymphocytes	4.866	0.287
chr1	237743599	237743623	chr1	237743599	237743623	RYR2	perfect	50	0.1259268	0.07971322022943834	0	0.5	0.14181	0.09405749999999999	1	WholeBlood	WholeBlood,Artery_Tibial,Adipose_Subcutaneous	4.693,0.852,0.813	1	WholeBlood	WholeBlood	4.693	0.25
chr1	237769586	237769619	chr1	237769586	237769619	RYR2	perfect	50	0.12592319999999999	0.0797161063908822	0	0.5	0.14181	0.09408	1	WholeBlood	WholeBlood,Artery_Tibial,Adipose_Subcutaneous	4.693,0.852,0.813	1	WholeBlood	WholeBlood	4.693	0.25
chr1	240180168	240180180	chr1	240180168	240180180	FMN2	perfect	50	0.0123234	0.028574280401245124	0	0.13876	0	0.007245	2	Brain_CerebellarHemisphere,Brain_Cerebellum	Brain_CerebellarHemisphere,Brain_Cerebellum,Brain_FrontalCortex_BA9	4.425,3.537,1.83	2	Brain_CerebellarHemisphere,Brain_Cerebellum	Brain_CerebellarHemisphere,Brain_Cerebellum	4.425,3.537	0.274
chr1	240245562	240245565	chr1	240245259	240245565	FMN2	perfect	50	0.0022836000000000015	0.01614749045517599	0	0.11418	0	0	1	Cells_Culturedfibroblasts	Cells_Culturedfibroblasts,Adipose_Subcutaneous,Adipose_Visceral_Omentum	6.93,-0.141,-0.141	1	Cells_Culturedfibroblasts	Cells_Culturedfibroblasts	6.93	0.274
chr1	243612989	243613034	chr1	243610505	243613034	AKT3	perfect	50	0.0448224	0.021115260712072103	0.01232	0.13161	0.043415	0.0183025	1	Brain_Spinalcord_cervicalc_1	Brain_Spinalcord_cervicalc_1,Brain_Substantianigra,Brain_Putamen_basalganglia	4.11,2.904,1.475	1	Brain_Spinalcord_cervicalc_1	Brain_Spinalcord_cervicalc_1	4.11	0.178
chr1	246931128	246931226	chr1	246931128	246931424	AHCTF1	perfect	50	0.008502000000000001	0.021058938865062715	0	0.13903	0	0.013995	1	Testis	Testis,Muscle_Skeletal,Cells_EBV_transformedlymphocytes	6.198,1.217,0.929	1	Testis	Testis	6.198	0.129
chr10	311536	311566	chr10	311536	311566	DIP2C	perfect	50	0.0237682	0.020006693338143876	0	0.1283	0.02044	0.013697499999999998	1	Muscle_Skeletal	Muscle_Skeletal,Cells_Culturedfibroblasts,Artery_Tibial	5.225,2.956,1.449	1	Muscle_Skeletal	Muscle_Skeletal	5.225	0.149
chr10	324896	325019	chr10	324638	325019	DIP2C	perfect	50	0.010780799999999998	0.02033969737097524	0	0.13871	0.00664	0.0164475	1	Testis	Testis,Cells_Culturedfibroblasts,Vagina	6.29,0.839,0.719	1	Testis	Testis	6.29	0.149
chr10	484780	484948	chr10	484780	484948	DIP2C	perfect	50	0.0237682	0.020006693338143876	0	0.1283	0.02044	0.013697499999999998	1	Muscle_Skeletal	Muscle_Skeletal,Cells_Culturedfibroblasts,Artery_Tibial	5.225,2.956,1.449	1	Muscle_Skeletal	Muscle_Skeletal	5.225	0.149
chr10	870012	873144	chr10	870008	873205	LARP4B	perfect	50	0.009982200000000002	0.03668967904087536	0	0.18508	0.00116	8.274999999999999e-4	2	Heart_LeftVentricle,Muscle_Skeletal	Muscle_Skeletal,Heart_LeftVentricle,Heart_AtrialAppendage	4.772,4.469,1.889	2	Heart_LeftVentricle,Muscle_Skeletal	Muscle_Skeletal,Heart_LeftVentricle	4.772,4.469	0.158
chr10	21556642	21556677	chr10	21556642	21557182	MLLT10	perfect	50	0.194739	0.13892344734215523	0.0356	0.66667	0.16183999999999998	0.16952250000000002	1	WholeBlood	WholeBlood,Brain_Amygdala,Brain_Anteriorcingulatecortex_BA24	3.397,1.883,1.84	1	WholeBlood	WholeBlood	3.397	0.182
chr10	21556677	21556939	chr10	21556642	21557182	MLLT10	perfect	50	0.1936462	0.13891196984744678	0.0356	0.66667	0.16183999999999998	0.17063250000000002	1	WholeBlood	WholeBlood,Brain_Amygdala,Brain_Anteriorcingulatecortex_BA24	3.405,1.891,1.848	1	WholeBlood	WholeBlood	3.405	0.182
chr10	32345532	32345562	chr10	32345111	32345623	EPC1	perfect	50	0.046647	0.049103910823510434	0.01246	0.34417	0.03797	0.0217	1	Testis	Testis,Muscle_Skeletal,Cells_EBV_transformedlymphocytes	6.059,2.454,0.907	1	Testis	Testis	6.059	0.125
chr10	32345605	32345623	chr10	32345111	32345623	EPC1	perfect	50	0.0512812	0.03403652585691089	0.01185	0.23956	0.046064999999999995	0.024969999999999992	1	Testis	Testis,Muscle_Skeletal,Skin_NotSunExposed_Suprapubic	5.532,2.186,1.125	1	Testis	Testis	5.532	0.125
chr10	33194715	33194780	chr10	33194366	33194780	NRP1	perfect	50	0.079442	0.04791608651526934	0	0.28329	0.07283999999999999	0.04248249999999999	1	Heart_LeftVentricle	Heart_LeftVentricle,Heart_AtrialAppendage,Brain_Hippocampus	4.254,2.352,1.222	1	Heart_LeftVentricle	Heart_LeftVentricle	4.254	0.3
chr10	34312354	34312382	chr10	34312255	34312382	PARD3	perfect	50	0.190828	0.1060865399336883	0.05678	0.54545	0.19405	0.156725	1	Cells_EBV_transformedlymphocytes	Cells_EBV_transformedlymphocytes,Cells_Culturedfibroblasts,Esophagus_Mucosa	3.343,2.607,1.826	1	Cells_EBV_transformedlymphocytes	Cells_EBV_transformedlymphocytes	3.343	0.306
chr10	35074191	35074226	chr10	35074078	35074330	CUL2	perfect	50	0.004971999999999997	0.035157349160595146	0	0.2486	0	0	1	Testis	Testis,Adipose_Subcutaneous,Adipose_Visceral_Omentum	6.93,-0.141,-0.141	1	Testis	Testis	6.93	0.093
chr10	43202657	43202682	chr10	43202657	43202682	RASGEF1A	perfect	50	0.025981200000000003	0.05554345706760076	0	0.24696	0	0.0249975	2	Cells_EBV_transformedlymphocytes,Testis	Testis,Cells_EBV_transformedlymphocytes,WholeBlood	3.978,3.055,2.564	2	Cells_EBV_transformedlymphocytes,Testis	Testis,Cells_EBV_transformedlymphocytes	3.978,3.055	0.316
chr10	52128455	52128541	chr10	52128345	52128541	PRKG1	perfect	50	0.4741204	0.1684838086565845	0.11086	1	0.459665	0.19140249999999998	2	Cells_EBV_transformedlymphocytes,WholeBlood	Cells_EBV_transformedlymphocytes,WholeBlood,Brain_Nucleusaccumbens_basalganglia	3.121,3.121,1.191	2	Cells_EBV_transformedlymphocytes,WholeBlood	Cells_EBV_transformedlymphocytes,WholeBlood	3.121,3.121	0.235
chr10	60051474	60051561	chr10	60051474	60051604	ANK3	perfect	50	0.0115244	0.046729198980805936	0	0.32236	0.0013700000000000001	0.0048825000000000006	1	Muscle_Skeletal	Muscle_Skeletal,Heart_LeftVentricle,Heart_AtrialAppendage	6.652,1.379,0.935	1	Muscle_Skeletal	Muscle_Skeletal	6.652	0.089
chr10	60053676	60053727	chr10	60053676	60053727	ANK3	perfect	50	0.0091966	0.037942668438106474	0	0.26619	0	0.005795	1	Muscle_Skeletal	Muscle_Skeletal,Heart_LeftVentricle,Heart_AtrialAppendage	6.773,0.942,0.652	1	Muscle_Skeletal	Muscle_Skeletal	6.773	0.089
chr10	68039416	68039472	chr10	68039398	68039967	HERC4	perfect	50	0.024798999999999998	0.017787846601955332	0	0.12053	0.02052	0.008899999999999998	1	Testis	Testis,Liver,Brain_Amygdala	5.382,1.696,1.652	1	Testis	Testis	5.382	0.246
chr10	68070495	68070599	chr10	68067688	68070599	HERC4	perfect	50	0.1028394	0.04060797777304759	0.03554	0.26784	0.09626499999999999	0.030405000000000015	2	Brain_CerebellarHemisphere,Brain_Cerebellum	Brain_CerebellarHemisphere,Brain_Cerebellum,WholeBlood	4.063,3.031,2.228	2	Brain_CerebellarHemisphere,Brain_Cerebellum	Brain_CerebellarHemisphere,Brain_Cerebellum	4.063,3.031	0.246
chr10	70447923	70447951	chr10	70447923	70447951	NODAL	perfect	50	0.0430716	0.10023512444696202	0	0.5368	0	0	1	Testis	Testis,Brain_Caudate_basalganglia,Brain_FrontalCortex_BA9	4.926,1.965,1.965	1	Testis	Testis	4.926	0.31
chr10	73448663	73448690	chr10	73448663	73448690	PPP3CB	perfect	50	0.0042774	0.017253787730849835	0	0.10818	0	0	1	Muscle_Skeletal	Muscle_Skeletal,Brain_CerebellarHemisphere,Brain_Cerebellum	6.022,2.801,1.436	1	Muscle_Skeletal	Muscle_Skeletal	6.022	0.098
chr10	76877868	76877890	chr10	76869600	76877893	KCNMA1	perfect	50	0.0840732	0.12931380338020015	0	0.48019	0.022144999999999998	0.0694025	1	Brain_FrontalCortex_BA9	Brain_FrontalCortex_BA9,Brain_Cortex,Brain_Anteriorcingulatecortex_BA24	3.063,2.496,2.249	1	Brain_FrontalCortex_BA9	Brain_FrontalCortex_BA9	3.063	0.276
chr10	76877890	76877893	chr10	76869600	76877893	KCNMA1	perfect	50	0.0840594	0.12927069785578804	0	0.4795	0.022144999999999998	0.0694025	1	Brain_FrontalCortex_BA9	Brain_FrontalCortex_BA9,Brain_Cortex,Brain_Anteriorcingulatecortex_BA24	3.059,2.497,2.25	1	Brain_FrontalCortex_BA9	Brain_FrontalCortex_BA9	3.059	0.276
chr10	96632887	96633059	chr10	96632887	96633241	PIK3AP1	perfect	50	0.004055999999999997	0.028680251044926365	0	0.2028	0	0	1	Testis	Testis,Adipose_Subcutaneous,Adipose_Visceral_Omentum	6.93,-0.141,-0.141	1	Testis	Testis	6.93	0.122
chr10	102619065	102619068	chr10	102619065	102619462	SUFU	perfect	50	0.036608800000000004	0.04596857474228166	0.01194	0.31588	0.024960000000000003	0.023950000000000003	1	Testis	Testis,Cells_EBV_transformedlymphocytes,Heart_AtrialAppendage	6.075,2.383,0.903	1	Testis	Testis	6.075	0.111
chr10	102927344	102927379	chr10	102927344	102927618	CNNM2	perfect	50	0.06565180000000001	0.08173553499162618	0	0.43913	0.03234	0.084655	1	Testis	Testis,Cells_EBV_transformedlymphocytes,WholeBlood	4.569,2.148,2.02	1	Testis	Testis	4.569	0.267
chr10	116833293	116833373	chr10	116828763	116835022	HSPA12A	perfect	50	0.028302600000000004	0.05419257998799377	0	0.32795	0.00933	0.035605	1	Testis	Testis,Cells_EBV_transformedlymphocytes,Heart_LeftVentricle	5.529,2.815,1.052	1	Testis	Testis	5.529	0.302
chr10	116834934	116835022	chr10	116828763	116835022	HSPA12A	perfect	50	0.0955912	0.09279882607543907	0	0.40426	0.06089	0.11641500000000002	1	Cells_EBV_transformedlymphocytes	Cells_EBV_transformedlymphocytes,Testis,Pancreas	3.326,2.824,1.73	1	Cells_EBV_transformedlymphocytes	Cells_EBV_transformedlymphocytes	3.326	0.302
chr11	6404744	6404805	chr11	6404744	6404933	APBB1	perfect	50	0.021373999999999997	0.04249511453312812	0	0.15289	0	0.0194125	1	Brain_Anteriorcingulatecortex_BA24	Brain_Anteriorcingulatecortex_BA24,Brain_FrontalCortex_BA9,Brain_Cortex	3.095,2.908,2.692	1	Brain_Anteriorcingulatecortex_BA24	Brain_Anteriorcingulatecortex_BA24	3.095	0.321
chr11	9593224	9593289	chr11	9593224	9593457	WEE1	perfect	50	0.013648200000000001	0.05332503592007746	0	0.37414	0	0.0092625	1	Testis	Testis,Muscle_Skeletal,Heart_AtrialAppendage	6.76,0.677,0.644	1	Testis	Testis	6.76	0.17
chr11	30388891	30388956	chr11	30384492	30388956	MPPED2	perfect	50	0.0291616	0.02250425840518516	0	0.10036	0.02525	0.015085000000000001	1	Brain_Cerebellum	Brain_Cerebellum,Muscle_Skeletal,Heart_LeftVentricle	3.164,2.857,2.744	1	Brain_Cerebellum	Brain_Cerebellum	3.164	0.199
chr11	32430529	32430539	chr11	32430529	32430813	WT1	perfect	50	0.047084999999999995	0.0980387785469586	0	0.49187	0	0	1	Testis	Testis,Spleen,Brain_Putamen_basalganglia	4.537,1.983,1.92	1	Testis	Testis	4.537	0.247
chr11	45896879	45896950	chr11	45896549	45896950	MAPK8IP1	perfect	50	0.022390399999999998	0.047984816389336826	0	0.27147	0	0.029185	2	Kidney_Cortex,Pituitary	Pituitary,Kidney_Cortex,Brain_Hypothalamus	5.191,3.419,0.875	2	Kidney_Cortex,Pituitary	Pituitary,Kidney_Cortex	5.191,3.419	0.163
chr11	46760351	46760375	chr11	46760351	46760375	CKAP5	perfect	50	0.0170806	0.03964166275729695	0	0.2175	0.010579999999999999	0.003057500000000001	2	Brain_CerebellarHemisphere,Brain_Cerebellum	Brain_CerebellarHemisphere,Brain_Cerebellum,Brain_Hypothalamus	5.056,4.577,0.1	2	Brain_CerebellarHemisphere,Brain_Cerebellum	Brain_CerebellarHemisphere,Brain_Cerebellum	5.056,4.577	0.162
chr11	62433883	62433891	chr11	62433541	62433891	AHNAK	perfect	50	0.0415812	0.03313668979810008	0.00891	0.19354	0.03179	0.021702500000000007	2	Liver,Skin_SunExposed_Lowerleg	Skin_SunExposed_Lowerleg,Liver,Skin_NotSunExposed_Suprapubic	4.586,3.26,2.319	2	Liver,Skin_SunExposed_Lowerleg	Skin_SunExposed_Lowerleg,Liver	4.586,3.26	0.308
chr11	62491731	62491810	chr11	62491731	62491831	AHNAK	perfect	50	0.0351126	0.02883765033381725	0.00711	0.17478	0.02642	0.0158125	1	Skin_SunExposed_Lowerleg	Skin_SunExposed_Lowerleg,Liver,Skin_NotSunExposed_Suprapubic	4.843,2.886,2.359	1	Skin_SunExposed_Lowerleg	Skin_SunExposed_Lowerleg	4.843	0.308
chr11	62491810	62491831	chr11	62491731	62491831	AHNAK	perfect	50	0.0353966	0.02899402884409555	0.00711	0.17652	0.026619999999999998	0.0158125	1	Skin_SunExposed_Lowerleg	Skin_SunExposed_Lowerleg,Liver,Skin_NotSunExposed_Suprapubic	4.867,2.86,2.384	1	Skin_SunExposed_Lowerleg	Skin_SunExposed_Lowerleg	4.867	0.308
chr11	62634309	62634375	chr11	62634309	62634375	GANAB	perfect	50	0.1090256	0.04566507271382784	0.04124	0.33933	0.10725	0.03837250000000002	1	Muscle_Skeletal	Muscle_Skeletal,Heart_LeftVentricle,Heart_AtrialAppendage	5.043,2.163,1.514	1	Muscle_Skeletal	Muscle_Skeletal	5.043	0.267
chr11	67240207	67240369	chr11	67240046	67240369	KDM2A	perfect	50	0.0445426	0.02448468691043528	0.01012	0.12701	0.049034999999999995	0.035574999999999996	1	Cells_EBV_transformedlymphocytes	Cells_EBV_transformedlymphocytes,Cells_Culturedfibroblasts,MinorSalivaryGland	3.368,2.024,1.5	1	Cells_EBV_transformedlymphocytes	Cells_EBV_transformedlymphocytes	3.368	0.045
chr11	68609610	68609628	chr11	68609472	68609628	PPP6R3	perfect	50	0.044851400000000013	0.10428406327479783	0	0.4489	0	0.014707499999999998	2	Brain_CerebellarHemisphere,Brain_Cerebellum	Brain_CerebellarHemisphere,Brain_Cerebellum,Brain_FrontalCortex_BA9	3.874,3.241,2.42	2	Brain_CerebellarHemisphere,Brain_Cerebellum	Brain_CerebellarHemisphere,Brain_Cerebellum	3.874,3.241	0.284
chr11	70349922	70350039	chr11	70349922	70350039	PPFIA1	perfect	50	0.0452028	0.025233581612200667	0.00355	0.14076	0.042855	0.030015	1	Muscle_Skeletal	Muscle_Skeletal,Heart_LeftVentricle,Bladder	3.787,1.6,1.52	1	Muscle_Skeletal	Muscle_Skeletal	3.787	0.067
chr11	74668776	74668853	chr11	74668776	74669117	POLD3	perfect	50	0.1063946	0.038859098963894084	0.05204	0.22754	0.102635	0.04634500000000001	1	Muscle_Skeletal	Muscle_Skeletal,Brain_Putamen_basalganglia,Brain_Amygdala	3.118,1.84,1.826	1	Muscle_Skeletal	Muscle_Skeletal	3.118	0.236
chr11	85960687	85960777	chr11	85960674	85960777	PICALM	perfect	50	0.0410688	0.042347718086126446	0.00869	0.17597	0.01725	0.05463	1	Muscle_Skeletal	Muscle_Skeletal,Brain_CerebellarHemisphere,Heart_LeftVentricle	3.186,2.128,1.898	1	Muscle_Skeletal	Muscle_Skeletal	3.186	0.234
chr11	86270082	86270157	chr11	86270082	86270157	EED	perfect	50	0.064531	0.04175814666942615	0.01577	0.21783	0.052715	0.0337875	1	Cells_EBV_transformedlymphocytes	Cells_EBV_transformedlymphocytes,Cells_Culturedfibroblasts,WholeBlood	3.671,2.968,2.422	1	Cells_EBV_transformedlymphocytes	Cells_EBV_transformedlymphocytes	3.671	0.187
chr11	110131082	110131106	chr11	110131003	110131106	ZC3H12C	perfect	50	0.005926599999999998	0.02835735254402502	0	0.16228	0	0	2	Cells_Culturedfibroblasts,Testis	Testis,Cells_Culturedfibroblasts,Pituitary	5.514,4.06,0.249	2	Cells_Culturedfibroblasts,Testis	Testis,Cells_Culturedfibroblasts	5.514,4.06	0.252
chr11	113236300	113236315	chr11	113236300	113236315	NCAM1	perfect	50	0.0180194	0.055712747539572664	0	0.32081	0	0.010945	1	Muscle_Skeletal	Muscle_Skeletal,Heart_LeftVentricle,Heart_AtrialAppendage	5.435,2.9,2.712	1	Muscle_Skeletal	Muscle_Skeletal	5.435	0.185
chr11	113240785	113240833	chr11	113240506	113240833	NCAM1	perfect	50	0.014434599999999999	0.053718997369721626	0	0.30282	0	0.0043525000000000005	2	Heart_LeftVentricle,Muscle_Skeletal	Muscle_Skeletal,Heart_LeftVentricle,Heart_AtrialAppendage	5.368,3.05,2.837	2	Heart_LeftVentricle,Muscle_Skeletal	Muscle_Skeletal,Heart_LeftVentricle	5.368,3.05	0.185
chr11	113242804	113242846	chr11	113242804	113242846	NCAM1	perfect	50	0.012722999999999998	0.04926098933647358	0	0.30282	0	0.0043525000000000005	1	Muscle_Skeletal	Muscle_Skeletal,Heart_LeftVentricle,Heart_AtrialAppendage	5.889,2.721,2.082	1	Muscle_Skeletal	Muscle_Skeletal	5.889	0.185
chr11	123435433	123435467	chr11	123435433	123435719	GRAMD1B	perfect	50	0.0576436	0.0673691569276539	0	0.26339	0.030215	0.10016749999999999	1	AdrenalGland	AdrenalGland,WholeBlood,Artery_Aorta	3.054,2.361,1.953	1	AdrenalGland	AdrenalGland	3.054	0.245
chr11	123526148	123526171	chr11	123525635	123526171	GRAMD1B	perfect	50	0.0708078	0.10445840248713015	0	0.39322	0	0.147015	1	Brain_CerebellarHemisphere	Brain_CerebellarHemisphere,Brain_Cerebellum,Brain_FrontalCortex_BA9	3.087,2.945,1.774	1	Brain_CerebellarHemisphere	Brain_CerebellarHemisphere	3.087	0.245
chr12	2633628	2633712	chr12	2633628	2633712	CACNA1C	perfect	50	0.07895780000000001	0.06049232470423374	0	0.27203	0.06981000000000001	0.0848325	1	Brain_Hypothalamus	Brain_Hypothalamus,Brain_Amygdala,Brain_Substantianigra	3.192,1.923,1.715	1	Brain_Hypothalamus	Brain_Hypothalamus	3.192	0.102
chr12	7156178	7156929	chr12	7155867	7156929	CLSTN3	perfect	50	0.106122	0.06387610137234906	0.03417	0.309	0.081295	0.06154499999999998	1	Skin_NotSunExposed_Suprapubic	Skin_NotSunExposed_Suprapubic,Brain_Substantianigra,Brain_Hippocampus	3.176,2.581,2.509	1	Skin_NotSunExposed_Suprapubic	Skin_NotSunExposed_Suprapubic	3.176	0.315
chr12	14385383	14385400	chr12	14385063	14385400	ATF7IP	perfect	50	0.021271400000000003	0.04345835679764043	0	0.22564	0.00649	0.012655	2	Cells_EBV_transformedlymphocytes,Testis	Cells_EBV_transformedlymphocytes,Testis,Cells_Culturedfibroblasts	4.703,3.157,2.146	2	Cells_EBV_transformedlymphocytes,Testis	Cells_EBV_transformedlymphocytes,Testis	4.703,3.157	0.213
chr12	19200324	19200325	chr12	19200324	19202003	PLEKHA5	perfect	50	0.051143	0.03394813031730638	0	0.1559	0.046355	0.044645	2	Kidney_Cortex,Liver	Liver,Kidney_Cortex,Brain_Amygdala	3.086,3.061,2.137	2	Kidney_Cortex,Liver	Liver,Kidney_Cortex	3.086,3.061	0.098
chr12	19552852	19552970	chr12	19552852	19553272	AEBP2	perfect	50	0.06717000000000001	0.04723989696544779	0.02024	0.28571	0.05543	0.04247	1	WholeBlood	WholeBlood,Liver,Kidney_Cortex	4.626,2.831,1.707	1	WholeBlood	WholeBlood	4.626	0.145
chr12	23584546	23584552	chr12	23584546	23584612	SOX5	perfect	50	0.03334460000000001	0.11871907972458792	0	0.79737	0	0.008925	1	Testis	Testis,Cells_EBV_transformedlymphocytes,Cells_Culturedfibroblasts	6.436,1.825,0.922	1	Testis	Testis	6.436	0.188
chr12	31499605	31499671	chr12	31499605	31499671	DENND5B	perfect	50	0.0453644	0.020739925723599114	0	0.11293	0.051065	0.030147499999999994	1	Testis	Testis,MinorSalivaryGland,Thyroid	3.258,1.177,1.098	1	Testis	Testis	3.258	0.155
chr12	44875506	44875558	chr12	44875506	44875812	NELL2	perfect	50	0.04646279999999999	0.10230310083755814	0	0.48038	0	0.015765	1	Brain_Hippocampus	Brain_Hippocampus,Brain_Amygdala,Brain_Putamen_basalganglia	4.241,2.977,2.263	1	Brain_Hippocampus	Brain_Hippocampus	4.241	0.249
chr12	51479991	51480219	chr12	51479991	51480610	SLC4A8	perfect	50	0.1210822	0.07181246936490705	0	0.35484	0.13011	0.04429749999999999	1	Kidney_Cortex	Kidney_Cortex,Artery_Coronary,Thyroid	3.255,1.59,1.408	1	Kidney_Cortex	Kidney_Cortex	3.255	0.266
chr12	53219949	53220100	chr12	53219949	53220413	RARG	perfect	50	0.1102378	0.050825221333828476	0.02445	0.27972	0.09802	0.04954750000000002	1	Cells_Culturedfibroblasts	Cells_Culturedfibroblasts,Cells_EBV_transformedlymphocytes,Muscle_Skeletal	3.335,2.916,2.906	1	Cells_Culturedfibroblasts	Cells_Culturedfibroblasts	3.335	0.237
chr12	57288856	57288910	chr12	57288856	57288910	R3HDM2	perfect	50	0.098124	0.06870637302228631	0	0.31488	0.08255	0.0753125	1	Muscle_Skeletal	Muscle_Skeletal,WholeBlood,Brain_Amygdala	3.155,2.915,1.791	1	Muscle_Skeletal	Muscle_Skeletal	3.155	0.176
chr12	57741911	57742071	chr12	57741911	57742157	AGAP2	perfect	50	0.385307	0.15901532692460427	0.14101	1	0.37161999999999995	0.13705750000000005	1	Cells_Culturedfibroblasts	Cells_Culturedfibroblasts,Cells_EBV_transformedlymphocytes,WholeBlood	3.866,2.55,2.425	1	Cells_Culturedfibroblasts	Cells_Culturedfibroblasts	3.866	0.267
chr12	62588855	62588890	chr12	62588855	62588916	MON2	perfect	50	0.035322400000000004	0.060391575117253384	0	0.33243	0.015155	0.049819999999999996	1	Cells_Culturedfibroblasts	Cells_Culturedfibroblasts,Muscle_Skeletal,Cells_EBV_transformedlymphocytes	4.92,2.975,1.888	1	Cells_Culturedfibroblasts	Cells_Culturedfibroblasts	4.92	0.32
chr12	70609788	70609814	chr12	70609760	70609844	PTPRB	perfect	50	0.1711674	0.12170071842240952	0	0.61538	0.14326	0.13914	1	Cells_Culturedfibroblasts	Cells_Culturedfibroblasts,Testis,Muscle_Skeletal	3.65,1.672,1.527	1	Cells_Culturedfibroblasts	Cells_Culturedfibroblasts	3.65	0.314
chr12	79810394	79810511	chr12	79810394	79810511	PPP1R12A	perfect	50	0.0037146000000000015	0.017882933742104225	0	0.11881	0	0	1	Muscle_Skeletal	Muscle_Skeletal,Heart_AtrialAppendage,Heart_LeftVentricle	6.436,1.753,1.574	1	Muscle_Skeletal	Muscle_Skeletal	6.436	0.13
chr12	81597951	81598032	chr12	81597951	81598371	PPFIA2	perfect	50	0.028247799999999997	0.05377685999174209	0	0.20701	0	0.0283425	2	Brain_Cortex,Brain_FrontalCortex_BA9	Brain_FrontalCortex_BA9,Brain_Cortex,Brain_Anteriorcingulatecortex_BA24	3.324,3.014,2.637	2	Brain_Cortex,Brain_FrontalCortex_BA9	Brain_FrontalCortex_BA9,Brain_Cortex	3.324,3.014	0.139
chr12	117255935	117256037	chr12	117255935	117256037	NOS1	perfect	50	0.0063954000000000025	0.045222307084004446	0	0.31977	0	0	1	Muscle_Skeletal	Muscle_Skeletal,Adipose_Subcutaneous,Adipose_Visceral_Omentum	6.93,-0.141,-0.141	1	Muscle_Skeletal	Muscle_Skeletal	6.93	0.19
chr12	123000382	123000478	chr12	123000302	123000478	PITPNM2	perfect	50	0.0053159999999999995	0.01420169406393879	0	0.1009	0.0036049999999999997	0.005979999999999999	1	Testis	Testis,Vagina,Ovary	6.73,0.469,0.388	1	Testis	Testis	6.73	0.18
chr13	27170323	27170329	chr13	27170090	27170329	USP12	perfect	50	0.044287	0.041559136830324486	0	0.19444	0.033125	0.052285	1	WholeBlood	WholeBlood,Testis,Muscle_Skeletal	3.613,2.066,1.757	1	WholeBlood	WholeBlood	3.613	0.319
chr13	28368580	28368663	chr13	28368095	28368663	FLT1	perfect	50	0.030140999999999998	0.10790067838961338	0	0.52941	0.0024349999999999997	0.0044725	2	Cells_Culturedfibroblasts,WholeBlood	WholeBlood,Cells_Culturedfibroblasts,Cells_EBV_transformedlymphocytes	4.627,4.38,2.346	2	Cells_Culturedfibroblasts,WholeBlood	WholeBlood,Cells_Culturedfibroblasts	4.627,4.38	0.246
chr13	35850722	35850776	chr13	35845899	35850776	DCLK1	perfect	50	0.0194222	0.02909066133132551	0	0.18182	0.011779999999999999	0.031295	1	Cells_Culturedfibroblasts	Cells_Culturedfibroblasts,Artery_Tibial,Artery_Aorta	5.582,1.218,1.214	1	Cells_Culturedfibroblasts	Cells_Culturedfibroblasts	5.582	0.227
chr13	49110399	49110406	chr13	49110312	49110406	FNDC3A	perfect	50	0.2223626	0.11621490727395466	0.0368	0.58424	0.23106500000000002	0.16367500000000001	1	Muscle_Skeletal	Muscle_Skeletal,Bladder,Skin_SunExposed_Lowerleg	3.114,1.819,1.803	1	Muscle_Skeletal	Muscle_Skeletal	3.114	0.221
chr13	71573417	71573573	chr13	71573417	71573573	DACH1	perfect	50	0.035335399999999996	0.07375409108569876	0	0.475	0.006905	0.0484975	1	Testis	Testis,WholeBlood,Bladder	5.961,2.468,0.677	1	Testis	Testis	5.961	0.135
chr13	77118339	77118495	chr13	77118339	77118659	MYCBP2	perfect	50	0.0390784	0.014144417137629437	0.01119	0.10414	0.036465	0.008412499999999996	1	Cells_Culturedfibroblasts	Cells_Culturedfibroblasts,Brain_Cerebellum,Cells_EBV_transformedlymphocytes	4.6,2.329,2.069	1	Cells_Culturedfibroblasts	Cells_Culturedfibroblasts	4.6	0.115
chr13	97976962	97977057	chr13	97976962	97977057	IPO5	perfect	50	0.006020199999999998	0.034782533822924074	0	0.24499	0	0	1	Testis	Testis,Cells_EBV_transformedlymphocytes,Pancreas	6.87,0.538,0.267	1	Testis	Testis	6.87	0.122
chr13	98796207	98796213	chr13	98796205	98796213	DOCK9	perfect	50	0.05837899999999999	0.05089420789184929	0	0.26382	0.04349	0.0271425	2	Brain_CerebellarHemisphere,Brain_Cerebellum	Brain_Cerebellum,Brain_CerebellarHemisphere,Brain_FrontalCortex_BA9	4.037,3.981,1.617	2	Brain_CerebellarHemisphere,Brain_Cerebellum	Brain_Cerebellum,Brain_CerebellarHemisphere	4.037,3.981	0.191
chr13	98809122	98809128	chr13	98809122	98809128	DOCK9	perfect	50	0.05837899999999999	0.05089420789184929	0	0.26382	0.04349	0.0271425	2	Brain_CerebellarHemisphere,Brain_Cerebellum	Brain_Cerebellum,Brain_CerebellarHemisphere,Brain_FrontalCortex_BA9	4.037,3.981,1.617	2	Brain_CerebellarHemisphere,Brain_Cerebellum	Brain_Cerebellum,Brain_CerebellarHemisphere	4.037,3.981	0.191
chr13	99086222	99086351	chr13	99086222	99086625	DOCK9	perfect	50	0.057626800000000006	0.049245027820697035	0.01406	0.26099	0.04642	0.03139	2	Brain_CerebellarHemisphere,Brain_Cerebellum	Brain_CerebellarHemisphere,Brain_Cerebellum,Cells_Culturedfibroblasts	4.13,4.113,1.921	2	Brain_CerebellarHemisphere,Brain_Cerebellum	Brain_CerebellarHemisphere,Brain_Cerebellum	4.13,4.113	0.191
chr13	113229641	113229651	chr13	113229641	113230212	CUL4A	perfect	50	0.1392992	0.09057309150884377	0.03577	0.56641	0.1257	0.0720625	2	Testis,WholeBlood	WholeBlood,Testis,Skin_SunExposed_Lowerleg	4.716,3.325,1.11	2	Testis,WholeBlood	WholeBlood,Testis	4.716,3.325	0.124
chr14	23071124	23071147	chr14	23071124	23071617	ACIN1	perfect	50	0.0534694	0.01621767156718943	0.01306	0.11068	0.049865	0.013135	2	Cells_EBV_transformedlymphocytes,Muscle_Skeletal	Muscle_Skeletal,Cells_EBV_transformedlymphocytes,Cells_Culturedfibroblasts	3.528,3.062,2.687	2	Cells_EBV_transformedlymphocytes,Muscle_Skeletal	Muscle_Skeletal,Cells_EBV_transformedlymphocytes	3.528,3.062	0.201
chr14	33680602	33680640	chr14	33680602	33681042	NPAS3	perfect	50	0.017377	0.03671784686731274	0	0.2212	0	0.02946	1	Testis	Testis,Pituitary,Colon_Sigmoid	5.551,2.769,0.776	1	Testis	Testis	5.551	0.211
chr14	33780630	33780632	chr14	33780630	33780871	NPAS3	perfect	50	0.0027649999999999984	0.019551502499808037	0	0.13825	0	0	1	Testis	Testis,Adipose_Subcutaneous,Adipose_Visceral_Omentum	6.93,-0.141,-0.141	1	Testis	Testis	6.93	0.211
chr14	47342941	47343086	chr14	47342941	47343234	MDGA2	perfect	50	0.003869200000000001	0.027359375577669893	0	0.19346	0	0	1	Testis	Testis,Adipose_Subcutaneous,Adipose_Visceral_Omentum	6.93,-0.141,-0.141	1	Testis	Testis	6.93	0.239
chr14	59610121	59610137	chr14	59610121	59610232	RTN1	perfect	50	0.0045548	0.015726715245344886	0	0.11014	0	0.0052825	1	Testis	Testis,Artery_Aorta,Brain_Amygdala	6.714,0.592,0.466	1	Testis	Testis	6.714	0.297
chr14	64752210	64752315	chr14	64752210	64752315	SPTB	perfect	50	0.19050599999999998	0.10679382614196768	0	0.54359	0.19427499999999998	0.08596999999999999	1	WholeBlood	WholeBlood,Cells_EBV_transformedlymphocytes,Kidney_Cortex	3.306,2.898,1.648	1	WholeBlood	WholeBlood	3.306	0.14
chr14	79853538	79853645	chr14	79853538	79854217	NRXN3	perfect	50	0.029238600000000003	0.05326407549949897	0	0.2712	0.012395	0.032675	2	Brain_CerebellarHemisphere,Brain_Cerebellum	Brain_Cerebellum,Brain_CerebellarHemisphere,Brain_Cortex	4.543,3.437,1.795	2	Brain_CerebellarHemisphere,Brain_Cerebellum	Brain_Cerebellum,Brain_CerebellarHemisphere	4.543,3.437	0.112
chr14	90605596	90605758	chr14	90605596	90605758	TTC7B	perfect	50	0.011688600000000006	0.046468815042664764	0	0.21535	0	0	3	Heart_AtrialAppendage,Heart_LeftVentricle,Muscle_Skeletal	Muscle_Skeletal,Heart_LeftVentricle,Heart_AtrialAppendage	4.383,3.8,3.526	3	Heart_AtrialAppendage,Heart_LeftVentricle,Muscle_Skeletal	Muscle_Skeletal,Heart_LeftVentricle,Heart_AtrialAppendage	4.383,3.8,3.526	0.189
chr14	90677823	90677845	chr14	90677823	90677845	TTC7B	perfect	50	0.132659	0.033482515098883156	0.06708	0.25	0.135135	0.03308249999999999	1	Cells_EBV_transformedlymphocytes	Cells_EBV_transformedlymphocytes,Bladder,Cells_Culturedfibroblasts	3.505,1.569,1.497	1	Cells_EBV_transformedlymphocytes	Cells_EBV_transformedlymphocytes	3.505	0.189
chr14	91938329	91938452	chr14	91938329	91938452	FBLN5	perfect	50	0.023918799999999997	0.03979669813193152	0	0.25	0.018985000000000002	0.02535	1	Cells_EBV_transformedlymphocytes	Cells_EBV_transformedlymphocytes,WholeBlood,Skin_NotSunExposed_Suprapubic	5.681,2.865,0.869	1	Cells_EBV_transformedlymphocytes	Cells_EBV_transformedlymphocytes	5.681	0.172
chr14	99534663	99534680	chr14	99534663	99535044	CCNK	perfect	50	0.0647054	0.07577176430678692	0	0.33599	0.048515	0.09322749999999999	2	Cells_Culturedfibroblasts,Cells_EBV_transformedlymphocytes	Cells_Culturedfibroblasts,Cells_EBV_transformedlymphocytes,Muscle_Skeletal	3.58,3.261,1.901	2	Cells_Culturedfibroblasts,Cells_EBV_transformedlymphocytes	Cells_Culturedfibroblasts,Cells_EBV_transformedlymphocytes	3.58,3.261	0.165
chr14	99874930	99874987	chr14	99874930	99874987	EML1	perfect	50	0.0480994	0.07145920150144762	0	0.31884	0.022105	0.033542499999999996	1	Brain_Cerebellum	Brain_Cerebellum,Brain_Cortex,Brain_FrontalCortex_BA9	3.789,2.612,2.536	1	Brain_Cerebellum	Brain_Cerebellum	3.789	0.28
chr14	100577310	100577952	chr14	100577310	100577952	BEGAIN	perfect	50	0.0049342000000000006	0.02336732264754107	0	0.16544	0	0.0027225	1	Testis	Testis,Brain_CerebellarHemisphere,Brain_Cerebellum	6.869,0.226,0.195	1	Testis	Testis	6.869	0.32
chr14	101809942	101810036	chr14	101809802	101810036	PPP2R5C	perfect	50	0.3844034	0.09913672660358253	0.23539	0.72219	0.39237500000000003	0.12374250000000003	1	Cells_EBV_transformedlymphocytes	Cells_EBV_transformedlymphocytes,Cells_Culturedfibroblasts,AdrenalGland	3.407,2.611,1.892	1	Cells_EBV_transformedlymphocytes	Cells_EBV_transformedlymphocytes	3.407	0.319
chr14	101836168	101836180	chr14	101836168	101836701	PPP2R5C	perfect	50	0.1385356	0.04078254714548209	0.05609	0.26146	0.12671500000000002	0.043685	1	Brain_Spinalcord_cervicalc_1	Brain_Spinalcord_cervicalc_1,Brain_Substantianigra,Heart_LeftVentricle	3.014,1.993,1.991	1	Brain_Spinalcord_cervicalc_1	Brain_Spinalcord_cervicalc_1	3.014	0.319
chr14	101836180	101836395	chr14	101836168	101836701	PPP2R5C	perfect	50	0.0987348	0.030043646769053745	0.0334	0.19242	0.091215	0.024489999999999998	1	Brain_Spinalcord_cervicalc_1	Brain_Spinalcord_cervicalc_1,Heart_LeftVentricle,WholeBlood	3.118,2.241,2.117	1	Brain_Spinalcord_cervicalc_1	Brain_Spinalcord_cervicalc_1	3.118	0.319
chr15	43879498	43879670	chr15	43879498	43879846	FRMD5	perfect	50	0.044806199999999984	0.15256278779558002	0	0.76778	0	0.01691	2	Heart_AtrialAppendage,Heart_LeftVentricle	Heart_LeftVentricle,Heart_AtrialAppendage,Cells_EBV_transformedlymphocytes	4.739,4.501,1.755	2	Heart_AtrialAppendage,Heart_LeftVentricle	Heart_LeftVentricle,Heart_AtrialAppendage	4.739,4.501	0.254
chr15	59004124	59004174	chr15	59004001	59004174	RNF111	perfect	50	0.016735800000000002	0.018583303356310282	0	0.12027	0.015519999999999999	0.015450000000000002	1	Testis	Testis,Cells_EBV_transformedlymphocytes,Cells_Culturedfibroblasts	5.571,1.549,1.121	1	Testis	Testis	5.571	0.213
chr15	63529141	63529166	chr15	63529013	63529166	USP3	perfect	50	0.0627752	0.06654772316257296	0.00462	0.35205	0.049935	0.0657825	2	Brain_CerebellarHemisphere,Brain_Cerebellum	Brain_Cerebellum,Brain_CerebellarHemisphere,Pituitary	4.347,4.089,0.81	2	Brain_CerebellarHemisphere,Brain_Cerebellum	Brain_Cerebellum,Brain_CerebellarHemisphere	4.347,4.089	0.156
chr15	64188374	64188485	chr15	64188374	64188485	CSNK1G1	perfect	50	0.0330424	0.05207011358559081	0	0.26506	0.008915	0.05258	1	Testis	Testis,Brain_CerebellarHemisphere,Brain_Cerebellum	4.456,2.464,2.16	1	Testis	Testis	4.456	0.216
chr15	65515655	65515692	chr15	65515655	65517338	DPP8	perfect	50	0.0411146	0.03584025050078729	0.00947	0.2386	0.036645	0.030602499999999998	1	Testis	Testis,Cells_EBV_transformedlymphocytes,Cells_Culturedfibroblasts	5.51,1.98,1.82	1	Testis	Testis	5.51	0.269
chr15	68055883	68055913	chr15	68055798	68055913	PIAS1	perfect	50	0.1089468	0.0971401865901827	0	0.54249	0.105145	0.12879999999999997	1	Testis	Testis,Cells_Culturedfibroblasts,Esophagus_Mucosa	4.463,1.441,1.203	1	Testis	Testis	4.463	0.094
chr15	71847414	71847468	chr15	71847414	71847468	MYO9A	perfect	50	0.023368800000000002	0.04033815030413744	0	0.25183	0.012299999999999998	0.020655	1	Testis	Testis,Cells_EBV_transformedlymphocytes,Brain_Cerebellum	5.664,2.611,1.325	1	Testis	Testis	5.664	0.304
chr15	71892964	71893177	chr15	71889471	71893180	MYO9A	perfect	50	0.058202	0.04371814025956618	0	0.23488	0.064905	0.0701575	1	Cells_Culturedfibroblasts	Cells_Culturedfibroblasts,Cells_EBV_transformedlymphocytes,Artery_Tibial	4.041,1.573,1.383	1	Cells_Culturedfibroblasts	Cells_Culturedfibroblasts	4.041	0.304
chr15	83283134	83283212	chr15	83283134	83283457	BNC1	perfect	50	0.018969800000000002	0.09312483016809607	0	0.65371	0	0	1	Testis	Testis,Cells_Culturedfibroblasts,Skin_SunExposed_Lowerleg	6.816,0.525,0.431	1	Testis	Testis	6.816	0.326
chr15	88072550	88072599	chr15	88072423	88072599	NTRK3	perfect	50	0.0036575999999999987	0.024526294973820587	0	0.17336	0	0	1	Testis	Testis,Artery_Tibial,Adipose_Subcutaneous	6.919,0.239,-0.149	1	Testis	Testis	6.919	0.259
chr16	475030	475045	chr16	474849	475098	RAB11FIP3	perfect	50	0.223902	0.1051551590047113	0.01384	0.55163	0.21399	0.11732750000000003	1	Liver	Liver,Kidney_Cortex,Spleen	3.117,2.162,2.118	1	Liver	Liver	3.117	0.245
chr16	497291	497298	chr16	497291	497448	RAB11FIP3	perfect	50	0.0335012	0.021625593646682362	0.01132	0.13083	0.026485	0.013787500000000001	1	Kidney_Cortex	Kidney_Cortex,Heart_AtrialAppendage,Testis	4.501,2.059,1.891	1	Kidney_Cortex	Kidney_Cortex	4.501	0.245
chr16	540189	540371	chr16	540104	540371	CAPN15	perfect	50	0.0669472	0.027925356558847654	0.0243	0.16393	0.062025000000000004	0.030879999999999998	1	Muscle_Skeletal	Muscle_Skeletal,Brain_FrontalCortex_BA9,Brain_Cerebellum	3.473,2.079,1.916	1	Muscle_Skeletal	Muscle_Skeletal	3.473	0.316
chr16	8936582	8936613	chr16	8936582	8936729	USP7	perfect	50	0.010848199999999999	0.04219264935932778	0	0.22011	0	0	2	Cells_Culturedfibroblasts,Testis	Testis,Cells_Culturedfibroblasts,Cells_EBV_transformedlymphocytes	4.96,3.525,2.965	2	Cells_Culturedfibroblasts,Testis	Testis,Cells_Culturedfibroblasts	4.96,3.525	0.061
chr16	24151849	24151855	chr16	24151684	24151855	PRKCB	perfect	50	0.0024174	0.017093599328403597	0	0.12087	0	0	1	Testis	Testis,Adipose_Subcutaneous,Adipose_Visceral_Omentum	6.93,-0.141,-0.141	1	Testis	Testis	6.93	0.081
chr16	53208317	53208347	chr16	53207988	53208347	CHD9	perfect	50	0.0762972	0.03050112711467079	0.02843	0.17987	0.07955000000000001	0.0482675	1	Cells_Culturedfibroblasts	Cells_Culturedfibroblasts,Cells_EBV_transformedlymphocytes,Pancreas	3.396,1.71,1.208	1	Cells_Culturedfibroblasts	Cells_Culturedfibroblasts	3.396	0.17
chr16	56213271	56213362	chr16	56213271	56213407	GNAO1	perfect	50	0.0026556000000000023	0.018777927681189955	0	0.13278	0	0	1	Testis	Testis,Adipose_Subcutaneous,Adipose_Visceral_Omentum	6.93,-0.141,-0.141	1	Testis	Testis	6.93	0.261
chr16	68138510	68138756	chr16	68138510	68138784	NFATC3	perfect	50	0.0124918	0.056956161003755466	0	0.40078	0	0	1	Testis	Testis,Cells_EBV_transformedlymphocytes,WholeBlood	6.817,0.601,0.422	1	Testis	Testis	6.817	0.264
chr16	68217710	68217745	chr16	68217710	68218090	NFATC3	perfect	50	0.0170232	0.017869665488001202	0	0.1196	0.014615	0.009625000000000002	1	Testis	Testis,Cells_EBV_transformedlymphocytes,Cells_Culturedfibroblasts	5.74,2,1.33	1	Testis	Testis	5.74	0.264
chr16	85169524	85171807	chr16	85169524	85171807	GSE1	perfect	50	0.0410742	0.03273855139290867	0	0.16326	0.03238	0.036865	2	Cells_Culturedfibroblasts,Muscle_Skeletal	Cells_Culturedfibroblasts,Muscle_Skeletal,Esophagus_Muscularis	3.732,3.586,1.413	2	Cells_Culturedfibroblasts,Muscle_Skeletal	Cells_Culturedfibroblasts,Muscle_Skeletal	3.732,3.586	0.128
chr16	85357462	85357643	chr16	85357462	85357643	GSE1	perfect	50	0.0410742	0.03273855139290867	0	0.16326	0.03238	0.036865	2	Cells_Culturedfibroblasts,Muscle_Skeletal	Cells_Culturedfibroblasts,Muscle_Skeletal,Esophagus_Muscularis	3.732,3.586,1.413	2	Cells_Culturedfibroblasts,Muscle_Skeletal	Cells_Culturedfibroblasts,Muscle_Skeletal	3.732,3.586	0.128
chr16	85556326	85556363	chr16	85555966	85556363	GSE1	perfect	50	0.0333938	0.023921448909260647	0.0067	0.14458	0.027795	0.019692500000000005	2	Cells_EBV_transformedlymphocytes,WholeBlood	Cells_EBV_transformedlymphocytes,WholeBlood,Cells_Culturedfibroblasts	4.648,3.286,1.684	2	Cells_EBV_transformedlymphocytes,WholeBlood	Cells_EBV_transformedlymphocytes,WholeBlood	4.648,3.286	0.128
chr16	88587541	88587613	chr16	88587541	88587613	ZC3H18	perfect	50	0.0408526	0.021837259752775857	0.01243	0.12392	0.040745	0.020245000000000003	1	Cells_Culturedfibroblasts	Cells_Culturedfibroblasts,Testis,Cells_EBV_transformedlymphocytes	3.804,2.721,2.591	1	Cells_Culturedfibroblasts	Cells_Culturedfibroblasts	3.804	0.126
chr16	89300816	89300839	chr16	89298867	89300962	ANKRD11	perfect	50	0.1132618	0.045425494131622175	0.04479	0.28325	0.11179	0.053752499999999995	1	WholeBlood	WholeBlood,AdrenalGland,Cells_EBV_transformedlymphocytes	3.742,2.392,1.473	1	WholeBlood	WholeBlood	3.742	0.107
chr16	89300839	89300962	chr16	89298867	89300962	ANKRD11	perfect	50	0.1165268	0.049046615537399404	0.04796	0.31779	0.11274500000000001	0.054952499999999974	1	WholeBlood	WholeBlood,AdrenalGland,Cells_EBV_transformedlymphocytes	4.104,2.149,1.874	1	WholeBlood	WholeBlood	4.104	0.107
chr17	864014	864050	chr17	863886	864111	NXN	perfect	50	0.4941514	0.09189248329300444	0.33729	0.83333	0.493255	0.10882249999999999	1	Cells_EBV_transformedlymphocytes	Cells_EBV_transformedlymphocytes,WholeBlood,Brain_Hypothalamus	3.691,1.877,1.433	1	Cells_EBV_transformedlymphocytes	Cells_EBV_transformedlymphocytes	3.691	0.218
chr17	1348003	1348008	chr17	1347961	1348008	YWHAE	perfect	50	0.0105858	0.050133291439635505	0	0.33664	0	0.00119	1	Muscle_Skeletal	Muscle_Skeletal,Heart_LeftVentricle,Heart_AtrialAppendage	6.504,1.981,0.93	1	Muscle_Skeletal	Muscle_Skeletal	6.504	0.235
chr17	2173097	2173150	chr17	2173097	2173178	SMG6	perfect	50	0.0782988	0.023912634747585402	0	0.18415	0.07668	0.01254000000000001	1	AdrenalGland	AdrenalGland,Cells_Culturedfibroblasts,Heart_AtrialAppendage	4.427,1.84,1.537	1	AdrenalGland	AdrenalGland	4.427	0.299
chr17	5336487	5336529	chr17	5336487	5336689	RABEP1	perfect	50	0.0712966	0.022960292841942478	0.0312	0.14779	0.06908	0.023274999999999997	1	Testis	Testis,Liver,Kidney_Cortex	3.332,2.185,2.139	1	Testis	Testis	3.332	0.266
chr17	7238785	7238807	chr17	7238785	7238930	PHF23	perfect	50	0.044837800000000004	0.05314021173484812	0	0.23147	0.0245	0.0813475	1	Spleen	Spleen,Lung,SmallIntestine_TerminalIleum	3.512,1.889,1.826	1	Spleen	Spleen	3.512	0.167
chr17	28047916	28048001	chr17	28047916	28048926	NLK	perfect	50	0.1450628	0.07879019508149217	0.04029	0.54712	0.13349	0.07585750000000002	1	Testis	Testis,Thyroid,Pituitary	5.103,1.315,1.259	1	Testis	Testis	5.103	0.113
chr17	29079733	29081000	chr17	29079726	29081000	MYO18A	perfect	50	0.08960420000000001	0.09936367781918654	0.01192	0.44109	0.054	0.053292499999999986	3	Heart_AtrialAppendage,Heart_LeftVentricle,Muscle_Skeletal	Muscle_Skeletal,Heart_LeftVentricle,Heart_AtrialAppendage	3.537,3.438,3.326	3	Heart_AtrialAppendage,Heart_LeftVentricle,Muscle_Skeletal	Muscle_Skeletal,Heart_LeftVentricle,Heart_AtrialAppendage	3.537,3.438,3.326	0.287
chr17	29124652	29124688	chr17	29124652	29124688	MYO18A	perfect	50	0.024418199999999998	0.026669807027760048	0.00152	0.11977	0.014499999999999999	0.025527499999999998	1	Muscle_Skeletal	Muscle_Skeletal,Artery_Tibial,Artery_Aorta	3.575,2.487,2.405	1	Muscle_Skeletal	Muscle_Skeletal	3.575	0.287
chr17	29674107	29674159	chr17	29673839	29674159	SSH2	perfect	50	0.0338344	0.0285362874006456	0	0.15844	0.02846	0.03354000000000001	1	Cells_EBV_transformedlymphocytes	Cells_EBV_transformedlymphocytes,Heart_AtrialAppendage,Cells_Culturedfibroblasts	4.367,1.698,1.542	1	Cells_EBV_transformedlymphocytes	Cells_EBV_transformedlymphocytes	4.367	0.278
chr17	31488242	31488272	chr17	31487999	31488432	RAB11FIP4	perfect	50	0.1544576	0.13819052936568177	0	0.745	0.16476000000000002	0.208945	1	Testis	Testis,Heart_AtrialAppendage,Cells_EBV_transformedlymphocytes	4.273,1.319,1.318	1	Testis	Testis	4.273	0.285
chr17	37328877	37328986	chr17	37328644	37328986	ACACA	perfect	50	0.05555	0.036344256093919544	0.01387	0.18222	0.04322	0.03565000000000001	1	Cells_EBV_transformedlymphocytes	Cells_EBV_transformedlymphocytes,Pancreas,Testis	3.485,2.557,2.036	1	Cells_EBV_transformedlymphocytes	Cells_EBV_transformedlymphocytes	3.485	0.216
chr17	38544811	38545459	chr17	38544577	38545459	SRCIN1	perfect	50	0.2796364	0.0986237221693169	0.10325	0.66667	0.2673	0.0786325	1	WholeBlood	WholeBlood,Artery_Aorta,Artery_Tibial	3.924,2.572,1.774	1	WholeBlood	WholeBlood	3.924	0.213
chr17	38547758	38547881	chr17	38547758	38547881	SRCIN1	perfect	50	0.2796364	0.0986237221693169	0.10325	0.66667	0.2673	0.0786325	1	WholeBlood	WholeBlood,Artery_Aorta,Artery_Tibial	3.924,2.572,1.774	1	WholeBlood	WholeBlood	3.924	0.213
chr17	39402172	39402220	chr17	39402172	39402523	FBXL20	perfect	50	0.0218968	0.03340970074449537	0	0.18702	0.01537	0.010812500000000003	2	Cells_Culturedfibroblasts,Cells_EBV_transformedlymphocytes	Cells_EBV_transformedlymphocytes,Cells_Culturedfibroblasts,Testis	4.942,3.885,1.455	2	Cells_Culturedfibroblasts,Cells_EBV_transformedlymphocytes	Cells_EBV_transformedlymphocytes,Cells_Culturedfibroblasts	4.942,3.885	0.257
chr17	42018437	42018475	chr17	42018437	42018526	DNAJC7	perfect	50	0.01709	0.033189593402210914	0	0.14196	0	0.0119825	1	Brain_FrontalCortex_BA9	Brain_FrontalCortex_BA9,Spleen,Prostate	3.762,2.444,2.095	1	Brain_FrontalCortex_BA9	Brain_FrontalCortex_BA9	3.762	0.291
chr17	50573205	50573250	chr17	50573205	50573674	CACNA1G	perfect	50	0.042005400000000005	0.0742897389352071	0	0.4375	0	0.08322500000000001	1	Cells_Culturedfibroblasts	Cells_Culturedfibroblasts,Brain_Amygdala,Brain_Spinalcord_cervicalc_1	5.324,1.198,1.195	1	Cells_Culturedfibroblasts	Cells_Culturedfibroblasts	5.324	0.211
chr17	50999475	50999487	chr17	50999475	50999487	SPAG9	perfect	50	0.003995400000000001	0.02774257637124364	0	0.19621	0	0	1	Muscle_Skeletal	Muscle_Skeletal,Heart_AtrialAppendage,Adipose_Subcutaneous	6.929,-0.016,-0.144	1	Muscle_Skeletal	Muscle_Skeletal	6.929	0.142
chr17	57985253	57985259	chr17	57985253	57985348	VEZF1	perfect	50	0.0218138	0.05653541674463714	0	0.29761	0.007925000000000001	0.0085775	2	Cells_Culturedfibroblasts,Cells_EBV_transformedlymphocytes	Cells_Culturedfibroblasts,Cells_EBV_transformedlymphocytes,Testis	4.878,4.542,0.881	2	Cells_Culturedfibroblasts,Cells_EBV_transformedlymphocytes	Cells_Culturedfibroblasts,Cells_EBV_transformedlymphocytes	4.878,4.542	0.24
chr17	60421384	60421551	chr17	60421207	60421551	USP32	perfect	50	0.0074606	0.01848970120507796	0	0.11359	0	0.008145000000000001	1	Testis	Testis,Spleen,Lung	5.74,2.211,1.541	1	Testis	Testis	5.74	0.224
chr17	60422245	60422337	chr17	60422245	60422470	USP32	perfect	50	0.0081072	0.022423673172132442	0	0.14592	0	0.008145000000000001	1	Testis	Testis,Spleen,Lung	6.146,1.794,1.242	1	Testis	Testis	6.146	0.224
chr17	67928958	67929120	chr17	67928958	67929120	BPTF	perfect	50	0.06911780000000001	0.03395118880969909	0.02546	0.22331	0.06341	0.022825000000000005	2	Brain_CerebellarHemisphere,Brain_Cerebellum	Brain_Cerebellum,Brain_CerebellarHemisphere,Cells_Culturedfibroblasts	4.542,4.09,1.048	2	Brain_CerebellarHemisphere,Brain_Cerebellum	Brain_Cerebellum,Brain_CerebellarHemisphere	4.542,4.09	0.099
chr17	67981435	67981439	chr17	67981435	67981762	BPTF	perfect	50	0.1801052	0.026801307327236474	0.13719	0.29083	0.180905	0.0267125	1	WholeBlood	WholeBlood,Spleen,Heart_LeftVentricle	4.131,2.096,1.669	1	WholeBlood	WholeBlood	4.131	0.099
chr17	68551083	68551121	chr17	68551083	68551319	PRKAR1A	perfect	50	0.0144358	0.01799499341823856	0.0025	0.12228	0.010284999999999999	0.00921	1	Testis	Testis,Heart_AtrialAppendage,WholeBlood	5.993,1.511,1.349	1	Testis	Testis	5.993	0.119
chr17	79092599	79092641	chr17	79091946	79092641	RBFOX3	perfect	50	0.0416562	0.050457798810248436	0	0.21244	0.01928	0.07799	1	Pituitary	Pituitary,Brain_Substantianigra,Brain_Hypothalamus	3.385,2.399,1.968	1	Pituitary	Pituitary	3.385	0.166
chr18	3845231	3845282	chr18	3845231	3845359	DLGAP1	perfect	50	0.2248558	0.24365465702539585	0	1	0.17222500000000002	0.3302475	2	Colon_Sigmoid,Spleen	Colon_Sigmoid,Spleen,Pituitary	3.181,3.181,1.919	2	Colon_Sigmoid,Spleen	Colon_Sigmoid,Spleen	3.181,3.181	0.254
chr18	3874613	3874706	chr18	3874613	3874767	DLGAP1	perfect	50	0.019311800000000007	0.04556100595949151	0	0.20583	0	0	1	Brain_Nucleusaccumbens_basalganglia	Brain_Nucleusaccumbens_basalganglia,Brain_Hippocampus,Brain_Anteriorcingulatecortex_BA24	4.094,2.505,2.342	1	Brain_Nucleusaccumbens_basalganglia	Brain_Nucleusaccumbens_basalganglia	4.094	0.254
chr18	21434946	21435075	chr18	21434946	21435075	GREB1L	perfect	50	0.0087914	0.031075123853169025	0	0.18845	0	0	1	Cells_Culturedfibroblasts	Cells_Culturedfibroblasts,Heart_AtrialAppendage,Heart_LeftVentricle	5.781,2.643,1.532	1	Cells_Culturedfibroblasts	Cells_Culturedfibroblasts	5.781	0.075
chr18	27933094	27933124	chr18	27932878	27933124	CDH2	perfect	50	0.006103600000000002	0.02742087308334768	0	0.19264	0	0	1	Testis	Testis,Spleen,Kidney_Cortex	6.803,0.515,0.438	1	Testis	Testis	6.803	0.29
chr18	28036469	28036548	chr18	28036469	28036585	CDH2	perfect	50	0.0026674	0.018861366281369973	0	0.13337	0	0	1	Testis	Testis,Adipose_Subcutaneous,Adipose_Visceral_Omentum	6.93,-0.141,-0.141	1	Testis	Testis	6.93	0.29
chr18	34023439	34023458	chr18	34023439	34023639	NOL4	perfect	50	0.0331842	0.06649442318460293	0	0.35484	0	0.0512175	2	Liver,Testis	Liver,Testis,Thyroid	4.837,3.26,1.332	2	Liver,Testis	Liver,Testis	4.837,3.26	0.221
chr18	44876564	44876750	chr18	44876564	44877414	SETBP1	perfect	50	0.1017758	0.04158488889056717	0.05132	0.33333	0.09817000000000001	0.043704999999999994	1	WholeBlood	WholeBlood,Cells_Culturedfibroblasts,Esophagus_Mucosa	5.568,1.16,1.091	1	WholeBlood	WholeBlood	5.568	0.11
chr18	46818379	46818447	chr18	46815710	46818447	PIAS2	perfect	50	0.2810412	0.0574994875093399	0.15257	0.52472	0.281875	0.06955	1	Testis	Testis,Ovary,Pancreas	4.238,1.375,1.182	1	Testis	Testis	4.238	0.254
chr18	50267590	50267663	chr18	50266745	50267663	MBD1	perfect	50	0.0555578	0.03196713307605236	0.01764	0.15225	0.039465	0.04559250000000001	1	Muscle_Skeletal	Muscle_Skeletal,Brain_CerebellarHemisphere,Brain_Amygdala	3.025,1.972,1.735	1	Muscle_Skeletal	Muscle_Skeletal	3.025	0.268
chr18	50275369	50275444	chr18	50275369	50275444	MBD1	perfect	50	0.0654604	0.09210443708339454	0.00999	0.60872	0.0298	0.0789075	1	Testis	Testis,Brain_FrontalCortex_BA9,Brain_Anteriorcingulatecortex_BA24	5.898,1.222,1.136	1	Testis	Testis	5.898	0.268
chr18	53530346	53530416	chr18	53530296	53530451	DCC	perfect	50	0.0102684	0.03294036636352525	0	0.15527	0	0	3	AdrenalGland,Lung,Testis	Testis,Lung,AdrenalGland	4.402,4.025,3.061	3	AdrenalGland,Lung,Testis	Testis,Lung,AdrenalGland	4.402,4.025,3.061	0.283
chr18	55321669	55321738	chr18	55321669	55322345	TCF4	perfect	50	0.0725648	0.03169192765564462	0	0.18561	0.06564500000000001	0.0387375	1	Cells_EBV_transformedlymphocytes	Cells_EBV_transformedlymphocytes,Brain_Hippocampus,Brain_Spinalcord_cervicalc_1	3.567,1.987,1.551	1	Cells_EBV_transformedlymphocytes	Cells_EBV_transformedlymphocytes	3.567	0.217
chr18	55631297	55631388	chr18	55631297	55631388	TCF4	perfect	50	0.003855000000000002	0.027258966414741407	0	0.19275	0	0	1	Testis	Testis,Adipose_Subcutaneous,Adipose_Visceral_Omentum	6.93,-0.141,-0.141	1	Testis	Testis	6.93	0.217
chr18	58149535	58149559	chr18	58149332	58149569	NEDD4L	perfect	50	0.019698399999999998	0.027546855767834503	0	0.11628	0.0039900000000000005	0.0289475	2	Cells_Culturedfibroblasts,Cells_EBV_transformedlymphocytes	Cells_Culturedfibroblasts,Cells_EBV_transformedlymphocytes,Adipose_Subcutaneous	3.506,3.124,1.689	2	Cells_Culturedfibroblasts,Cells_EBV_transformedlymphocytes	Cells_Culturedfibroblasts,Cells_EBV_transformedlymphocytes	3.506,3.124	0.198
chr18	58255640	58256774	chr18	58255439	58256774	NEDD4L	perfect	50	0.0069486	0.02719157012301978	0	0.16645	0	0.001515	1	Muscle_Skeletal	Muscle_Skeletal,Heart_LeftVentricle,Heart_AtrialAppendage	5.866,2.995,1.741	1	Muscle_Skeletal	Muscle_Skeletal	5.866	0.198
chr19	2227362	2227467	chr19	2227362	2227467	DOT1L	perfect	50	0.1029392	0.0472002988938997	0.0497	0.38469	0.0937	0.0309025	1	Testis	Testis,Liver,Kidney_Cortex	5.969,1.436,1.142	1	Testis	Testis	5.969	0.118
chr19	2227736	2228344	chr19	2227736	2228382	DOT1L	perfect	50	0.1074968	0.07541146728259758	0.0497	0.60258	0.0937	0.0313025	1	Testis	Testis,Liver,Kidney_Cortex	6.565,0.838,0.684	1	Testis	Testis	6.565	0.118
chr19	3637535	3637613	chr19	3636600	3638006	PIP5K1C	perfect	50	0.0224076	0.038009991358878795	0	0.25196	0.00872	0.0228125	1	Testis	Testis,Bladder,Esophagus_Muscularis	6.039,1.227,1.047	1	Testis	Testis	6.039	0.313
chr19	5140251	5140332	chr19	5140251	5141503	KDM4B	perfect	50	0.0238846	0.015304179662525437	0.00917	0.10233	0.02068	0.006784999999999999	1	Cells_EBV_transformedlymphocytes	Cells_EBV_transformedlymphocytes,WholeBlood,Spleen	5.126,2.634,2.315	1	Cells_EBV_transformedlymphocytes	Cells_EBV_transformedlymphocytes	5.126	0.171
chr19	10453263	10453329	chr19	10452938	10453329	PDE4A	perfect	50	0.0427898	0.11293418696600896	0	0.73953	0	0.0373275	1	Testis	Testis,Brain_CerebellarHemisphere,Brain_Cerebellum	6.169,1.136,0.955	1	Testis	Testis	6.169	0.307
chr19	11039457	11039553	chr19	11039457	11040495	SMARCA4	perfect	50	0.0215996	0.014984079573102287	0.00414	0.10705	0.020075	0.006144999999999998	1	Testis	Testis,Muscle_Skeletal,Brain_Spinalcord_cervicalc_1	5.703,2.291,1.44	1	Testis	Testis	5.703	0.055
chr19	13519430	13519503	chr19	13518796	13519503	CACNA1A	perfect	50	0.011745999999999998	0.024750880338909556	0	0.1085	0	0.0085325	1	Brain_Nucleusaccumbens_basalganglia	Brain_Nucleusaccumbens_basalganglia,Brain_Caudate_basalganglia,Brain_Putamen_basalganglia	3.909,2.778,2.594	1	Brain_Nucleusaccumbens_basalganglia	Brain_Nucleusaccumbens_basalganglia	3.909	0.134
chr19	13599752	13599946	chr19	13599752	13600056	CACNA1A	perfect	50	0.0118626	0.025195260552860557	0	0.1132	0	0.0085325	1	Brain_Nucleusaccumbens_basalganglia	Brain_Nucleusaccumbens_basalganglia,Brain_Caudate_basalganglia,Brain_Putamen_basalganglia	4.022,2.769,2.543	1	Brain_Nucleusaccumbens_basalganglia	Brain_Nucleusaccumbens_basalganglia	4.022	0.134
chr19	13983312	13983357	chr19	13983312	13983357	RFX1	perfect	50	0.0248896	0.021335919599184308	0	0.12492	0.02366	0.015192500000000001	1	Testis	Testis,Muscle_Skeletal,Cells_EBV_transformedlymphocytes	4.688,2.326,2.101	1	Testis	Testis	4.688	0.273
chr19	15249282	15249290	chr19	15247046	15249290	BRD4	perfect	50	0.3754926	0.08874294896531908	0.24281	0.69756	0.35329	0.13526	1	Muscle_Skeletal	Muscle_Skeletal,Heart_LeftVentricle,Brain_Spinalcord_cervicalc_1	3.629,1.869,1.843	1	Muscle_Skeletal	Muscle_Skeletal	3.629	0.048
chr19	16384272	16384275	chr19	16382988	16384275	EPS15L1	perfect	50	0.058174	0.03212245460415375	0.02826	0.23682	0.048424999999999996	0.021659999999999992	1	Testis	Testis,Prostate,Liver	5.561,1.794,1.35	1	Testis	Testis	5.561	0.245
chr19	19662074	19662116	chr19	19662074	19662116	ATP13A1	perfect	50	0.1296038	0.037020650215901986	0.02808	0.26475	0.1271	0.0320675	1	Cells_Culturedfibroblasts	Cells_Culturedfibroblasts,AdrenalGland,Cells_EBV_transformedlymphocytes	3.651,1.906,1.556	1	Cells_Culturedfibroblasts	Cells_Culturedfibroblasts	3.651	0.294
chr19	38173643	38173672	chr19	38173625	38173672	SIPA1L3	perfect	50	0.056775	0.061108872105448006	0	0.29014	0.046704999999999997	0.031169999999999996	2	Heart_AtrialAppendage,Muscle_Skeletal	Muscle_Skeletal,Heart_AtrialAppendage,Heart_LeftVentricle	3.819,3.316,2.48	2	Heart_AtrialAppendage,Muscle_Skeletal	Muscle_Skeletal,Heart_AtrialAppendage	3.819,3.316	0.2
chr19	38229558	38229590	chr19	38229558	38229714	DPF1	perfect	50	0.019373600000000005	0.043460939101586764	0	0.18514	0	0	1	Brain_FrontalCortex_BA9	Brain_FrontalCortex_BA9,Brain_Cortex,Cells_Culturedfibroblasts	3.814,2.996,2.43	1	Brain_FrontalCortex_BA9	Brain_FrontalCortex_BA9	3.814	0.285
chr19	40593165	40593181	chr19	40592882	40593181	LTBP4	perfect	50	0.0199122	0.03921846161944548	0	0.1595	0.002715	0.007050000000000002	1	Brain_Nucleusaccumbens_basalganglia	Brain_Nucleusaccumbens_basalganglia,Brain_Anteriorcingulatecortex_BA24,Brain_Amygdala	3.559,2.769,2.33	1	Brain_Nucleusaccumbens_basalganglia	Brain_Nucleusaccumbens_basalganglia	3.559	0.327
chr19	40599196	40599255	chr19	40599196	40599255	LTBP4	perfect	50	0.025118799999999997	0.03801550594702329	0	0.1595	0.00912	0.026235	1	Brain_Nucleusaccumbens_basalganglia	Brain_Nucleusaccumbens_basalganglia,Brain_Anteriorcingulatecortex_BA24,Brain_Amygdala	3.535,2.72,2.267	1	Brain_Nucleusaccumbens_basalganglia	Brain_Nucleusaccumbens_basalganglia	3.535	0.327
chr19	40599401	40599420	chr19	40599401	40599556	LTBP4	perfect	50	0.0199122	0.03921846161944548	0	0.1595	0.002715	0.007050000000000002	1	Brain_Nucleusaccumbens_basalganglia	Brain_Nucleusaccumbens_basalganglia,Brain_Anteriorcingulatecortex_BA24,Brain_Amygdala	3.559,2.769,2.33	1	Brain_Nucleusaccumbens_basalganglia	Brain_Nucleusaccumbens_basalganglia	3.559	0.327
chr19	40599420	40599556	chr19	40599401	40599556	LTBP4	perfect	50	0.025118799999999997	0.03801550594702329	0	0.1595	0.00912	0.026235	1	Brain_Nucleusaccumbens_basalganglia	Brain_Nucleusaccumbens_basalganglia,Brain_Anteriorcingulatecortex_BA24,Brain_Amygdala	3.535,2.72,2.267	1	Brain_Nucleusaccumbens_basalganglia	Brain_Nucleusaccumbens_basalganglia	3.535	0.327
chr19	40600067	40600177	chr19	40599675	40600177	LTBP4	perfect	50	0.025118799999999997	0.03801550594702329	0	0.1595	0.00912	0.026235	1	Brain_Nucleusaccumbens_basalganglia	Brain_Nucleusaccumbens_basalganglia,Brain_Anteriorcingulatecortex_BA24,Brain_Amygdala	3.535,2.72,2.267	1	Brain_Nucleusaccumbens_basalganglia	Brain_Nucleusaccumbens_basalganglia	3.535	0.327
chr19	42116708	42116782	chr19	42116708	42117005	POU2F2	perfect	50	0.013464400000000001	0.02914745048955082	0	0.10971	0	0	1	Testis	Testis,Brain_CerebellarHemisphere,Brain_Cerebellum	3.302,2.91,2.864	1	Testis	Testis	3.302	0.197
chr19	42116782	42116923	chr19	42116708	42117005	POU2F2	perfect	50	0.015473399999999998	0.035864176635677834	0	0.16165	0	0	1	Testis	Testis,Brain_Cerebellum,Brain_CerebellarHemisphere	4.076,2.971,2.907	1	Testis	Testis	4.076	0.197
chr19	42116923	42117005	chr19	42116708	42117005	POU2F2	perfect	50	0.022490199999999995	0.05327397091929799	0	0.21552	0	0	2	Brain_CerebellarHemisphere,Brain_Cerebellum	Brain_CerebellarHemisphere,Brain_Cerebellum,Testis	3.623,3.57,2.612	2	Brain_CerebellarHemisphere,Brain_Cerebellum	Brain_CerebellarHemisphere,Brain_Cerebellum	3.623,3.57	0.197
chr19	48513382	48513545	chr19	48513206	48513935	LMTK3	perfect	50	0.0714812	0.08546945826720674	0	0.35433	0.06447	0.1020625	1	Spleen	Spleen,Heart_LeftVentricle,Cells_EBV_transformedlymphocytes	3.309,2.63,2.303	1	Spleen	Spleen	3.309	0.182
chr19	48513545	48513586	chr19	48513206	48513935	LMTK3	perfect	50	0.0974004	0.11184642028446408	0	0.45669	0.08502	0.150345	1	Spleen	Spleen,Cells_EBV_transformedlymphocytes,Brain_CerebellarHemisphere	3.212,2.182,1.995	1	Spleen	Spleen	3.212	0.182
chr2	1830781	1830920	chr2	1829936	1830920	MYT1L	perfect	50	0.046958200000000005	0.17129928116996565	0	1	0	0.0020975	1	Vagina	Vagina,Artery_Coronary,Artery_Aorta	5.564,2.733,2.077	1	Vagina	Vagina	5.564	0.087
chr2	1972678	1972694	chr2	1972367	1972694	MYT1L	perfect	50	0.02123179999999999	0.1413374428875802	0	1	0	0	1	Liver	Liver,Testis,Pituitary	6.925,0.07,-0.018	1	Liver	Liver	6.925	0.087
chr2	9336035	9336044	chr2	9336035	9336044	ASAP2	perfect	50	0.0196982	0.04409657364124746	0	0.16989	0	0	2	Brain_CerebellarHemisphere,Brain_Cerebellum	Brain_CerebellarHemisphere,Brain_Cerebellum,Brain_FrontalCortex_BA9	3.406,3.031,2.549	2	Brain_CerebellarHemisphere,Brain_Cerebellum	Brain_CerebellarHemisphere,Brain_Cerebellum	3.406,3.031	0.22
chr2	12724628	12724821	chr2	12724628	12724825	TRIB2	perfect	50	0.1725772	0.05357286325850323	0.08696	0.33755	0.17481	0.07032499999999997	1	WholeBlood	WholeBlood,Cells_EBV_transformedlymphocytes,Muscle_Skeletal	3.079,2.126,1.959	1	WholeBlood	WholeBlood	3.079	0.24
chr2	24768078	24768120	chr2	24767770	24768135	NCOA1	perfect	50	0.5864878	0.05660808225592771	0.46672	0.76608	0.5824400000000001	0.06220249999999994	1	Muscle_Skeletal	Muscle_Skeletal,Cells_EBV_transformedlymphocytes,Cells_Culturedfibroblasts	3.173,1.807,1.524	1	Muscle_Skeletal	Muscle_Skeletal	3.173	0.247
chr2	27335326	27335428	chr2	27335326	27335428	GTF3C2	perfect	50	0.014032200000000002	0.03167019330602225	0	0.17289	0	0.006935	1	Testis	Testis,Cells_EBV_transformedlymphocytes,Cells_Culturedfibroblasts	5.016,2.027,2.006	1	Testis	Testis	5.016	0.285
chr2	36529152	36529163	chr2	36529152	36529512	CRIM1	perfect	50	0.0106024	0.01959033826420877	0	0.14286	0.008455	0.006490000000000001	1	WholeBlood	WholeBlood,Cells_EBV_transformedlymphocytes,AdrenalGland	6.751,0.255,0.237	1	WholeBlood	WholeBlood	6.751	0.238
chr2	46010683	46010734	chr2	46010683	46010964	PRKCE	perfect	50	0.0567368	0.062475975707238285	0.00327	0.29498	0.04288	0.04295	3	Liver,Testis,WholeBlood	Liver,WholeBlood,Testis	3.813,3.433,3.155	3	Liver,Testis,WholeBlood	Liver,WholeBlood,Testis	3.813,3.433,3.155	0.2
chr2	50656351	50656388	chr2	50656351	50656414	NRXN1	perfect	50	0.0048523999999999954	0.03353120815975859	0	0.23715	0	0	1	Testis	Testis,Pituitary,Adipose_Subcutaneous	6.928,0.018,-0.145	1	Testis	Testis	6.928	0.254
chr2	65242048	65242063	chr2	65241971	65242063	ACTR2	perfect	50	0.0083564	0.03162165815270495	0	0.21599	0	0.002675	1	Muscle_Skeletal	Muscle_Skeletal,Brain_CerebellarHemisphere,Brain_FrontalCortex_BA9	6.566,1.445,0.773	1	Muscle_Skeletal	Muscle_Skeletal	6.566	0.195
chr2	69145325	69145327	chr2	69145325	69146401	ANTXR1	perfect	50	0.0588356	0.037067813099777004	0	0.27378	0.05609	0.030982499999999996	1	Cells_Culturedfibroblasts	Cells_Culturedfibroblasts,Bladder,Prostate	5.799,0.867,0.79	1	Cells_Culturedfibroblasts	Cells_Culturedfibroblasts	5.799	0.3
chr2	69145327	69145376	chr2	69145325	69146401	ANTXR1	perfect	50	0.0588992	0.037444945210213874	0	0.27696	0.05609	0.030982499999999996	1	Cells_Culturedfibroblasts	Cells_Culturedfibroblasts,Bladder,Prostate	5.824,0.857,0.781	1	Cells_Culturedfibroblasts	Cells_Culturedfibroblasts	5.824	0.3
chr2	86239921	86240071	chr2	86239921	86240071	REEP1	perfect	50	0.0039910000000000015	0.02391775237290136	0	0.16821	0	0	1	Muscle_Skeletal	Muscle_Skeletal,Heart_AtrialAppendage,Heart_LeftVentricle	6.866,0.679,0.298	1	Muscle_Skeletal	Muscle_Skeletal	6.866	0.23
chr2	96606969	96607047	chr2	96606969	96607047	KANSL3	perfect	50	0.017761600000000002	0.06859838114231954	0	0.43559	0	0	1	Muscle_Skeletal	Muscle_Skeletal,Brain_Cerebellum,Brain_CerebellarHemisphere	6.091,2.223,1.455	1	Muscle_Skeletal	Muscle_Skeletal	6.091	0.16
chr2	98581575	98581753	chr2	98581575	98582164	INPP4A	perfect	50	0.030389	0.027803739746256276	0.00539	0.18378	0.02419	0.015950000000000002	1	Muscle_Skeletal	Muscle_Skeletal,Cells_Culturedfibroblasts,Artery_Tibial	5.517,2.674,1.255	1	Muscle_Skeletal	Muscle_Skeletal	5.517	0.249
chr2	100011496	100011571	chr2	100011496	100011571	AFF3	perfect	50	0.029043200000000005	0.03947811635809988	0	0.16175	0.00272	0.0477375	2	Brain_CerebellarHemisphere,Brain_Cerebellum	Brain_Cerebellum,Brain_CerebellarHemisphere,Brain_Cortex	3.362,3.09,1.439	2	Brain_CerebellarHemisphere,Brain_Cerebellum	Brain_Cerebellum,Brain_CerebellarHemisphere	3.362,3.09	0.221
chr2	115161956	115162028	chr2	115161601	115162028	DPP10	perfect	50	0.038626	0.07136173615989946	0	0.41722	0.004775	0.044349999999999994	1	Testis	Testis,MinorSalivaryGland,SmallIntestine_TerminalIleum	5.305,2.007,1.615	1	Testis	Testis	5.305	0.178
chr2	121444938	121444962	chr2	121444938	121444962	CLASP1	perfect	50	0.017871800000000004	0.06315045619076744	0	0.34655	0	0.001055	2	Brain_CerebellarHemisphere,Brain_Cerebellum	Brain_CerebellarHemisphere,Brain_Cerebellum,Brain_Hypothalamus	5.205,4.226,0.564	2	Brain_CerebellarHemisphere,Brain_Cerebellum	Brain_CerebellarHemisphere,Brain_Cerebellum	5.205,4.226	0.176
chr2	127485907	127486033	chr2	127485873	127486033	IWS1	perfect	50	0.1388358	0.10941933150266363	0.02481	0.5133	0.1005	0.08847000000000002	2	Heart_LeftVentricle,Muscle_Skeletal	Heart_LeftVentricle,Muscle_Skeletal,Heart_AtrialAppendage	3.422,3.272,2.772	2	Heart_LeftVentricle,Muscle_Skeletal	Heart_LeftVentricle,Muscle_Skeletal	3.422,3.272	0.267
chr2	144513696	144513797	chr2	144511384	144514451	ZEB2	perfect	50	0.0788536	0.048262266951162855	0.02041	0.33363	0.075455	0.05005000000000001	1	WholeBlood	WholeBlood,Cells_EBV_transformedlymphocytes,Kidney_Cortex	5.279,1.554,1.273	1	WholeBlood	WholeBlood	5.279	0.107
chr2	148691620	148691838	chr2	148691541	148692833	EPC2	perfect	50	0.0520296	0.019722867175759537	0.00694	0.11405	0.05219	0.024395	1	Brain_Spinalcord_cervicalc_1	Brain_Spinalcord_cervicalc_1,WholeBlood,Brain_Substantianigra	3.145,2.616,1.389	1	Brain_Spinalcord_cervicalc_1	Brain_Spinalcord_cervicalc_1	3.145	0.159
chr2	148947942	148947960	chr2	148947899	148947960	KIF5C	perfect	50	0.0302088	0.05268336261562843	0	0.32857	0.00648	0.056729999999999996	1	Testis	Testis,Brain_Putamen_basalganglia,Brain_Amygdala	5.663,0.937,0.882	1	Testis	Testis	5.663	0.117
chr2	152643418	152643507	chr2	152643418	152643544	FMNL2	perfect	50	0.566909	0.08564605806600148	0.32361	0.85714	0.5609649999999999	0.06549249999999995	1	WholeBlood	WholeBlood,Spleen,Liver	3.389,2.196,2.011	1	WholeBlood	WholeBlood	3.389	0.288
chr2	159397073	159397100	chr2	159397073	159397100	BAZ2B	perfect	50	0.0815352	0.03408634421882291	0.02128	0.19954	0.07594000000000001	0.039877499999999996	1	Cells_Culturedfibroblasts	Cells_Culturedfibroblasts,Cells_EBV_transformedlymphocytes,Muscle_Skeletal	3.462,2.116,1.706	1	Cells_Culturedfibroblasts	Cells_Culturedfibroblasts	3.462	0.288
chr2	165122896	165122899	chr2	165121046	165122899	SCN3A	perfect	50	0.049483599999999996	0.06122799375635764	0	0.33333	0.03333	0.06247	1	Vagina	Vagina,Brain_Putamen_basalganglia,Brain_Caudate_basalganglia	4.636,2.052,1.52	1	Vagina	Vagina	4.636	0.174
chr2	165309164	165309256	chr2	165309164	165309256	SCN2A	perfect	50	0.008936000000000001	0.03354373897599663	0	0.21615	0	0	1	Pituitary	Pituitary,Kidney_Cortex,Brain_Hypothalamus	6.177,1.887,1.476	1	Pituitary	Pituitary	6.177	0.127
chr2	177213292	177213418	chr2	177213265	177213418	HNRNPA3	perfect	50	0.0214698	0.027405845979220106	0	0.13008	0.012855	0.0313425	2	Pancreas,WholeBlood	WholeBlood,Pancreas,Cells_EBV_transformedlymphocytes	3.963,3.215,2.01	2	Pancreas,WholeBlood	WholeBlood,Pancreas	3.963,3.215	0.233
chr2	177558751	177558783	chr2	177558751	177559299	AGPS	perfect	50	0.0144098	0.018753636653041077	0	0.11215	0.009600000000000001	0.0229525	1	Testis	Testis,Pituitary,Brain_Spinalcord_cervicalc_1	5.212,1.689,1.662	1	Testis	Testis	5.212	0.117
chr2	178320363	178320402	chr2	178320243	178320402	OSBPL6	perfect	50	0.040059199999999996	0.05418939156818991	0	0.23529	0	0.0658175	1	Testis	Testis,Pituitary,Brain_Cortex	3.603,2.599,1.83	1	Testis	Testis	3.603	0.202
chr2	178344285	178344360	chr2	178344285	178344360	OSBPL6	perfect	50	0.040059199999999996	0.05418939156818991	0	0.23529	0	0.0658175	1	Testis	Testis,Pituitary,Brain_Cortex	3.603,2.599,1.83	1	Testis	Testis	3.603	0.202
chr2	201141373	201141407	chr2	201141373	201141602	CFLAR	perfect	50	0.1573312	0.04733817933782845	0.04833	0.33571	0.159625	0.05313250000000003	1	Cells_EBV_transformedlymphocytes	Cells_EBV_transformedlymphocytes,Cells_Culturedfibroblasts,Esophagus_Mucosa	3.768,2.106,1.405	1	Cells_EBV_transformedlymphocytes	Cells_EBV_transformedlymphocytes	3.768	0.173
chr2	201141407	201141430	chr2	201141373	201141602	CFLAR	perfect	50	0.145221	0.04676365688333239	0.04372	0.30493	0.14443	0.05382249999999998	1	Cells_EBV_transformedlymphocytes	Cells_EBV_transformedlymphocytes,Cells_Culturedfibroblasts,Brain_Hypothalamus	3.415,2.086,1.393	1	Cells_EBV_transformedlymphocytes	Cells_EBV_transformedlymphocytes	3.415	0.173
chr2	203477075	203477156	chr2	203477075	203477156	RAPH1	perfect	50	0.0165662	0.020628438750067975	0	0.10949	0.013225	0.02023	1	Testis	Testis,Brain_Cerebellum,Cells_Culturedfibroblasts	4.505,2.026,1.837	1	Testis	Testis	4.505	0.223
chr2	206605789	206605880	chr2	206605789	206605880	ADAM23	perfect	50	0.0517486	0.0989656741359532	0	0.48434	0.00841	0.0493875	2	Cells_Culturedfibroblasts,Cells_EBV_transformedlymphocytes	Cells_Culturedfibroblasts,Cells_EBV_transformedlymphocytes,Artery_Aorta	4.371,3.519,1.576	2	Cells_Culturedfibroblasts,Cells_EBV_transformedlymphocytes	Cells_Culturedfibroblasts,Cells_EBV_transformedlymphocytes	4.371,3.519	0.275
chr2	211657949	211657994	chr2	211657949	211657994	ERBB4	perfect	50	0.008163400000000001	0.02615002186052855	0	0.13459	0	0	2	Artery_Aorta,Artery_Tibial	Artery_Aorta,Artery_Tibial,Heart_AtrialAppendage	4.835,3.763,1.982	2	Artery_Aorta,Artery_Tibial	Artery_Aorta,Artery_Tibial	4.835,3.763	0.265
chr2	218528757	218528800	chr2	218528270	218528800	USP37	perfect	50	0.004381000000000002	0.02121863392186698	0	0.14286	0	0	1	WholeBlood	WholeBlood,Pancreas,Ovary	6.526,2.038,0.539	1	WholeBlood	WholeBlood	6.526	0.189
chr2	219442050	219442083	chr2	219442015	219442083	SPEG	perfect	50	0.0364446	0.01964703126662745	0	0.10686	0.03627	0.022719999999999997	1	Cells_Culturedfibroblasts	Cells_Culturedfibroblasts,Skin_NotSunExposed_Suprapubic,Pancreas	3.584,1.369,1.316	1	Cells_Culturedfibroblasts	Cells_Culturedfibroblasts	3.584	0.293
chr2	219443107	219443150	chr2	219443107	219443637	SPEG	perfect	50	0.0364446	0.01964703126662745	0	0.10686	0.03627	0.022719999999999997	1	Cells_Culturedfibroblasts	Cells_Culturedfibroblasts,Skin_NotSunExposed_Suprapubic,Pancreas	3.584,1.369,1.316	1	Cells_Culturedfibroblasts	Cells_Culturedfibroblasts	3.584	0.293
chr2	219444029	219444059	chr2	219443673	219444059	SPEG	perfect	50	0.0362274	0.019737135909710084	0	0.10686	0.035345	0.023934999999999998	1	Cells_Culturedfibroblasts	Cells_Culturedfibroblasts,Skin_NotSunExposed_Suprapubic,Pancreas	3.579,1.374,1.321	1	Cells_Culturedfibroblasts	Cells_Culturedfibroblasts	3.579	0.293
chr2	227532137	227532209	chr2	227532137	227532209	AGFG1	perfect	50	0.0102828	0.030287578449366515	0	0.15896	0.00182	0.003495	2	Heart_LeftVentricle,Muscle_Skeletal	Muscle_Skeletal,Heart_LeftVentricle,Testis	4.909,3.51,2.109	2	Heart_LeftVentricle,Muscle_Skeletal	Muscle_Skeletal,Heart_LeftVentricle	4.909,3.51	0.278
chr2	232340723	232340927	chr2	232340723	232340999	DIS3L2	perfect	50	0.0416508	0.023809311918676194	0	0.14364	0.038735	0.017345	2	Brain_CerebellarHemisphere,Brain_Cerebellum	Brain_Cerebellum,Brain_CerebellarHemisphere,Ovary	4.284,3.535,1.496	2	Brain_CerebellarHemisphere,Brain_Cerebellum	Brain_Cerebellum,Brain_CerebellarHemisphere	4.284,3.535	0.325
chr2	233273990	233274041	chr2	233273990	233274041	ATG16L1	perfect	50	0.0605328	0.1258284640105938	0	0.61151	0	0.05762	2	Heart_LeftVentricle,Muscle_Skeletal	Muscle_Skeletal,Heart_LeftVentricle,Heart_AtrialAppendage	4.379,3.506,2.138	2	Heart_LeftVentricle,Muscle_Skeletal	Muscle_Skeletal,Heart_LeftVentricle	4.379,3.506	0.319
chr2	235670099	235671057	chr2	235669603	235671057	AGAP1	perfect	50	0.021587	0.0461410464593874	0	0.33333	0.01351	0.015209999999999998	1	WholeBlood	WholeBlood,Pituitary,Adipose_Subcutaneous	6.756,0.412,0.296	1	WholeBlood	WholeBlood	6.756	0.231
chr2	235852685	235852850	chr2	235852685	235853202	AGAP1	perfect	50	0.0119302	0.03704746070727578	0	0.25	0	0.0070275	1	Cells_EBV_transformedlymphocytes	Cells_EBV_transformedlymphocytes,Testis,Prostate	6.426,1.6,0.859	1	Cells_EBV_transformedlymphocytes	Cells_EBV_transformedlymphocytes	6.426	0.231
chr2	240728388	240728412	chr2	240728388	240728412	KIF1A	perfect	50	0.012963399999999998	0.025377351433021965	0	0.125	0	0.0181175	2	Spleen,Thyroid	Thyroid,Spleen,Ovary	4.415,3.867,1.878	2	Spleen,Thyroid	Thyroid,Spleen	4.415,3.867	0.136
chr2	240734718	240734745	chr2	240734718	240734745	KIF1A	perfect	50	0.018074200000000002	0.027530479219977862	0	0.125	4.75e-4	0.02477	2	Spleen,Thyroid	Thyroid,Spleen,Testis	3.884,3.379,2.384	2	Spleen,Thyroid	Thyroid,Spleen	3.884,3.379	0.136
chr20	8651412	8651562	chr20	8651412	8653531	PLCB1	perfect	50	0.1451576	0.07022928691835925	0.07478	0.5	0.13239499999999998	0.0568825	1	Cells_EBV_transformedlymphocytes	Cells_EBV_transformedlymphocytes,WholeBlood,Cells_Culturedfibroblasts	5.053,2.49,1.949	1	Cells_EBV_transformedlymphocytes	Cells_EBV_transformedlymphocytes	5.053	0.296
chr20	8792624	8792633	chr20	8792586	8792790	PLCB1	perfect	50	0.0268902	0.03593130540520966	0	0.21717	0.021159999999999998	0.0310825	1	Testis	Testis,WholeBlood,Cells_Culturedfibroblasts	5.296,2.591,1.392	1	Testis	Testis	5.296	0.296
chr20	34697140	34697243	chr20	34696917	34697246	NCOA6	perfect	50	0.0196864	0.01676477864757065	0	0.10677	0.0158	0.0179075	1	Testis	Testis,Colon_Transverse,Esophagus_Muscularis	5.194,1.147,1.123	1	Testis	Testis	5.194	0.266
chr20	37386459	37386477	chr20	37386459	37386477	SRC	perfect	50	0.029023199999999992	0.056437562156812546	0	0.20321	0	0	1	Brain_Nucleusaccumbens_basalganglia	Brain_Nucleusaccumbens_basalganglia,Brain_FrontalCortex_BA9,Brain_Anteriorcingulatecortex_BA24	3.086,2.169,1.952	1	Brain_Nucleusaccumbens_basalganglia	Brain_Nucleusaccumbens_basalganglia	3.086	0.244
chr20	42116038	42116098	chr20	42116038	42116098	PTPRT	perfect	50	0.0255448	0.057117457577900516	0	0.26923	0	0.03459	2	Breast_MammaryTissue,MinorSalivaryGland	Breast_MammaryTissue,MinorSalivaryGland,Skin_NotSunExposed_Suprapubic	4.266,3.532,2.835	2	Breast_MammaryTissue,MinorSalivaryGland	Breast_MammaryTissue,MinorSalivaryGland	4.266,3.532	0.18
chr20	47356379	47356414	chr20	47356379	47356414	ZMYND8	perfect	50	0.0310904	0.043554246493216216	0	0.1967	0.01264	0.039557499999999995	2	Liver,Pancreas	Liver,Pancreas,Adipose_Subcutaneous	3.802,3.255,2.105	2	Liver,Pancreas	Liver,Pancreas	3.802,3.255	0.131
chr20	53185645	53185676	chr20	53185282	53185676	TSHZ2	perfect	50	0.025297399999999998	0.05047106678977529	0	0.32031	0	0.0314375	1	Cells_Culturedfibroblasts	Cells_Culturedfibroblasts,Skin_SunExposed_Lowerleg,Bladder	5.845,1.393,1.37	1	Cells_Culturedfibroblasts	Cells_Culturedfibroblasts	5.845	0.307
chr21	33557545	33557548	chr21	33557545	33559056	SON	perfect	50	0.0863324	0.026885476054812146	0.04727	0.1874	0.07946500000000001	0.020267500000000008	1	Cells_EBV_transformedlymphocytes	Cells_EBV_transformedlymphocytes,Skin_SunExposed_Lowerleg,Skin_NotSunExposed_Suprapubic	3.759,2.565,2.337	1	Cells_EBV_transformedlymphocytes	Cells_EBV_transformedlymphocytes	3.759	0.118
chr21	33817230	33817578	chr21	33817230	33817736	ITSN1	perfect	50	0.0599158	0.04262080526202752	0.01183	0.28125	0.05702	0.039354999999999994	1	WholeBlood	WholeBlood,Esophagus_Mucosa,Cells_EBV_transformedlymphocytes	5.193,2.058,1.064	1	WholeBlood	WholeBlood	5.193	0.221
chr21	38575661	38575700	chr21	38575661	38575747	ERG	perfect	50	0.03716160000000002	0.1390855140619525	0	0.70208	0	0	2	Artery_Aorta,Artery_Tibial	Artery_Aorta,Artery_Tibial,Artery_Coronary	4.781,4.262,2.171	2	Artery_Aorta,Artery_Tibial	Artery_Aorta,Artery_Tibial	4.781,4.262	0.329
chr21	44059464	44059502	chr21	44059464	44060262	TRAPPC10	perfect	50	0.0882426	0.037988090980823806	0.03662	0.23194	0.08607	0.046475	1	Testis	Testis,Cells_Culturedfibroblasts,WholeBlood	3.783,2.579,2.478	1	Testis	Testis	3.783	0.204
chr22	17477099	17477159	chr22	17477092	17477159	CECR2	perfect	50	0.3545038	0.13971495509465703	0	1	0.36966	0.118815	1	Cells_EBV_transformedlymphocytes	Cells_EBV_transformedlymphocytes,Adipose_Subcutaneous,Artery_Aorta	4.62,1.041,1.041	1	Cells_EBV_transformedlymphocytes	Cells_EBV_transformedlymphocytes	4.62	0.167
chr22	17793728	17793794	chr22	17793728	17793794	MICAL3	perfect	50	0.029927799999999997	0.045269394323407534	0	0.20935	0	0.052820000000000006	1	Muscle_Skeletal	Muscle_Skeletal,WholeBlood,Liver	3.963,2.686,1.627	1	Muscle_Skeletal	Muscle_Skeletal	3.963	0.281
chr22	17803574	17803810	chr22	17803553	17803861	MICAL3	perfect	50	0.0288892	0.024285259478094262	0	0.13986	0.02373	0.008645	2	Cells_EBV_transformedlymphocytes,Liver	Cells_EBV_transformedlymphocytes,Liver,Testis	4.569,4.297,1.532	2	Cells_EBV_transformedlymphocytes,Liver	Cells_EBV_transformedlymphocytes,Liver	4.569,4.297	0.281
chr22	17884274	17884358	chr22	17884274	17884358	MICAL3	perfect	50	0.1140758	0.07046772658574466	0.02352	0.32555	0.09698	0.09480749999999999	1	Brain_Substantianigra	Brain_Substantianigra,Brain_Spinalcord_cervicalc_1,Brain_Hypothalamus	3.001,2.83,2.256	1	Brain_Substantianigra	Brain_Substantianigra	3.001	0.281
chr22	20243405	20243684	chr22	20243405	20243684	RTN4R	perfect	50	0.028338800000000004	0.11826796931493141	0	0.76923	0	0	1	Cells_Culturedfibroblasts	Cells_Culturedfibroblasts,Cells_EBV_transformedlymphocytes,Testis	6.265,2.579,0.813	1	Cells_Culturedfibroblasts	Cells_Culturedfibroblasts	6.265	0.3
chr22	28028989	28029116	chr22	28028814	28029116	TTC28	perfect	50	0.004797599999999996	0.03392415493420581	0	0.23988	0	0	1	Testis	Testis,Adipose_Subcutaneous,Adipose_Visceral_Omentum	6.93,-0.141,-0.141	1	Testis	Testis	6.93	0.174
chr22	29274264	29274267	chr22	29274264	29274453	EWSR1	perfect	50	0.029573400000000007	0.05624972357700783	0	0.21095	0	0.0366	1	Brain_CerebellarHemisphere	Brain_CerebellarHemisphere,Brain_FrontalCortex_BA9,Brain_Cerebellum	3.224,2.804,2.431	1	Brain_CerebellarHemisphere	Brain_CerebellarHemisphere	3.224	0.218
chr22	29274267	29274282	chr22	29274264	29274453	EWSR1	perfect	50	0.03025099999999999	0.0578165333408275	0	0.2179	0	0.0366	1	Brain_CerebellarHemisphere	Brain_CerebellarHemisphere,Brain_FrontalCortex_BA9,Brain_Cerebellum	3.246,2.796,2.459	1	Brain_CerebellarHemisphere	Brain_CerebellarHemisphere	3.246	0.218
chr22	35752612	35752655	chr22	35752612	35752655	RBFOX2	perfect	50	0.013232800000000003	0.048811503915050396	0	0.27908	0	0.003175	2	Heart_LeftVentricle,Muscle_Skeletal	Muscle_Skeletal,Heart_LeftVentricle,Heart_AtrialAppendage	5.446,3.114,2.615	2	Heart_LeftVentricle,Muscle_Skeletal	Muscle_Skeletal,Heart_LeftVentricle	5.446,3.114	0.194
chr22	35840191	35840218	chr22	35840191	35840587	RBFOX2	perfect	50	0.637543	0.11160656001219238	0.17195	1	0.62866	0.10214250000000002	1	WholeBlood	WholeBlood,Brain_Nucleusaccumbens_basalganglia,Brain_Amygdala	3.248,1.186,1.153	1	WholeBlood	WholeBlood	3.248	0.194
chr22	37971244	37971298	chr22	37970685	37971298	SOX10	perfect	50	0.111739	0.07034996428207904	0	0.33333	0.102015	0.04267749999999999	1	Spleen	Spleen,Pituitary,Uterus	3.15,2.658,2.166	1	Spleen	Spleen	3.15	0.209
chr22	46390845	46391075	chr22	46390527	46391075	CELSR1	perfect	50	0.026476399999999997	0.029696874140459396	0	0.14286	0.025795	0.04428	1	Cells_EBV_transformedlymphocytes	Cells_EBV_transformedlymphocytes,Heart_AtrialAppendage,WholeBlood	3.919,2.562,1.514	1	Cells_EBV_transformedlymphocytes	Cells_EBV_transformedlymphocytes	3.919	0.25
chr22	50697564	50697715	chr22	50697563	50697715	SHANK3	perfect	50	0.6557568	0.11101306592414044	0.5344	1	0.608395	0.17751749999999988	1	WholeBlood	WholeBlood,Cells_Culturedfibroblasts,Brain_Spinalcord_cervicalc_1	3.101,2.911,1.697	1	WholeBlood	WholeBlood	3.101	0.123
chr22	50698689	50698803	chr22	50697998	50698803	SHANK3	perfect	50	0.6557568	0.11101306592414044	0.5344	1	0.608395	0.17751749999999988	1	WholeBlood	WholeBlood,Cells_Culturedfibroblasts,Brain_Spinalcord_cervicalc_1	3.101,2.911,1.697	1	WholeBlood	WholeBlood	3.101	0.123
chr22	50703859	50703935	chr22	50703859	50703935	SHANK3	perfect	50	0.6557568	0.11101306592414044	0.5344	1	0.608395	0.17751749999999988	1	WholeBlood	WholeBlood,Cells_Culturedfibroblasts,Brain_Spinalcord_cervicalc_1	3.101,2.911,1.697	1	WholeBlood	WholeBlood	3.101	0.123
chr22	50704165	50704248	chr22	50704165	50704248	SHANK3	perfect	50	0.6557568	0.11101306592414044	0.5344	1	0.608395	0.17751749999999988	1	WholeBlood	WholeBlood,Cells_Culturedfibroblasts,Brain_Spinalcord_cervicalc_1	3.101,2.911,1.697	1	WholeBlood	WholeBlood	3.101	0.123
chr22	50704737	50704862	chr22	50704737	50704862	SHANK3	perfect	50	0.6557568	0.11101306592414044	0.5344	1	0.608395	0.17751749999999988	1	WholeBlood	WholeBlood,Cells_Culturedfibroblasts,Brain_Spinalcord_cervicalc_1	3.101,2.911,1.697	1	WholeBlood	WholeBlood	3.101	0.123
chr22	50704963	50705096	chr22	50704963	50705096	SHANK3	perfect	50	0.6557568	0.11101306592414044	0.5344	1	0.608395	0.17751749999999988	1	WholeBlood	WholeBlood,Cells_Culturedfibroblasts,Brain_Spinalcord_cervicalc_1	3.101,2.911,1.697	1	WholeBlood	WholeBlood	3.101	0.123
chr22	50705899	50706071	chr22	50705375	50706152	SHANK3	perfect	50	0.0664454	0.05733938291881248	0	0.33333	0.0548	0.0232425	2	Cells_EBV_transformedlymphocytes,Pituitary	Cells_EBV_transformedlymphocytes,Pituitary,Brain_Cerebellum	4.654,3.721,1.336	2	Cells_EBV_transformedlymphocytes,Pituitary	Cells_EBV_transformedlymphocytes,Pituitary	4.654,3.721	0.123
chr3	10332032	10332037	chr3	10331910	10332037	ATP2B2	perfect	50	0.0203216	0.06814824732679693	0	0.40329	0	0.0085275	1	Muscle_Skeletal	Muscle_Skeletal,Uterus,Nerve_Tibial	5.62,2.832,2.445	1	Muscle_Skeletal	Muscle_Skeletal	5.62	0.148
chr3	10336128	10336300	chr3	10336128	10336300	ATP2B2	perfect	50	0.0223106	0.0682963118019934	0	0.40329	0	0.0139325	1	Muscle_Skeletal	Muscle_Skeletal,Uterus,Nerve_Tibial	5.578,2.797,2.411	1	Muscle_Skeletal	Muscle_Skeletal	5.578	0.148
chr3	13022032	13022100	chr3	13022032	13022596	IQSEC1	perfect	50	0.0122462	0.034619907914967316	0	0.23492	0.004875	0.0056099999999999995	1	Cells_EBV_transformedlymphocytes	Cells_EBV_transformedlymphocytes,AdrenalGland,Spleen	6.432,1.607,1.32	1	Cells_EBV_transformedlymphocytes	Cells_EBV_transformedlymphocytes	6.432	0.224
chr3	24165026	24165354	chr3	24165026	24165595	THRB	perfect	50	0.011202999999999996	0.05363668434143611	0	0.35714	0	0	1	Testis	Testis,Pituitary,Vagina	6.45,2.342,0.194	1	Testis	Testis	6.45	0.223
chr3	25174397	25174575	chr3	25174118	25174575	RARB	perfect	50	0.030807200000000003	0.06195022175645114	0	0.3432	0	0.04878	1	Esophagus_Muscularis	Esophagus_Muscularis,Esophagus_GastroesophagealJunction,Stomach	5.043,2.615,1.352	1	Esophagus_Muscularis	Esophagus_Muscularis	5.043	0.12
chr3	25462308	25462323	chr3	25462308	25466868	RARB	perfect	50	0.0336228	0.04711229516023716	0	0.33333	0.02564	0.012480000000000002	1	Testis	Testis,Skin_NotSunExposed_Suprapubic,Skin_SunExposed_Lowerleg	6.362,1.56,0.878	1	Testis	Testis	6.362	0.12
chr3	32695625	32695827	chr3	32695540	32695827	CNOT10	perfect	50	0.003999199999999999	0.02827861439321241	0	0.19996	0	0	1	Testis	Testis,Adipose_Subcutaneous,Adipose_Visceral_Omentum	6.93,-0.141,-0.141	1	Testis	Testis	6.93	0.305
chr3	50373064	50373085	chr3	50373064	50373085	CACNA2D2	perfect	50	0.018730999999999998	0.03214569976319237	0	0.13151	0	0.035097500000000004	1	Brain_CerebellarHemisphere	Brain_CerebellarHemisphere,Brain_Cerebellum,Colon_Sigmoid	3.508,2.722,2.51	1	Brain_CerebellarHemisphere	Brain_CerebellarHemisphere	3.508	0.229
chr3	53762550	53762634	chr3	53762550	53762634	CACNA1D	perfect	50	0.039304	0.036337720717441485	0	0.16111	0.03233	0.0447375	1	Cells_EBV_transformedlymphocytes	Cells_EBV_transformedlymphocytes,WholeBlood,Brain_Cerebellum	3.352,2.85,1.998	1	Cells_EBV_transformedlymphocytes	Cells_EBV_transformedlymphocytes	3.352	0.214
chr3	53790980	53790998	chr3	53790980	53792432	CACNA1D	perfect	50	0.0409174	0.03816193037356384	0	0.21111	0.040035	0.03725	1	Cells_EBV_transformedlymphocytes	Cells_EBV_transformedlymphocytes,WholeBlood,Brain_Hypothalamus	4.46,2.671,1.384	1	Cells_EBV_transformedlymphocytes	Cells_EBV_transformedlymphocytes	4.46	0.214
chr3	63997620	63997687	chr3	63997620	63997687	ATXN7	perfect	50	0.0499342	0.05069230030854221	0.01567	0.36071	0.03535	0.023872499999999998	1	Testis	Testis,Muscle_Skeletal,Cells_Culturedfibroblasts	6.131,1.804,1.104	1	Testis	Testis	6.131	0.328
chr3	64023804	64023835	chr3	64023804	64024010	PSMD6	perfect	50	0.0031990000000000018	0.02262034593015766	0	0.15995	0	0	1	Testis	Testis,Adipose_Subcutaneous,Adipose_Visceral_Omentum	6.93,-0.141,-0.141	1	Testis	Testis	6.93	0.235
chr3	69936722	69936755	chr3	69936586	69936755	MITF	perfect	50	0.3941866	0.19462400036166017	0	1	0.35431999999999997	0.14597999999999994	2	Brain_CerebellarHemisphere,WholeBlood	Brain_CerebellarHemisphere,WholeBlood,Liver	3.113,3.113,2.07	2	Brain_CerebellarHemisphere,WholeBlood	Brain_CerebellarHemisphere,WholeBlood	3.113,3.113	0.308
chr3	75937493	75937602	chr3	75937480	75937602	ROBO2	perfect	50	0.0423114	0.1435103126211222	0	1	0.002875	0.04207	1	Cells_Culturedfibroblasts	Cells_Culturedfibroblasts,Pituitary,Skin_SunExposed_Lowerleg	6.673,0.998,0.649	1	Cells_Culturedfibroblasts	Cells_Culturedfibroblasts	6.673	0.159
chr3	121282265	121282337	chr3	121282265	121282337	STXBP5L	perfect	50	0.018706399999999998	0.04097573332436392	0	0.20492	0	0	1	Testis	Testis,Brain_Cerebellum,Brain_CerebellarHemisphere	4.544,2.654,1.7	1	Testis	Testis	4.544	0.261
chr3	124162708	124162767	chr3	124162708	124164686	KALRN	perfect	50	0.0587622	0.06975954772748214	0	0.5	0.051615	0.04701500000000001	1	Cells_Culturedfibroblasts	Cells_Culturedfibroblasts,Adipose_Subcutaneous,Breast_MammaryTissue	6.325,0.621,0.579	1	Cells_Culturedfibroblasts	Cells_Culturedfibroblasts	6.325	0.152
chr3	124518399	124518462	chr3	124518062	124519850	KALRN	perfect	50	0.07295379999999999	0.11053256092229481	0	0.42644	0.026205	0.04554999999999999	1	Brain_FrontalCortex_BA9	Brain_FrontalCortex_BA9,Brain_Cortex,Brain_Anteriorcingulatecortex_BA24	3.198,2.818,2.676	1	Brain_FrontalCortex_BA9	Brain_FrontalCortex_BA9	3.198	0.152
chr3	124518462	124518499	chr3	124518062	124519850	KALRN	perfect	50	0.026701999999999997	0.026151939171866003	0	0.11541	0.019005	0.02195	1	Brain_Hippocampus	Brain_Hippocampus,Brain_Anteriorcingulatecortex_BA24,Brain_Amygdala	3.392,2.489,2.413	1	Brain_Hippocampus	Brain_Hippocampus	3.392	0.152
chr3	124584821	124584906	chr3	124584658	124584906	KALRN	perfect	50	0.0850534	0.0867584925351956	0	0.36032	0.049159999999999995	0.0984875	1	Cells_EBV_transformedlymphocytes	Cells_EBV_transformedlymphocytes,Esophagus_Mucosa,Muscle_Skeletal	3.173,2.817,2.349	1	Cells_EBV_transformedlymphocytes	Cells_EBV_transformedlymphocytes	3.173	0.152
chr3	124661008	124661089	chr3	124661008	124661089	KALRN	perfect	50	0.0396614	0.05551124504612943	0	0.23863	0.014429999999999998	0.064355	1	Heart_LeftVentricle	Heart_LeftVentricle,Muscle_Skeletal,Heart_AtrialAppendage	3.584,2.615,2.32	1	Heart_LeftVentricle	Heart_LeftVentricle	3.584	0.152
chr3	129561033	129561056	chr3	129561033	129561056	PLXND1	perfect	50	0.1571988	0.01774424559094685	0.12754	0.21739	0.154315	0.020112499999999978	1	Cells_EBV_transformedlymphocytes	Cells_EBV_transformedlymphocytes,Cells_Culturedfibroblasts,Artery_Tibial	3.392,2.718,1.689	1	Cells_EBV_transformedlymphocytes	Cells_EBV_transformedlymphocytes	3.392	0.157
chr3	130850820	130850928	chr3	130850510	130850928	ATP2C1	perfect	50	0.0271654	0.042137795832148564	0	0.20152	0.010915000000000001	0.0409075	2	Cells_EBV_transformedlymphocytes,Heart_LeftVentricle	Cells_EBV_transformedlymphocytes,Heart_LeftVentricle,Heart_AtrialAppendage	4.138,3.565,1.854	2	Cells_EBV_transformedlymphocytes,Heart_LeftVentricle	Cells_EBV_transformedlymphocytes,Heart_LeftVentricle	4.138,3.565	0.182
chr3	133386423	133386437	chr3	133386423	133389683	TMEM108	perfect	50	0.020462400000000002	0.01938501625861941	0	0.12903	0.019135	0.0085925	1	Cells_EBV_transformedlymphocytes	Cells_EBV_transformedlymphocytes,SmallIntestine_TerminalIleum,Spleen	5.601,1.524,1.344	1	Cells_EBV_transformedlymphocytes	Cells_EBV_transformedlymphocytes	5.601	0.187
chr3	136518395	136518415	chr3	136518042	136518415	STAG1	perfect	50	0.0521302	0.029574086870855335	0.00524	0.18192	0.051614999999999994	0.038400000000000004	1	Testis	Testis,Skin_NotSunExposed_Suprapubic,WholeBlood	4.389,1.598,1.152	1	Testis	Testis	4.389	0.119
chr3	142313135	142313174	chr3	142313135	142313174	XRN1	perfect	50	0.0836064	0.011391418316667427	0.06346	0.13349	0.08302999999999999	0.01249249999999999	1	Testis	Testis,Brain_Hippocampus,Cells_Culturedfibroblasts	4.379,1.439,1.342	1	Testis	Testis	4.379	0.197
chr3	159853379	159853457	chr3	159852938	159853457	SCHIP1	perfect	50	0.143896	0.21064380591754545	0	0.89923	0.077275	0.2070625	2	Heart_AtrialAppendage,Heart_LeftVentricle	Heart_LeftVentricle,Heart_AtrialAppendage,Muscle_Skeletal	3.586,3.29,2.471	2	Heart_AtrialAppendage,Heart_LeftVentricle	Heart_LeftVentricle,Heart_AtrialAppendage	3.586,3.29	0.227
chr3	160504000	160504067	chr3	160504000	160504067	KPNA4	perfect	50	0.006847800000000003	0.03310268971684619	0	0.17904	0	0	2	Cells_Culturedfibroblasts,Cells_EBV_transformedlymphocytes	Cells_Culturedfibroblasts,Cells_EBV_transformedlymphocytes,Bladder	5.202,4.469,-0.104	2	Cells_Culturedfibroblasts,Cells_EBV_transformedlymphocytes	Cells_Culturedfibroblasts,Cells_EBV_transformedlymphocytes	5.202,4.469	0.156
chr3	171347206	171347218	chr3	171346933	171347218	TNIK	perfect	50	0.1221534	0.07909591533636841	0.02201	0.42685	0.09934000000000001	0.05530249999999999	1	Heart_LeftVentricle	Heart_LeftVentricle,Muscle_Skeletal,Heart_AtrialAppendage	3.852,2.944,2.803	1	Heart_LeftVentricle	Heart_LeftVentricle	3.852	0.181
chr3	179233288	179233352	chr3	179233288	179233371	PIK3CA	perfect	50	0.0291836	0.06738612140644454	0	0.34978	0.01009	0.0234175	2	Cells_Culturedfibroblasts,Cells_EBV_transformedlymphocytes	Cells_Culturedfibroblasts,Cells_EBV_transformedlymphocytes,Esophagus_Mucosa	4.758,4.528,0.959	2	Cells_Culturedfibroblasts,Cells_EBV_transformedlymphocytes	Cells_Culturedfibroblasts,Cells_EBV_transformedlymphocytes	4.758,4.528	0.117
chr3	180915516	180915528	chr3	180915433	180915631	FXR1	perfect	50	0.0539258	0.06560611438932584	0	0.33917	0.0412	0.0800875	1	Testis	Testis,Cells_Culturedfibroblasts,Cells_EBV_transformedlymphocytes	4.348,2.786,2.09	1	Testis	Testis	4.348	0.119
chr3	180971074	180971155	chr3	180971074	180971816	FXR1	perfect	50	0.0901062	0.12155906681972198	0	0.50565	0.042475	0.061735	2	Heart_LeftVentricle,Muscle_Skeletal	Heart_LeftVentricle,Muscle_Skeletal,Heart_AtrialAppendage	3.418,3.283,2.722	2	Heart_LeftVentricle,Muscle_Skeletal	Heart_LeftVentricle,Muscle_Skeletal	3.418,3.283	0.119
chr3	183793115	183793117	chr3	183793115	183793486	YEATS2	perfect	50	0.064282	0.04359766994335588	0.02183	0.2459	0.052254999999999996	0.03436499999999999	1	WholeBlood	WholeBlood,Testis,Muscle_Skeletal	4.166,2.682,1.763	1	WholeBlood	WholeBlood	4.166	0.28
chr3	184316712	184316733	chr3	184316712	184316733	EIF4G1	perfect	50	0.0148738	0.021319593258171638	0.00147	0.11571	0.007469999999999999	0.0102675	2	Brain_CerebellarHemisphere,Brain_Cerebellum	Brain_CerebellarHemisphere,Brain_Cerebellum,Brain_FrontalCortex_BA9	4.73,4.038,1.548	2	Brain_CerebellarHemisphere,Brain_Cerebellum	Brain_CerebellarHemisphere,Brain_Cerebellum	4.73,4.038	0.074
chr3	189880063	189880175	chr3	189880063	189881496	TP63	perfect	50	0.020349199999999998	0.09196628545598345	0	0.62551	0	0	1	Muscle_Skeletal	Muscle_Skeletal,Heart_AtrialAppendage,Bladder	6.58,1.953,0.058	1	Muscle_Skeletal	Muscle_Skeletal	6.58	0.267
chr3	195295195	195295300	chr3	195295195	195295300	ACAP2	perfect	50	0.012991800000000003	0.025597928143998423	0	0.13491	0	0.017065	1	Testis	Testis,Brain_Cerebellum,Cells_EBV_transformedlymphocytes	4.763,2.623,1.623	1	Testis	Testis	4.763	0.324
chr3	197068501	197068522	chr3	197068501	197068537	DLG1	perfect	50	0.0162466	0.02995182810065904	0	0.12938	0.005135000000000001	0.004755	2	Brain_CerebellarHemisphere,Brain_Cerebellum	Brain_CerebellarHemisphere,Brain_Cerebellum,Brain_FrontalCortex_BA9	3.777,3.183,2.983	2	Brain_CerebellarHemisphere,Brain_Cerebellum	Brain_CerebellarHemisphere,Brain_Cerebellum	3.777,3.183	0.286
chr3	197068522	197068537	chr3	197068501	197068537	DLG1	perfect	50	0.0154498	0.02797903730528648	0	0.12009	0.005135000000000001	0.004755	3	Brain_CerebellarHemisphere,Brain_Cerebellum,Brain_FrontalCortex_BA9	Brain_CerebellarHemisphere,Brain_Cerebellum,Brain_FrontalCortex_BA9	3.74,3.143,3.076	3	Brain_CerebellarHemisphere,Brain_Cerebellum,Brain_FrontalCortex_BA9	Brain_CerebellarHemisphere,Brain_Cerebellum,Brain_FrontalCortex_BA9	3.74,3.143,3.076	0.286
chr4	2926641	2926673	chr4	2926284	2926675	ADD1	perfect	50	0.0347952	0.04876677114928289	0	0.19264	0.006775	0.0705225	1	Brain_CerebellarHemisphere	Brain_CerebellarHemisphere,Brain_Cerebellum,Brain_Spinalcord_cervicalc_1	3.237,2.774,1.85	1	Brain_CerebellarHemisphere	Brain_CerebellarHemisphere	3.237	0.296
chr4	27021000	27021034	chr4	27019399	27021068	STIM2	perfect	50	0.0818532	0.05675482618838216	0	0.26217	0.06747	0.06626750000000001	1	Brain_FrontalCortex_BA9	Brain_FrontalCortex_BA9,Brain_Cortex,Brain_Anteriorcingulatecortex_BA24	3.177,2.514,2.06	1	Brain_FrontalCortex_BA9	Brain_FrontalCortex_BA9	3.177	0.293
chr4	41360840	41360936	chr4	41360561	41360936	LIMCH1	perfect	50	0.1379762	0.09765207043773066	0	0.46341	0.10097	0.10453000000000001	1	Heart_LeftVentricle	Heart_LeftVentricle,Heart_AtrialAppendage,Brain_FrontalCortex_BA9	3.333,2.42,1.918	1	Heart_LeftVentricle	Heart_LeftVentricle	3.333	0.313
chr4	41494535	41494606	chr4	41494535	41494606	LIMCH1	perfect	50	0.1379762	0.09765207043773066	0	0.46341	0.10097	0.10453000000000001	1	Heart_LeftVentricle	Heart_LeftVentricle,Heart_AtrialAppendage,Brain_FrontalCortex_BA9	3.333,2.42,1.918	1	Heart_LeftVentricle	Heart_LeftVentricle	3.333	0.313
chr4	41524408	41524478	chr4	41524408	41524482	LIMCH1	perfect	50	0.1379762	0.09765207043773066	0	0.46341	0.10097	0.10453000000000001	1	Heart_LeftVentricle	Heart_LeftVentricle,Heart_AtrialAppendage,Brain_FrontalCortex_BA9	3.333,2.42,1.918	1	Heart_LeftVentricle	Heart_LeftVentricle	3.333	0.313
chr4	46368974	46369006	chr4	46363714	46369006	GABRA2	perfect	50	0.3428408	0.1991283493571779	0	1	0.35771	0.21601	1	Muscle_Skeletal	Muscle_Skeletal,Skin_SunExposed_Lowerleg,MinorSalivaryGland	3.3,2.045,1.626	1	Muscle_Skeletal	Muscle_Skeletal	3.3	0.229
chr4	48523487	48523496	chr4	48523487	48523496	FRYL	perfect	50	0.0230302	0.03978515565086132	0	0.14383	0	0.060485000000000004	2	Brain_CerebellarHemisphere,Brain_Cerebellum	Brain_CerebellarHemisphere,Brain_Cerebellum,Brain_FrontalCortex_BA9	3.036,3.025,1.826	2	Brain_CerebellarHemisphere,Brain_Cerebellum	Brain_CerebellarHemisphere,Brain_Cerebellum	3.036,3.025	0.272
chr4	56927614	56927652	chr4	56927614	56927664	REST	perfect	50	0.0621514	0.04561621914429569	0	0.21199	0.062655	0.05020000000000001	1	Cells_EBV_transformedlymphocytes	Cells_EBV_transformedlymphocytes,Cells_Culturedfibroblasts,Testis	3.285,2.592,1.704	1	Cells_EBV_transformedlymphocytes	Cells_EBV_transformedlymphocytes	3.285	0.286
chr4	93806714	93806870	chr4	93806714	93810157	GRID2	perfect	50	0.06858639999999999	0.10335795623650726	0	0.5	0	0.12113499999999999	1	Colon_Transverse	Colon_Transverse,Vagina,Bladder	4.174,2.561,1.755	1	Colon_Transverse	Colon_Transverse	4.174	0.17
chr4	110632342	110632480	chr4	110632342	110632513	PITX2	perfect	50	0.027905600000000003	0.08205726348379519	0	0.35147	0	0	3	Bladder,Cells_Culturedfibroblasts,Esophagus_Muscularis	Cells_Culturedfibroblasts,Bladder,Esophagus_Muscularis	3.943,3.656,3.069	3	Bladder,Cells_Culturedfibroblasts,Esophagus_Muscularis	Cells_Culturedfibroblasts,Bladder,Esophagus_Muscularis	3.943,3.656,3.069	0.26
chr4	110632952	110632998	chr4	110632952	110633008	PITX2	perfect	50	0.037017800000000003	0.10773206286213322	0	0.45763	0	0	3	Bladder,Cells_Culturedfibroblasts,Esophagus_Muscularis	Cells_Culturedfibroblasts,Bladder,Esophagus_Muscularis	3.904,3.517,3.156	3	Bladder,Cells_Culturedfibroblasts,Esophagus_Muscularis	Cells_Culturedfibroblasts,Bladder,Esophagus_Muscularis	3.904,3.517,3.156	0.26
chr4	112904493	112904514	chr4	112904454	112906508	ANK2	perfect	50	0.0340356	0.06496116762045034	0	0.41066	0.019825000000000002	0.0196925	2	Cells_Culturedfibroblasts,Cells_EBV_transformedlymphocytes	Cells_Culturedfibroblasts,Cells_EBV_transformedlymphocytes,Ovary	5.798,3.115,0.863	2	Cells_Culturedfibroblasts,Cells_EBV_transformedlymphocytes	Cells_Culturedfibroblasts,Cells_EBV_transformedlymphocytes	5.798,3.115	0.106
chr4	113304223	113304277	chr4	113304223	113304277	ANK2	perfect	50	0.004290999999999999	0.018957887083033826	0	0.11915	0	0	1	Muscle_Skeletal	Muscle_Skeletal,Heart_AtrialAppendage,Heart_LeftVentricle	6.059,2.261,2.194	1	Muscle_Skeletal	Muscle_Skeletal	6.059	0.106
chr4	113323758	113323794	chr4	113323758	113323794	ANK2	perfect	50	0.007207600000000001	0.020244196100490178	0	0.11915	0	9.824999999999999e-4	1	Muscle_Skeletal	Muscle_Skeletal,Heart_AtrialAppendage,Heart_LeftVentricle	5.53,2.376,1.911	1	Muscle_Skeletal	Muscle_Skeletal	5.53	0.106
chr4	113378089	113378181	chr4	113378089	113378181	ANK2	perfect	50	0.017528200000000004	0.0646529317071278	0	0.34693	0	0	2	Heart_LeftVentricle,Muscle_Skeletal	Muscle_Skeletal,Heart_LeftVentricle,Heart_AtrialAppendage	5.095,3.025,2.898	2	Heart_LeftVentricle,Muscle_Skeletal	Muscle_Skeletal,Heart_LeftVentricle	5.095,3.025	0.106
chr4	152382188	152382335	chr4	152382188	152382529	FBXW7	perfect	50	0.10017799999999998	0.14216132152866162	0	0.58979	0.049995	0.12249499999999999	2	Heart_LeftVentricle,Muscle_Skeletal	Muscle_Skeletal,Heart_LeftVentricle,Liver	3.444,3.319,2.112	2	Heart_LeftVentricle,Muscle_Skeletal	Muscle_Skeletal,Heart_LeftVentricle	3.444,3.319	0.232
chr4	153257604	153257607	chr4	153257338	153257766	TRIM2	perfect	50	0.05555579999999999	0.11061599782977849	0	0.43714	0	0.06098	2	Brain_CerebellarHemisphere,Brain_Cerebellum	Brain_CerebellarHemisphere,Brain_Cerebellum,Brain_FrontalCortex_BA9	3.45,3.297,2.021	2	Brain_CerebellarHemisphere,Brain_Cerebellum	Brain_CerebellarHemisphere,Brain_Cerebellum	3.45,3.297	0.27
chr4	169717791	169717867	chr4	169717791	169717867	CLCN3	perfect	50	0.0492058	0.05482291544153963	0.00649	0.30525	0.038265	0.051115	2	Cells_Culturedfibroblasts,Cells_EBV_transformedlymphocytes	Cells_Culturedfibroblasts,Cells_EBV_transformedlymphocytes,Bladder	4.67,3.537,1.471	2	Cells_Culturedfibroblasts,Cells_EBV_transformedlymphocytes	Cells_Culturedfibroblasts,Cells_EBV_transformedlymphocytes	4.67,3.537	0.222
chr4	182448998	182449083	chr4	182448998	182449083	TENM3	perfect	50	0.0077209999999999996	0.024441909579195124	0	0.13822	0	0	1	Cells_Culturedfibroblasts	Cells_Culturedfibroblasts,Testis,Thyroid	5.339,2.654,1.79	1	Cells_Culturedfibroblasts	Cells_Culturedfibroblasts	5.339	0.264
chr5	14531743	14531771	chr5	14531743	14532128	TRIO	perfect	50	0.0405494	0.020755033164836654	0.00541	0.10572	0.040685	0.02801	1	Cells_EBV_transformedlymphocytes	Cells_EBV_transformedlymphocytes,WholeBlood,Esophagus_Mucosa	3.14,1.669,1.629	1	Cells_EBV_transformedlymphocytes	Cells_EBV_transformedlymphocytes	3.14	0.139
chr5	34687710	34687722	chr5	34687558	34687722	RAI14	perfect	50	0.0072136000000000075	0.051007854767672806	0	0.36068	0	0	1	Testis	Testis,Adipose_Subcutaneous,Adipose_Visceral_Omentum	6.93,-0.141,-0.141	1	Testis	Testis	6.93	0.292
chr5	59157321	59157362	chr5	59157065	59157362	PDE4D	perfect	50	0.0899598	0.09448360595276163	0	0.40392	0.057595	0.06957000000000002	1	Esophagus_Mucosa	Esophagus_Mucosa,Skin_NotSunExposed_Suprapubic,Liver	3.323,2.731,2.704	1	Esophagus_Mucosa	Esophagus_Mucosa	3.323	0.206
chr5	68288735	68288751	chr5	68288051	68288751	PIK3R1	perfect	50	0.021022600000000002	0.029057594237960564	0	0.14742	0.01232	0.008047499999999997	2	Cells_EBV_transformedlymphocytes,Kidney_Cortex	Kidney_Cortex,Cells_EBV_transformedlymphocytes,Muscle_Skeletal	4.35,4.305,1.542	2	Cells_EBV_transformedlymphocytes,Kidney_Cortex	Kidney_Cortex,Cells_EBV_transformedlymphocytes	4.35,4.305	0.228
chr5	98869013	98869277	chr5	98868929	98869277	CHD1	perfect	50	0.0684368	0.02877380933829816	0.02938	0.20153	0.06688	0.030327499999999993	1	Testis	Testis,Brain_CerebellarHemisphere,Brain_Cerebellum	4.625,1.878,1.647	1	Testis	Testis	4.625	0.162
chr5	114361128	114361150	chr5	114360944	114361150	KCNN2	perfect	50	0.037995799999999996	0.06806862584816253	0	0.33333	0.006345	0.046735000000000006	1	Ovary	Ovary,Muscle_Skeletal,Esophagus_Muscularis	4.339,2.706,2.034	1	Ovary	Ovary	4.339	0.274
chr5	114490690	114490699	chr5	114490690	114490699	KCNN2	perfect	50	0.04383659999999999	0.07354847982196809	0	0.29982	0	0.08589499999999999	2	Brain_Cortex,Brain_FrontalCortex_BA9	Brain_FrontalCortex_BA9,Brain_Cortex,Brain_Anteriorcingulatecortex_BA24	3.48,3.011,2.289	2	Brain_Cortex,Brain_FrontalCortex_BA9	Brain_FrontalCortex_BA9,Brain_Cortex	3.48,3.011	0.274
chr5	131435953	131436381	chr5	131435760	131436381	RAPGEF6	perfect	50	0.0387218	0.08105758821293636	0.00752	0.59352	0.029405	0.019480000000000004	1	Testis	Testis,Ovary,Heart_AtrialAppendage	6.844,0.206,0.178	1	Testis	Testis	6.844	0.279
chr5	131450022	131450046	chr5	131450022	131450046	RAPGEF6	perfect	50	0.045729	0.0805377640980824	0.00752	0.59352	0.032295000000000004	0.016357500000000004	1	Testis	Testis,Brain_Cerebellum,Brain_CerebellarHemisphere	6.802,0.732,0.281	1	Testis	Testis	6.802	0.279
chr5	138541518	138541562	chr5	138541518	138541711	ETF1	perfect	50	0.008200999999999993	0.041917299348763835	0	0.25693	0	0	2	Muscle_Skeletal,Testis	Testis,Muscle_Skeletal,Adipose_Subcutaneous	5.934,3.457,-0.196	2	Muscle_Skeletal,Testis	Testis,Muscle_Skeletal	5.934,3.457	0.251
chr5	139859888	139859912	chr5	139859888	139859912	NRG2	perfect	50	0.028735400000000015	0.06251575168723801	0	0.24333	0	0	2	Brain_CerebellarHemisphere,Brain_Cerebellum	Brain_Cerebellum,Brain_CerebellarHemisphere,Brain_Cortex	3.433,3.241,2.462	2	Brain_CerebellarHemisphere,Brain_Cerebellum	Brain_Cerebellum,Brain_CerebellarHemisphere	3.433,3.241	0.213
chr5	139865114	139865173	chr5	139865114	139865173	NRG2	perfect	50	0.030679399999999996	0.06261433644305495	0	0.23741	0	0.0222225	2	Brain_CerebellarHemisphere,Brain_Cerebellum	Brain_Cerebellum,Brain_CerebellarHemisphere,Brain_Cortex	3.302,3.113,2.427	2	Brain_CerebellarHemisphere,Brain_Cerebellum	Brain_Cerebellum,Brain_CerebellarHemisphere	3.302,3.113	0.213
chr5	140472238	140472295	chr5	140472238	140472477	ANKHD1	perfect	50	0.15812299999999999	0.07052106743407119	0.07533	0.44382	0.152095	0.07063750000000002	1	Muscle_Skeletal	Muscle_Skeletal,Cells_EBV_transformedlymphocytes,Cells_Culturedfibroblasts	4.051,2.91,1.792	1	Muscle_Skeletal	Muscle_Skeletal	4.051	0.112
chr5	140472295	140472312	chr5	140472238	140472477	ANKHD1	perfect	50	0.0897362	0.058181167262618724	0.02579	0.37741	0.07604	0.05936749999999999	1	Muscle_Skeletal	Muscle_Skeletal,Cells_EBV_transformedlymphocytes,Testis	4.944,1.996,1.773	1	Muscle_Skeletal	Muscle_Skeletal	4.944	0.112
chr5	140472312	140472337	chr5	140472238	140472477	ANKHD1	perfect	50	0.0892892	0.05675990054211705	0.02579	0.36675	0.075095	0.05936749999999999	1	Muscle_Skeletal	Muscle_Skeletal,Cells_EBV_transformedlymphocytes,Testis	4.888,2.007,1.7	1	Muscle_Skeletal	Muscle_Skeletal	4.888	0.112
chr5	143057857	143058038	chr5	143057857	143058159	ARHGAP26	perfect	50	0.0265306	0.024275338742460927	0	0.10858	0.02392	0.040795	1	Cells_EBV_transformedlymphocytes	Cells_EBV_transformedlymphocytes,Kidney_Cortex,Heart_AtrialAppendage	3.38,1.76,1.56	1	Cells_EBV_transformedlymphocytes	Cells_EBV_transformedlymphocytes	3.38	0.276
chr5	143216186	143216278	chr5	143216186	143216770	ARHGAP26	perfect	50	0.060180000000000004	0.03592642776905182	0.00899	0.19702	0.057874999999999996	0.037125000000000005	1	WholeBlood	WholeBlood,Cells_EBV_transformedlymphocytes,Esophagus_Mucosa	3.809,2.465,1.729	1	WholeBlood	WholeBlood	3.809	0.276
chr5	146592138	146592193	chr5	146592048	146592193	PPP2R2B	perfect	50	0.011633400000000004	0.0349553931262723	0	0.2372	0	0.006812500000000001	1	Testis	Testis,Spleen,Nerve_Tibial	6.453,1.654,0.603	1	Testis	Testis	6.453	0.293
chr5	146856498	146856535	chr5	146856498	146856583	PPP2R2B	perfect	50	0.0401878	0.09223029046216157	0	0.62398	0.021130000000000003	0.041285	1	Testis	Testis,Skin_SunExposed_Lowerleg,Skin_NotSunExposed_Suprapubic	6.33,1.263,1.105	1	Testis	Testis	6.33	0.293
chr5	147055738	147055743	chr5	147055664	147056027	PPP2R2B	perfect	50	0.043610399999999994	0.07446085636392435	0	0.29204	0	0.066915	1	Esophagus_Muscularis	Esophagus_Muscularis,Esophagus_GastroesophagealJunction,Brain_FrontalCortex_BA9	3.336,2.365,2.218	1	Esophagus_Muscularis	Esophagus_Muscularis	3.336	0.293
chr5	149511065	149511158	chr5	149511065	149511158	CSNK1A1	perfect	50	0.032263999999999994	0.05394944920374774	0	0.24751	0	0.054872500000000005	2	Cells_Culturedfibroblasts,Cells_EBV_transformedlymphocytes	Cells_EBV_transformedlymphocytes,Cells_Culturedfibroblasts,Artery_Tibial	3.99,3.118,1.936	2	Cells_Culturedfibroblasts,Cells_EBV_transformedlymphocytes	Cells_EBV_transformedlymphocytes,Cells_Culturedfibroblasts	3.99,3.118	0.215
chr5	150383737	150383752	chr5	150383737	150384253	TCOF1	perfect	50	0.0493936	0.01995759757739454	0.01896	0.11959	0.04535	0.017654999999999997	2	Brain_Cortex,Brain_FrontalCortex_BA9	Brain_FrontalCortex_BA9,Brain_Cortex,Brain_Anteriorcingulatecortex_BA24	3.517,3.402,1.979	2	Brain_Cortex,Brain_FrontalCortex_BA9	Brain_FrontalCortex_BA9,Brain_Cortex	3.517,3.402	0.311
chr5	150618367	150618767	chr5	150618102	150618767	SYNPO	perfect	50	0.055491	0.050794401276325805	0.00516	0.32118	0.042050000000000004	0.037717499999999994	1	Cells_EBV_transformedlymphocytes	Cells_EBV_transformedlymphocytes,WholeBlood,Cells_Culturedfibroblasts	5.231,2.331,1.569	1	Cells_EBV_transformedlymphocytes	Cells_EBV_transformedlymphocytes	5.231	0.297
chr5	153795475	153795590	chr5	153795475	153795590	GRIA1	perfect	50	0.0326146	0.05740510889622768	0	0.28099	0.00581	0.051550000000000006	1	Testis	Testis,Cells_EBV_transformedlymphocytes,Cells_Culturedfibroblasts	4.327,2.75,2.554	1	Testis	Testis	4.327	0.259
chr5	157667797	157667849	chr5	157667797	157667852	SOX30	perfect	50	0.011525199999999992	0.08149547074531198	0	0.57626	0	0	1	Testis	Testis,Adipose_Subcutaneous,Adipose_Visceral_Omentum	6.93,-0.141,-0.141	1	Testis	Testis	6.93	0.23
chr5	176869613	176869781	chr5	176869613	176869781	UNC5A	perfect	50	0.0386164	0.0694935299810313	0	0.27452	0	0.072625	2	Brain_CerebellarHemisphere,Brain_Cerebellum	Brain_Cerebellum,Brain_CerebellarHemisphere,Brain_Hypothalamus	3.395,3.061,2.552	2	Brain_CerebellarHemisphere,Brain_Cerebellum	Brain_Cerebellum,Brain_CerebellarHemisphere	3.395,3.061	0.204
chr5	179151131	179151200	chr5	179150887	179151200	ADAMTS2	perfect	50	0.2083076	0.1397353563801727	0	0.68519	0.16353	0.0932025	1	Brain_Nucleusaccumbens_basalganglia	Brain_Nucleusaccumbens_basalganglia,WholeBlood,Brain_Putamen_basalganglia	3.413,2.748,2.47	1	Brain_Nucleusaccumbens_basalganglia	Brain_Nucleusaccumbens_basalganglia	3.413	0.311
chr6	4715778	4715881	chr6	4715740	4715881	CDYL	perfect	50	0.0119282	0.08434511107349378	0	0.59641	0	0	1	Testis	Testis,Adipose_Subcutaneous,Adipose_Visceral_Omentum	6.93,-0.141,-0.141	1	Testis	Testis	6.93	0.236
chr6	4734761	4734844	chr6	4734761	4734844	CDYL	perfect	50	0.0119282	0.08434511107349378	0	0.59641	0	0	1	Testis	Testis,Adipose_Subcutaneous,Adipose_Visceral_Omentum	6.93,-0.141,-0.141	1	Testis	Testis	6.93	0.236
chr6	10393526	10393561	chr6	10393185	10393561	TFAP2A	perfect	50	0.013708	0.04153379145530855	0	0.26555	0	0	1	Testis	Testis,Brain_CerebellarHemisphere,Brain_Cerebellum	6.064,1.696,1.564	1	Testis	Testis	6.064	0.261
chr6	10412601	10412781	chr6	10412601	10412879	TFAP2A	perfect	50	0.019072799999999997	0.08429351046365138	0	0.58333	0	0	1	Cells_EBV_transformedlymphocytes	Cells_EBV_transformedlymphocytes,Bladder,Prostate	6.694,1.325,0.491	1	Cells_EBV_transformedlymphocytes	Cells_EBV_transformedlymphocytes	6.694	0.261
chr6	17821785	17821905	chr6	17821785	17821905	KIF13A	perfect	50	0.003632000000000002	0.02522523703899469	0	0.17842	0	0	1	Muscle_Skeletal	Muscle_Skeletal,Heart_LeftVentricle,Heart_AtrialAppendage	6.929,-0.071,-0.091	1	Muscle_Skeletal	Muscle_Skeletal	6.929	0.232
chr6	17951365	17951429	chr6	17950405	17951429	KIF13A	perfect	50	0.1291486	0.04546088046993856	0.03408	0.2963	0.133215	0.0571175	1	Cells_EBV_transformedlymphocytes	Cells_EBV_transformedlymphocytes,Brain_Anteriorcingulatecortex_BA24,Brain_FrontalCortex_BA9	3.677,1.76,1.413	1	Cells_EBV_transformedlymphocytes	Cells_EBV_transformedlymphocytes	3.677	0.232
chr6	30340271	30340361	chr6	30340271	30340361	TRIM39	perfect	50	0.04869640000000001	0.07457800602519403	0	0.45425	0.029344999999999996	0.06415000000000001	1	Testis	Testis,Spleen,WholeBlood	5.438,1.666,1.609	1	Testis	Testis	5.438	0.269
chr6	32973083	32973129	chr6	32973083	32973129	BRD2	perfect	50	0.024119399999999996	0.07523213874158206	0	0.40329	0	0.0099525	2	Pancreas,WholeBlood	Pancreas,WholeBlood,Cells_EBV_transformedlymphocytes	5.04,4.144,1.628	2	Pancreas,WholeBlood	Pancreas,WholeBlood	5.04,4.144	0.219
chr6	34103580	34103700	chr6	34103580	34103854	GRM4	perfect	50	0.0081114	0.024817149930099966	0	0.11111	0	0	3	Brain_CerebellarHemisphere,Brain_Nucleusaccumbens_basalganglia,MinorSalivaryGland	MinorSalivaryGland,Brain_Nucleusaccumbens_basalganglia,Brain_CerebellarHemisphere	4.15,3.4,3.044	1	MinorSalivaryGland	MinorSalivaryGland	4.15	0.285
chr6	35480059	35480122	chr6	35480059	35480122	TEAD3	perfect	50	0.0271518	0.047383389007506986	0	0.24592	0.0062900000000000005	0.0387	1	Muscle_Skeletal	Muscle_Skeletal,Heart_LeftVentricle,Heart_AtrialAppendage	4.617,2.934,2.542	1	Muscle_Skeletal	Muscle_Skeletal	4.617	0.264
chr6	50822133	50822160	chr6	50821784	50822160	TFAP2B	perfect	50	0.015423000000000001	0.04446301564451159	0	0.16842	0	0	3	Skin_NotSunExposed_Suprapubic,Skin_SunExposed_Lowerleg,Testis	Testis,Skin_SunExposed_Lowerleg,Skin_NotSunExposed_Suprapubic	3.441,3.32,3.071	3	Skin_NotSunExposed_Suprapubic,Skin_SunExposed_Lowerleg,Testis	Testis,Skin_SunExposed_Lowerleg,Skin_NotSunExposed_Suprapubic	3.441,3.32,3.071	0.259
chr6	56615519	56617199	chr6	56614596	56617418	DST	perfect	50	0.0466936	0.12085284993658989	0.00102	0.51998	0.004545	0.0055	2	Skin_NotSunExposed_Suprapubic,Skin_SunExposed_Lowerleg	Skin_NotSunExposed_Suprapubic,Skin_SunExposed_Lowerleg,Esophagus_Mucosa	3.916,3.866,2.992	2	Skin_NotSunExposed_Suprapubic,Skin_SunExposed_Lowerleg	Skin_NotSunExposed_Suprapubic,Skin_SunExposed_Lowerleg	3.916,3.866	0.18
chr6	56617199	56617418	chr6	56614596	56617418	DST	perfect	50	0.0479422	0.12461508002056017	0.00102	0.53436	0.004545	0.0055	3	Esophagus_Mucosa,Skin_NotSunExposed_Suprapubic,Skin_SunExposed_Lowerleg	Skin_NotSunExposed_Suprapubic,Skin_SunExposed_Lowerleg,Esophagus_Mucosa	3.903,3.859,3.031	3	Esophagus_Mucosa,Skin_NotSunExposed_Suprapubic,Skin_SunExposed_Lowerleg	Skin_NotSunExposed_Suprapubic,Skin_SunExposed_Lowerleg,Esophagus_Mucosa	3.903,3.859,3.031	0.18
chr6	56617985	56620715	chr6	56617985	56620715	DST	perfect	50	0.0466936	0.12085284993658989	0.00102	0.51998	0.004545	0.0055	2	Skin_NotSunExposed_Suprapubic,Skin_SunExposed_Lowerleg	Skin_NotSunExposed_Suprapubic,Skin_SunExposed_Lowerleg,Esophagus_Mucosa	3.916,3.866,2.992	2	Skin_NotSunExposed_Suprapubic,Skin_SunExposed_Lowerleg	Skin_NotSunExposed_Suprapubic,Skin_SunExposed_Lowerleg	3.916,3.866	0.18
chr6	56642621	56642788	chr6	56642621	56642996	DST	perfect	50	0.07804799999999999	0.12312226917721644	0.01068	0.55217	0.035030000000000006	0.021107500000000005	2	Skin_NotSunExposed_Suprapubic,Skin_SunExposed_Lowerleg	Skin_NotSunExposed_Suprapubic,Skin_SunExposed_Lowerleg,Esophagus_Mucosa	3.851,3.806,2.963	2	Skin_NotSunExposed_Suprapubic,Skin_SunExposed_Lowerleg	Skin_NotSunExposed_Suprapubic,Skin_SunExposed_Lowerleg	3.851,3.806	0.18
chr6	70837780	70837866	chr6	70837780	70837912	SMAP1	perfect	50	0.0126658	0.0849556478306565	0	0.6009	0	0	1	Testis	Testis,Brain_Hippocampus,Cells_EBV_transformedlymphocytes	6.924,0.112,-0.029	1	Testis	Testis	6.924	0.264
chr6	72213122	72213222	chr6	72212810	72213222	RIMS1	perfect	50	0.0084312	0.02240665841636712	0	0.11719	0	0	2	Brain_CerebellarHemisphere,Brain_Cerebellum	Brain_CerebellarHemisphere,Brain_Cerebellum,Brain_Spinalcord_cervicalc_1	4.854,3.947,1.256	1	Brain_CerebellarHemisphere	Brain_CerebellarHemisphere	4.854	0.285
chr6	72295936	72295966	chr6	72295936	72295966	RIMS1	perfect	50	0.018024599999999998	0.046720775530413275	0	0.18641	0	0.006472500000000001	2	MinorSalivaryGland,Testis	Testis,MinorSalivaryGland,Pancreas	3.604,3.436,2.785	2	MinorSalivaryGland,Testis	Testis,MinorSalivaryGland	3.604,3.436	0.285
chr6	73129792	73129849	chr6	73129792	73129849	KCNQ5	perfect	50	0.006142399999999999	0.019000106719356574	0	0.1004	0	0	2	Artery_Aorta,Muscle_Skeletal	Muscle_Skeletal,Artery_Aorta,Cells_EBV_transformedlymphocytes	4.961,3.139,2.646	1	Muscle_Skeletal	Muscle_Skeletal	4.961	0.306
chr6	99544224	99544273	chr6	99543779	99544273	CCNC	perfect	50	0.0760516	0.05300756358660295	0.0131	0.33294	0.066755	0.033769999999999994	1	Muscle_Skeletal	Muscle_Skeletal,Heart_LeftVentricle,Heart_AtrialAppendage	4.846,2.521,1.976	1	Muscle_Skeletal	Muscle_Skeletal	4.846	0.146
chr6	102065796	102065910	chr6	102065796	102065928	GRIK2	perfect	50	0.059142799999999995	0.0964229157714988	0	0.40594	0	0.0997775	1	Heart_AtrialAppendage	Heart_AtrialAppendage,Heart_LeftVentricle,Esophagus_Muscularis	3.597,2.35,1.886	1	Heart_AtrialAppendage	Heart_AtrialAppendage	3.597	0.262
chr6	110253884	110253939	chr6	110253884	110254275	CDC40	perfect	50	0.008907199999999999	0.056527742549249985	0	0.39906	0	0	1	Testis	Testis,Cells_Culturedfibroblasts,Cells_EBV_transformedlymphocytes	6.902,0.438,0.066	1	Testis	Testis	6.902	0.31
chr6	111699514	111699670	chr6	111699514	111699670	FYN	perfect	50	0.0921368	0.06712295256452588	0.02782	0.43663	0.075805	0.0377425	2	Cells_EBV_transformedlymphocytes,WholeBlood	Cells_EBV_transformedlymphocytes,WholeBlood,Spleen	5.132,3.295,1.792	2	Cells_EBV_transformedlymphocytes,WholeBlood	Cells_EBV_transformedlymphocytes,WholeBlood	5.132,3.295	0.278
chr6	130872370	130872538	chr6	130872370	130872538	EPB41L2	perfect	50	0.015508200000000005	0.03280018446252265	0	0.12924	0	0.008167500000000001	2	Brain_Cortex,Brain_FrontalCortex_BA9	Brain_Cortex,Brain_FrontalCortex_BA9,Brain_CerebellarHemisphere	3.467,3.207,2.416	2	Brain_Cortex,Brain_FrontalCortex_BA9	Brain_Cortex,Brain_FrontalCortex_BA9	3.467,3.207	0.288
chr6	130880453	130880483	chr6	130880453	130880489	EPB41L2	perfect	50	0.08663660000000001	0.054675688348363276	0	0.27835	0.07849	0.03491000000000001	2	Brain_Cortex,Brain_FrontalCortex_BA9	Brain_FrontalCortex_BA9,Brain_Cortex,Brain_Nucleusaccumbens_basalganglia	3.506,3.407,2.431	2	Brain_Cortex,Brain_FrontalCortex_BA9	Brain_FrontalCortex_BA9,Brain_Cortex	3.506,3.407	0.288
chr6	147328698	147328782	chr6	147328698	147328782	STXBP5	perfect	50	0.0674428	0.055519581323775734	0	0.29833	0.072245	0.08523499999999999	1	Testis	Testis,Bladder,Breast_MammaryTissue	4.159,1.291,1.205	1	Testis	Testis	4.159	0.256
chr6	165711018	165711136	chr6	165711018	165711153	PDE10A	perfect	50	0.0174628	0.05000565711017513	0	0.3425	0	0.019745	1	Testis	Testis,Bladder,Nerve_Tibial	6.5,0.916,0.767	1	Testis	Testis	6.5	0.213
chr7	2659939	2660017	chr7	2659939	2660040	TTYH3	perfect	50	0.0209212	0.02275051806003547	0	0.12735	0.01481	0.006014999999999996	2	Brain_CerebellarHemisphere,Brain_Cerebellum	Brain_CerebellarHemisphere,Brain_Cerebellum,Brain_FrontalCortex_BA9	4.678,4.366,0.927	2	Brain_CerebellarHemisphere,Brain_Cerebellum	Brain_CerebellarHemisphere,Brain_Cerebellum	4.678,4.366	0.215
chr7	40085698	40085746	chr7	40085698	40085746	CDK13	perfect	50	0.0461832	0.04658501744955678	0	0.23107	0.032424999999999995	0.034335000000000004	3	Cells_Culturedfibroblasts,Cells_EBV_transformedlymphocytes,Muscle_Skeletal	Cells_EBV_transformedlymphocytes,Muscle_Skeletal,Cells_Culturedfibroblasts	3.969,3.173,3.159	3	Cells_Culturedfibroblasts,Cells_EBV_transformedlymphocytes,Muscle_Skeletal	Cells_EBV_transformedlymphocytes,Muscle_Skeletal,Cells_Culturedfibroblasts	3.969,3.173,3.159	0.324
chr7	44656317	44656362	chr7	44656317	44656362	OGDH	perfect	50	0.0142276	0.02601837392839051	0	0.12444	0.00377	0.0103625	2	Brain_CerebellarHemisphere,Brain_Cerebellum	Brain_Cerebellum,Brain_CerebellarHemisphere,Brain_Cortex	4.236,3.974,1.667	2	Brain_CerebellarHemisphere,Brain_Cerebellum	Brain_Cerebellum,Brain_CerebellarHemisphere	4.236,3.974	0.274
chr7	50368005	50368048	chr7	50367664	50369444	IKZF1	perfect	50	0.06213620000000001	0.08244181029832683	0	0.53642	0.047905	0.0906175	1	Testis	Testis,Cells_EBV_transformedlymphocytes,Skin_NotSunExposed_Suprapubic	5.753,1.43,0.957	1	Testis	Testis	5.753	0.156
chr7	50368048	50368065	chr7	50367664	50369444	IKZF1	perfect	50	0.0521456	0.06063965127518058	0	0.37748	0.047905	0.0761825	1	Testis	Testis,Skin_NotSunExposed_Suprapubic,Cells_EBV_transformedlymphocytes	5.365,1.466,0.954	1	Testis	Testis	5.365	0.156
chr7	50369521	50369532	chr7	50369521	50369704	IKZF1	perfect	50	0.010739600000000004	0.044892178126925315	0	0.29801	0	0	1	Testis	Testis,Cells_EBV_transformedlymphocytes,WholeBlood	6.399,1.988,1.006	1	Testis	Testis	6.399	0.156
chr7	70290367	70290505	chr7	70290367	70294239	AUTS2	perfect	50	0.024206400000000003	0.044761401774478946	0	0.27376	0.011779999999999999	0.016919999999999998	2	Spleen,Testis	Testis,Spleen,Cells_EBV_transformedlymphocytes	5.575,3.019,1.641	2	Spleen,Testis	Testis,Spleen	5.575,3.019	0.253
chr7	74093249	74093299	chr7	74093078	74093299	LIMK1	perfect	50	0.0288142	0.036327715123327435	0	0.19106	0.01732	0.03604	1	Cells_EBV_transformedlymphocytes	Cells_EBV_transformedlymphocytes,Artery_Aorta,Spleen	4.466,1.945,1.669	1	Cells_EBV_transformedlymphocytes	Cells_EBV_transformedlymphocytes	4.466	0.225
chr7	78345443	78345572	chr7	78345443	78345572	MAGI2	perfect	50	0.021448400000000003	0.03158332422048583	0	0.1485	0	0.03379	1	Artery_Tibial	Artery_Tibial,Artery_Coronary,Ovary	4.023,2.942,1.762	1	Artery_Tibial	Artery_Tibial	4.023	0.257
chr7	82001658	82001715	chr7	82001658	82001715	CACNA2D1	perfect	50	0.0512378	0.04783438338514185	0	0.22759	0.056940000000000004	0.08009	1	Cells_Culturedfibroblasts	Cells_Culturedfibroblasts,Muscle_Skeletal,MinorSalivaryGland	3.687,2.542,1.107	1	Cells_Culturedfibroblasts	Cells_Culturedfibroblasts	3.687	0.245
chr7	105617791	105618097	chr7	105617791	105618097	ATXN7L1	perfect	50	0.1385778	0.04071272915771414	0.05336	0.26573	0.13825	0.0425875	1	WholeBlood	WholeBlood,Brain_Spinalcord_cervicalc_1,Spleen	3.123,2.304,1.689	1	WholeBlood	WholeBlood	3.123	0.221
chr7	132484818	132485013	chr7	132484757	132485013	PLXNA4	perfect	50	0.0038518000000000024	0.02723633899774344	0	0.19259	0	0	1	Testis	Testis,Adipose_Subcutaneous,Adipose_Visceral_Omentum	6.93,-0.141,-0.141	1	Testis	Testis	6.93	0.229
chr7	134891620	134891673	chr7	134891457	134891673	CALD1	perfect	50	0.1865792	0.0984110218615615	0.04444	0.56397	0.178305	0.1178775	1	Liver	Liver,Pituitary,Pancreas	3.835,1.752,1.579	1	Liver	Liver	3.835	0.258
chr7	135384677	135384731	chr7	135384289	135384731	CNOT4	perfect	50	0.047783400000000004	0.016098691493283496	0.02178	0.12526	0.04513	0.0152575	1	Muscle_Skeletal	Muscle_Skeletal,Ovary,Cells_Culturedfibroblasts	4.813,2.07,1.287	1	Muscle_Skeletal	Muscle_Skeletal	4.813	0.143
chr7	135388796	135388894	chr7	135386150	135388894	CNOT4	perfect	50	0.1196158	0.03444773160328913	0.06128	0.238	0.114665	0.038317500000000004	2	Muscle_Skeletal,Ovary	Muscle_Skeletal,Ovary,Breast_MammaryTissue	3.437,3.366,1.382	2	Muscle_Skeletal,Ovary	Muscle_Skeletal,Ovary	3.437,3.366	0.143
chr7	137545899	137545962	chr7	137545899	137545962	DGKI	perfect	50	0.003095199999999999	0.021886369091286023	0	0.15476	0	0	1	Testis	Testis,Adipose_Subcutaneous,Adipose_Visceral_Omentum	6.93,-0.141,-0.141	1	Testis	Testis	6.93	0.314
chr7	151062639	151062663	chr7	151062546	151063189	SLC4A2	perfect	50	0.039422	0.039925110864605255	0	0.1644	0.028715	0.04246	1	Stomach	Stomach,Liver,Pancreas	3.13,2.977,2.489	1	Stomach	Stomach	3.13	0.299
chr7	151735899	151735993	chr7	151735899	151736314	PRKAG2	perfect	50	0.0339404	0.07691996479139994	0	0.45313	0.014785	0.018467499999999998	2	Heart_AtrialAppendage,Testis	Heart_AtrialAppendage,Testis,Heart_LeftVentricle	5.45,3.076,1.891	2	Heart_AtrialAppendage,Testis	Heart_AtrialAppendage,Testis	5.45,3.076	0.256
chr7	155806710	155806749	chr7	155806581	155806839	SHH	perfect	50	0.010399200000000003	0.03357751086786561	0	0.16667	0	0	2	Kidney_Cortex,Liver	Kidney_Cortex,Liver,SmallIntestine_TerminalIleum	4.654,4.153,2.121	2	Kidney_Cortex,Liver	Kidney_Cortex,Liver	4.654,4.153	0.242
chr7	158641466	158641554	chr7	158639795	158641554	NCAPG2	perfect	50	0.0697234	0.031702787208311996	0.01584	0.18111	0.059805	0.032964999999999994	1	Brain_Cerebellum	Brain_Cerebellum,Brain_CerebellarHemisphere,Brain_FrontalCortex_BA9	3.513,2.744,1.715	1	Brain_Cerebellum	Brain_Cerebellum	3.513	0.303
chr8	1678981	1679044	chr8	1678981	1679044	DLGAP2	perfect	50	0.004617799999999997	0.027944114877478485	0	0.19505	0	0	1	Testis	Testis,Pituitary,Adipose_Subcutaneous	6.815,1.117,-0.165	1	Testis	Testis	6.815	0.199
chr8	1680547	1680699	chr8	1680547	1680840	DLGAP2	perfect	50	0.004617799999999997	0.027944114877478485	0	0.19505	0	0	1	Testis	Testis,Pituitary,Adipose_Subcutaneous	6.815,1.117,-0.165	1	Testis	Testis	6.815	0.199
chr8	13132943	13132980	chr8	13132943	13133474	DLC1	perfect	50	0.015679600000000002	0.018729315443432305	0	0.13447	0.01176	0.010974999999999999	1	Cells_Culturedfibroblasts	Cells_Culturedfibroblasts,Testis,Bladder	6.342,0.865,0.694	1	Cells_Culturedfibroblasts	Cells_Culturedfibroblasts	6.342	0.258
chr8	13276261	13276400	chr8	13276261	13276546	DLC1	perfect	50	0.0064464	0.01692280308715228	0	0.12136	0.00379	0.004955000000000001	1	Cells_Culturedfibroblasts	Cells_Culturedfibroblasts,Skin_SunExposed_Lowerleg,Stomach	6.79,0.29,0.286	1	Cells_Culturedfibroblasts	Cells_Culturedfibroblasts	6.79	0.258
chr8	22692301	22692341	chr8	22692301	22692414	EGR3	perfect	50	0.016125199999999996	0.06563993182476033	0	0.45735	0	0.00524	1	Testis	Testis,Cells_EBV_transformedlymphocytes,Nerve_Tibial	6.722,1.095,0.342	1	Testis	Testis	6.722	0.312
chr8	22692341	22692354	chr8	22692301	22692414	EGR3	perfect	50	0.008919199999999999	0.021756554709243984	0	0.12796	0	0.00524	1	Testis	Testis,Cells_EBV_transformedlymphocytes,Nerve_Tibial	5.471,2.368,1.362	1	Testis	Testis	5.471	0.312
chr8	25858083	25858154	chr8	25858058	25858154	EBF2	perfect	50	0.0026665999999999986	0.01885570942712048	0	0.13333	0	0	1	Testis	Testis,Adipose_Subcutaneous,Adipose_Visceral_Omentum	6.93,-0.141,-0.141	1	Testis	Testis	6.93	0.193
chr8	30547291	30547420	chr8	30547291	30547522	RBPMS	perfect	50	0.3598684	0.08769430899460248	0.15882	0.63846	0.35805	0.10549249999999999	1	Cells_Culturedfibroblasts	Cells_Culturedfibroblasts,AdrenalGland,Brain_Substantianigra	3.177,1.8,1.526	1	Cells_Culturedfibroblasts	Cells_Culturedfibroblasts	3.177	0.272
chr8	32722002	32722042	chr8	32721752	32722042	NRG1	perfect	50	0.0035494000000000016	0.01801314649280985	0	0.1085	0	0	2	Brain_CerebellarHemisphere,Brain_Cerebellum	Brain_Cerebellum,Brain_CerebellarHemisphere,Adipose_Subcutaneous	5.826,3.632,-0.197	1	Brain_Cerebellum	Brain_Cerebellum	5.826	0.258
chr8	32763217	32763335	chr8	32763217	32763359	NRG1	perfect	50	0.0136464	0.06520969668598031	0	0.43497	0	0	1	Testis	Testis,Cells_Culturedfibroblasts,Liver	6.461,2.286,0.248	1	Testis	Testis	6.461	0.258
chr8	41306721	41306857	chr8	41306721	41306990	SFRP1	perfect	50	0.6245464	0.1033174611308786	0.26333	1	0.61696	0.06981250000000006	1	WholeBlood	WholeBlood,Liver,Kidney_Cortex	3.634,1.824,1.813	1	WholeBlood	WholeBlood	3.634	0.288
chr8	41957048	41957180	chr8	41957048	41958363	KAT6A	perfect	50	0.004793399999999998	0.020841400478815407	0	0.11131	0	0	2	Cells_EBV_transformedlymphocytes,WholeBlood	WholeBlood,Cells_EBV_transformedlymphocytes,Cells_Culturedfibroblasts	5.111,4.474,0.604	1	WholeBlood	WholeBlood	5.111	0.069
chr8	42396677	42396680	chr8	42396655	42397599	VDAC3	perfect	50	0.089334	0.07543984899458993	0.02732	0.3724	0.05555	0.046099999999999995	1	Muscle_Skeletal	Muscle_Skeletal,Brain_CerebellarHemisphere,Heart_AtrialAppendage	3.752,2.341,2.023	1	Muscle_Skeletal	Muscle_Skeletal	3.752	0.193
chr8	43000270	43000276	chr8	43000270	43000276	HOOK3	perfect	50	0.0600034	0.09839461980500472	0	0.587	0.038599999999999995	0.0720175	1	Testis	Testis,Esophagus_Mucosa,Cells_EBV_transformedlymphocytes	5.356,1.82,1.726	1	Testis	Testis	5.356	0.155
chr8	73527687	73527690	chr8	73527368	73527804	STAU2	perfect	50	0.2183326	0.042005835202519486	0.12981	0.34637	0.21839999999999998	0.05872250000000001	1	Brain_Cerebellum	Brain_Cerebellum,Brain_CerebellarHemisphere,Pituitary	3.048,1.699,1.447	1	Brain_Cerebellum	Brain_Cerebellum	3.048	0.318
chr8	79663579	79663660	chr8	79663579	79663661	STMN2	perfect	50	0.0022010000000000016	0.015425115651337687	0	0.10909	0	0	1	Testis	Testis,Brain_CerebellarHemisphere,Brain_Cerebellum	6.93,-0.112,-0.119	1	Testis	Testis	6.93	0.259
chr8	92062545	92062552	chr8	92062545	92062963	RUNX1T1	perfect	50	0.0406938	0.06285656973407548	0	0.40141	0.042225	0.06397499999999999	1	Cells_Culturedfibroblasts	Cells_Culturedfibroblasts,Brain_Nucleusaccumbens_basalganglia,Brain_CerebellarHemisphere	5.739,1.186,0.859	1	Cells_Culturedfibroblasts	Cells_Culturedfibroblasts	5.739	0.312
chr8	103809279	103809321	chr8	103809279	103809321	RIMS2	perfect	50	0.0504538	0.08478517414414538	0	0.36364	0	0.0815575	2	Testis,Thyroid	Thyroid,Testis,Bladder	3.694,3.256,2.236	2	Testis,Thyroid	Thyroid,Testis	3.694,3.256	0.206
chr8	103880657	103880689	chr8	103880416	103880689	RIMS2	perfect	50	0.011493999999999999	0.029887397589851768	0	0.16735	0	0.008557500000000001	1	Testis	Testis,Bladder,Pituitary	5.215,2.738,2.624	1	Testis	Testis	5.215	0.206
chr8	103927841	103927889	chr8	103927841	103927889	RIMS2	perfect	50	0.0200498	0.038543704983261984	0	0.22041	0	0.0339825	1	Testis	Testis,Bladder,Pituitary	5.198,1.901,1.813	1	Testis	Testis	5.198	0.206
chr8	104015423	104015456	chr8	104015423	104015456	RIMS2	perfect	50	0.041093	0.06599431426498892	0	0.28163	0	0.067255	1	Testis	Testis,Brain_Cerebellum,Pituitary	3.645,2.72,2.14	1	Testis	Testis	3.645	0.206
chr8	104031679	104031769	chr8	104031679	104031769	RIMS2	perfect	50	0.022669000000000005	0.03923662747630442	0	0.18353	0	0.041735	1	Brain_Cerebellum	Brain_Cerebellum,Brain_CerebellarHemisphere,Testis	4.1,2.689,2.335	1	Brain_Cerebellum	Brain_Cerebellum	4.1	0.206
chr8	104033659	104033698	chr8	104033659	104033698	RIMS2	perfect	50	0.022669000000000005	0.03923662747630442	0	0.18353	0	0.041735	1	Brain_Cerebellum	Brain_Cerebellum,Brain_CerebellarHemisphere,Testis	4.1,2.689,2.335	1	Brain_Cerebellum	Brain_Cerebellum	4.1	0.206
chr8	104094477	104094729	chr8	104094477	104094729	RIMS2	perfect	50	0.011493999999999999	0.029887397589851768	0	0.16735	0	0.008557500000000001	1	Testis	Testis,Bladder,Pituitary	5.215,2.738,2.624	1	Testis	Testis	5.215	0.206
chr8	115492187	115492221	chr8	115492187	115492221	TRPS1	perfect	50	0.10680680000000001	0.1246284400084458	0	0.6601	0.080625	0.1757225	1	Testis	Testis,WholeBlood,Skin_NotSunExposed_Suprapubic	4.44,1.925,1.063	1	Testis	Testis	4.44	0.111
chr8	139638022	139638053	chr8	139638022	139638053	KCNK9	perfect	50	0.0208334	0.1414238715757329	0	1	0	0	1	Muscle_Skeletal	Muscle_Skeletal,Pituitary,Adipose_Subcutaneous	6.924,0.147,-0.147	1	Muscle_Skeletal	Muscle_Skeletal	6.924	0.307
chr9	2159816	2159909	chr9	2159671	2159909	SMARCA2	perfect	50	0.0225114	0.026795115836545244	0	0.1258	0.011765000000000001	0.022342499999999998	2	Cells_Culturedfibroblasts,Ovary	Ovary,Cells_Culturedfibroblasts,AdrenalGland	3.855,3.002,2.871	2	Cells_Culturedfibroblasts,Ovary	Ovary,Cells_Culturedfibroblasts	3.855,3.002	0.203
chr9	8454579	8454591	chr9	8454579	8454594	PTPRD	perfect	50	0.04735300000000001	0.13129189892552173	0	0.64578	0	0	2	Brain_CerebellarHemisphere,Brain_Cerebellum	Brain_CerebellarHemisphere,Brain_Cerebellum,Brain_FrontalCortex_BA9	4.558,3.269,2.39	2	Brain_CerebellarHemisphere,Brain_Cerebellum	Brain_CerebellarHemisphere,Brain_Cerebellum	4.558,3.269	0.112
chr9	8454591	8454594	chr9	8454579	8454594	PTPRD	perfect	50	0.010403000000000003	0.02942322789559156	0	0.1401	0	0	2	Brain_CerebellarHemisphere,Brain_Cerebellum	Brain_CerebellarHemisphere,Brain_Cerebellum,Brain_FrontalCortex_BA9	4.408,3.139,2.8	2	Brain_CerebellarHemisphere,Brain_Cerebellum	Brain_CerebellarHemisphere,Brain_Cerebellum	4.408,3.139	0.112
chr9	14102421	14102510	chr9	14102421	14102510	NFIB	perfect	50	0.5882076	0.11473874950957243	0.28477	1	0.5764	0.16062999999999994	1	WholeBlood	WholeBlood,Spleen,Brain_CerebellarHemisphere	3.589,1.924,1.217	1	WholeBlood	WholeBlood	3.589	0.225
chr9	14321940	14321958	chr9	14321940	14322338	NFIB	perfect	50	0.033918000000000004	0.04610109879605997	0	0.33333	0.024375	0.0105975	1	Cells_EBV_transformedlymphocytes	Cells_EBV_transformedlymphocytes,Cells_Culturedfibroblasts,Testis	6.495,1.764,0.707	1	Cells_EBV_transformedlymphocytes	Cells_EBV_transformedlymphocytes	6.495	0.225
chr9	15471209	15471231	chr9	15470635	15471311	PSIP1	perfect	50	0.189828	0.06570308783474646	0.08124	0.44176	0.17217500000000002	0.097995	1	Testis	Testis,Brain_Anteriorcingulatecortex_BA24,WholeBlood	3.834,1.512,1.352	1	Testis	Testis	3.834	0.266
chr9	36372495	36372593	chr9	36372495	36372593	RNF38	perfect	50	0.010827400000000008	0.07656127962619226	0	0.54137	0	0	1	Testis	Testis,Adipose_Subcutaneous,Adipose_Visceral_Omentum	6.93,-0.141,-0.141	1	Testis	Testis	6.93	0.145
chr9	74615599	74615639	chr9	74615599	74615639	RORB	perfect	50	0.014650599999999991	0.07465933030555169	0	0.51351	0	0	1	Testis	Testis,Lung,Nerve_Tibial	6.682,1.478,0.538	1	Testis	Testis	6.682	0.112
chr9	79573331	79573370	chr9	79573172	79573370	TLE4	perfect	50	0.0616644	0.020337648727301337	0	0.13333	0.063165	0.018415	1	Cells_Culturedfibroblasts	Cells_Culturedfibroblasts,Cells_EBV_transformedlymphocytes,Artery_Tibial	3.524,1.877,1.435	1	Cells_Culturedfibroblasts	Cells_Culturedfibroblasts	3.524	0.15
chr9	79707122	79707218	chr9	79707122	79707218	TLE4	perfect	50	0.007238399999999996	0.03292873568970496	0	0.22511	0	0	1	Testis	Testis,Heart_AtrialAppendage,Heart_LeftVentricle	6.616,1.479,0.782	1	Testis	Testis	6.616	0.15
chr9	85986472	85986477	chr9	85986472	85987041	NAA35	perfect	50	0.1058804	0.03490935562339724	0.05357	0.24691	0.10464499999999999	0.037489999999999996	2	Cells_Culturedfibroblasts,Cells_EBV_transformedlymphocytes	Cells_EBV_transformedlymphocytes,Cells_Culturedfibroblasts,Artery_Aorta	4.04,3.053,0.954	2	Cells_Culturedfibroblasts,Cells_EBV_transformedlymphocytes	Cells_EBV_transformedlymphocytes,Cells_Culturedfibroblasts	4.04,3.053	0.136
chr9	111539445	111539456	chr9	111539445	111539761	ZNF483	perfect	50	0.0319214	0.027160636809131534	0	0.16418	0.03307	0.030125	1	Testis	Testis,Heart_AtrialAppendage,Breast_MammaryTissue	4.869,1.867,1.048	1	Testis	Testis	4.869	0.324
chr9	111576364	111576411	chr9	111576364	111577844	ZNF483	perfect	50	0.1107894	0.05233029377493908	0	0.29524	0.11047	0.056825000000000014	1	Liver	Liver,Testis,SmallIntestine_TerminalIleum	3.525,1.952,1.139	1	Liver	Liver	3.525	0.324
chr9	114016112	114016172	chr9	114016112	114016172	ZNF618	perfect	50	0.5527508	0.11411203433003364	0.33476	1	0.53931	0.06897249999999999	2	Cells_EBV_transformedlymphocytes,WholeBlood	Cells_EBV_transformedlymphocytes,WholeBlood,Spleen	3.919,3.919,1.711	2	Cells_EBV_transformedlymphocytes,WholeBlood	Cells_EBV_transformedlymphocytes,WholeBlood	3.919,3.919	0.257
chr9	121737536	121737715	chr9	121737150	121737715	DAB2IP	perfect	50	0.0896776	0.10879743937487965	0	0.47397	0.03926	0.03862500000000001	1	AdrenalGland	AdrenalGland,Skin_SunExposed_Lowerleg,MinorSalivaryGland	3.532,2.417,2.115	1	AdrenalGland	AdrenalGland	3.532	0.2
chr9	123401812	123401912	chr9	123400098	123401912	DENND1A	perfect	50	0.0290744	0.028209050882180873	0.00704	0.17231	0.021519999999999997	0.016915000000000006	2	Cells_Culturedfibroblasts,Cells_EBV_transformedlymphocytes	Cells_Culturedfibroblasts,Cells_EBV_transformedlymphocytes,WholeBlood	5.078,3.695,1.147	2	Cells_Culturedfibroblasts,Cells_EBV_transformedlymphocytes	Cells_Culturedfibroblasts,Cells_EBV_transformedlymphocytes	5.078,3.695	0.229
chr9	125065989	125066058	chr9	125065989	125066058	SCAI	perfect	50	0.060421800000000005	0.06110469248456009	0	0.29368	0.044395000000000004	0.06527250000000001	1	Cells_EBV_transformedlymphocytes	Cells_EBV_transformedlymphocytes,WholeBlood,Cells_Culturedfibroblasts	3.817,2.862,2.707	1	Cells_EBV_transformedlymphocytes	Cells_EBV_transformedlymphocytes	3.817	0.243
chr9	125335171	125335252	chr9	125335171	125335252	GAPVD1	perfect	50	0.018997800000000002	0.03181126474142422	0.00253	0.19442	0.011435	0.00859	2	Cells_Culturedfibroblasts,Testis	Testis,Cells_Culturedfibroblasts,Cells_EBV_transformedlymphocytes	5.514,3.063,1.976	2	Cells_Culturedfibroblasts,Testis	Testis,Cells_Culturedfibroblasts	5.514,3.063	0.125
chr9	125521754	125521765	chr9	125521467	125521765	MAPKAP1	perfect	50	0.0647044	0.034095468677326185	0.02334	0.18394	0.054830000000000004	0.03322750000000001	1	Cells_EBV_transformedlymphocytes	Cells_EBV_transformedlymphocytes,WholeBlood,Pituitary	3.497,2.212,1.917	1	Cells_EBV_transformedlymphocytes	Cells_EBV_transformedlymphocytes	3.497	0.153
chr9	127177896	127177901	chr9	127177896	127178426	RALGPS1	perfect	50	0.019273400000000003	0.03226254121663546	0	0.19643	0.009655	0.02249	1	Cells_Culturedfibroblasts	Cells_Culturedfibroblasts,Cells_EBV_transformedlymphocytes,Heart_AtrialAppendage	5.491,2.029,1.959	1	Cells_Culturedfibroblasts	Cells_Culturedfibroblasts	5.491	0.127
chr9	127684367	127684474	chr9	127684367	127686730	STXBP1	perfect	50	0.0465144	0.06085149971019277	0	0.32993	0.031705	0.0249125	2	Brain_CerebellarHemisphere,Brain_Cerebellum	Brain_CerebellarHemisphere,Brain_Cerebellum,Brain_FrontalCortex_BA9	4.657,4.052,1.559	2	Brain_CerebellarHemisphere,Brain_Cerebellum	Brain_CerebellarHemisphere,Brain_Cerebellum	4.657,4.052	0.086
chr9	128629124	128629187	chr9	128629124	128629187	SPTAN1	perfect	50	0.0143544	0.02501366574739594	0	0.10852	0.002695	0.008937500000000001	1	Heart_LeftVentricle	Heart_LeftVentricle,Heart_AtrialAppendage,Muscle_Skeletal	3.765,2.973,2.271	1	Heart_LeftVentricle	Heart_LeftVentricle	3.765	0.101
chr9	128689986	128690026	chr9	128689974	128690026	SET	perfect	50	0.015320199999999996	0.06871325126901785	0	0.3598	0	0	2	Cells_Culturedfibroblasts,Cells_EBV_transformedlymphocytes	Cells_Culturedfibroblasts,Cells_EBV_transformedlymphocytes,WholeBlood	5.013,4.572,0.809	2	Cells_Culturedfibroblasts,Cells_EBV_transformedlymphocytes	Cells_Culturedfibroblasts,Cells_EBV_transformedlymphocytes	5.013,4.572	0.183
chr9	135087373	135087442	chr9	135087259	135087442	OLFM1	perfect	50	0.094713	0.1550422261014392	0	1	0.047	0.1399175	1	Cells_EBV_transformedlymphocytes	Cells_EBV_transformedlymphocytes,Brain_Substantianigra,Liver	5.839,1.228,1.07	1	Cells_EBV_transformedlymphocytes	Cells_EBV_transformedlymphocytes	5.839	0.223
chr9	138101103	138101200	chr9	138101103	138101200	CACNA1B	perfect	50	0.0058868	0.020247603480261	0	0.13179	0	0	1	Testis	Testis,Brain_Spinalcord_cervicalc_1,Brain_Cerebellum	6.218,1.989,0.846	1	Testis	Testis	6.218	0.24
chrX	11758707	11758773	chrX	11758555	11759320	MSL3	perfect	50	0.0084474	0.024067866273926153	0	0.16707	0.003685	0.0065675	1	Testis	Testis,Cells_Culturedfibroblasts,AdrenalGland	6.591,1.007,0.791	1	Testis	Testis	6.591	0.178
chrX	12341620	12341637	chrX	12341540	12341637	FRMPD4	perfect	50	0.0157634	0.05069386206898608	0	0.23009	0	0	3	Cells_Culturedfibroblasts,Heart_AtrialAppendage,Testis	Cells_Culturedfibroblasts,Heart_AtrialAppendage,Testis	4.228,3.276,3.276	3	Cells_Culturedfibroblasts,Heart_AtrialAppendage,Testis	Cells_Culturedfibroblasts,Heart_AtrialAppendage,Testis	4.228,3.276,3.276	0.083
chrX	14574491	14574559	chrX	14574491	14574559	GLRA2	perfect	50	0.009816799999999999	0.04061325798609243	0	0.21097	0	0	2	Brain_CerebellarHemisphere,Brain_Cerebellum	Brain_CerebellarHemisphere,Brain_Cerebellum,Brain_FrontalCortex_BA9	4.953,4.489,1.266	2	Brain_CerebellarHemisphere,Brain_Cerebellum	Brain_CerebellarHemisphere,Brain_Cerebellum	4.953,4.489	0.304
chrX	15518930	15518979	chrX	15518188	15518979	ACE2	perfect	50	0.063135	0.11270925663685594	0	0.5	0.01247	0.0711825	2	Artery_Tibial,WholeBlood	WholeBlood,Artery_Tibial,Artery_Aorta	3.876,3.473,2.397	2	Artery_Tibial,WholeBlood	WholeBlood,Artery_Tibial	3.876,3.473	0.25
chrX	15551075	15551079	chrX	15550714	15551079	ACE2	perfect	50	0.007457399999999999	0.02670483077983441	0	0.18182	0	6.3e-4	1	Artery_Tibial	Artery_Tibial,Lung,Adipose_Subcutaneous	6.529,1.265,0.86	1	Artery_Tibial	Artery_Tibial	6.529	0.25
chrX	17635566	17635584	chrX	17635292	17635600	NHS	perfect	50	0.046286799999999996	0.06935201121048166	0	0.38012	0	0.0813825	1	Cells_Culturedfibroblasts	Cells_Culturedfibroblasts,Artery_Tibial,MinorSalivaryGland	4.814,1.998,1.649	1	Cells_Culturedfibroblasts	Cells_Culturedfibroblasts	4.814	0.087
chrX	18623878	18624001	chrX	18623878	18624001	CDKL5	perfect	50	0.052975	0.09622802273872244	0	0.50139	0	0.072195	1	Esophagus_Mucosa	Esophagus_Mucosa,Muscle_Skeletal,Heart_LeftVentricle	4.66,2.647,1.831	1	Esophagus_Mucosa	Esophagus_Mucosa	4.66	0.226
chrX	18646006	18646090	chrX	18646006	18646090	CDKL5	perfect	50	0.007055400000000005	0.04620640763984571	0	0.32667	0	0	1	Testis	Testis,Thyroid,Lung	6.917,0.24,0.02	1	Testis	Testis	6.917	0.226
chrX	18653431	18653541	chrX	18653431	18653629	CDKL5	perfect	50	0.007055400000000005	0.04620640763984571	0	0.32667	0	0	1	Testis	Testis,Thyroid,Lung	6.917,0.24,0.02	1	Testis	Testis	6.917	0.226
chrX	19687616	19687691	chrX	19687570	19687691	SH3KBP1	perfect	50	0.024125600000000004	0.04744006952536461	0	0.17116	4.7e-4	0.01401	1	Brain_FrontalCortex_BA9	Brain_FrontalCortex_BA9,Brain_Nucleusaccumbens_basalganglia,Brain_Anteriorcingulatecortex_BA24	3.099,2.804,2.707	1	Brain_FrontalCortex_BA9	Brain_FrontalCortex_BA9	3.099	0.194
chrX	19694994	19695051	chrX	19694994	19695051	SH3KBP1	perfect	50	0.024125600000000004	0.04744006952536461	0	0.17116	4.7e-4	0.01401	1	Brain_FrontalCortex_BA9	Brain_FrontalCortex_BA9,Brain_Nucleusaccumbens_basalganglia,Brain_Anteriorcingulatecortex_BA24	3.099,2.804,2.707	1	Brain_FrontalCortex_BA9	Brain_FrontalCortex_BA9	3.099	0.194
chrX	21503243	21503332	chrX	21503243	21506814	CNKSR2	perfect	50	0.064562	0.07054730732939826	0	0.38071	0.05956	0.0709825	2	Brain_Spinalcord_cervicalc_1,Brain_Substantianigra	Brain_Spinalcord_cervicalc_1,Brain_Substantianigra,Testis	4.481,3.484,1.211	2	Brain_Spinalcord_cervicalc_1,Brain_Substantianigra	Brain_Spinalcord_cervicalc_1,Brain_Substantianigra	4.481,3.484	0.185
chrX	21503332	21503333	chrX	21503243	21506814	CNKSR2	perfect	50	0.0313852	0.03198060408613767	0	0.16244	0.02965	0.048482500000000005	1	Brain_Spinalcord_cervicalc_1	Brain_Spinalcord_cervicalc_1,Brain_Substantianigra,Nerve_Tibial	4.098,2.613,1.471	1	Brain_Spinalcord_cervicalc_1	Brain_Spinalcord_cervicalc_1	4.098	0.185
chrX	21504788	21504795	chrX	21503243	21506814	CNKSR2	perfect	50	0.0331768	0.04402826037898842	0	0.21827	0.024695	0.033807500000000004	2	Brain_Spinalcord_cervicalc_1,Brain_Substantianigra	Brain_Spinalcord_cervicalc_1,Brain_Substantianigra,Heart_AtrialAppendage	4.204,3.685,1.77	2	Brain_Spinalcord_cervicalc_1,Brain_Substantianigra	Brain_Spinalcord_cervicalc_1,Brain_Substantianigra	4.204,3.685	0.185
chrX	21641532	21641534	chrX	21641532	21645899	CNKSR2	perfect	50	0.013352000000000004	0.0411420034137615	0	0.19315	0	0	3	Brain_CerebellarHemisphere,Brain_Cerebellum,Brain_FrontalCortex_BA9	Brain_CerebellarHemisphere,Brain_Cerebellum,Brain_FrontalCortex_BA9	4.37,3.43,3.195	3	Brain_CerebellarHemisphere,Brain_Cerebellum,Brain_FrontalCortex_BA9	Brain_CerebellarHemisphere,Brain_Cerebellum,Brain_FrontalCortex_BA9	4.37,3.43,3.195	0.185
chrX	30687532	30687616	chrX	30687532	30687616	GK	perfect	50	0.0120082	0.03611778744833722	0	0.21818	0	0	1	Muscle_Skeletal	Muscle_Skeletal,Nerve_Tibial,Liver	5.708,2.39,1.607	1	Muscle_Skeletal	Muscle_Skeletal	5.708	0.288
chrX	31266809	31266829	chrX	31266809	31266971	DMD	perfect	50	0.15380760000000002	0.11449022493805898	0	0.5865	0.13621499999999997	0.1574225	1	Cells_EBV_transformedlymphocytes	Cells_EBV_transformedlymphocytes,Cells_Culturedfibroblasts,MinorSalivaryGland	3.779,2.215,1.452	1	Cells_EBV_transformedlymphocytes	Cells_EBV_transformedlymphocytes	3.779	0.154
chrX	31508207	31508279	chrX	31508207	31508481	DMD	perfect	50	0.006153799999999999	0.01991485538127613	0	0.1352	0	0.0047025	1	Nerve_Tibial	Nerve_Tibial,Colon_Sigmoid,Colon_Transverse	6.48,1.133,0.837	1	Nerve_Tibial	Nerve_Tibial	6.48	0.154
chrX	32342844	32342850	chrX	32342630	32342850	DMD	perfect	50	0.0148798	0.031747010882273365	0	0.21296	0.00365	0.020935000000000002	1	Cells_Culturedfibroblasts	Cells_Culturedfibroblasts,Testis,Lung	6.239,1.41,0.959	1	Cells_Culturedfibroblasts	Cells_Culturedfibroblasts	6.239	0.154
chrX	41743672	41743736	chrX	41743552	41743736	CASK	perfect	50	0.0845226	0.10623958007604647	0	0.65079	0.062755	0.062384999999999996	1	WholeBlood	WholeBlood,Testis,Cells_EBV_transformedlymphocytes	5.33,2.464,2.018	1	WholeBlood	WholeBlood	5.33	0.073
chrX	47218652	47218664	chrX	47217859	47218664	CDK16	perfect	50	0.1179146	0.034428011389043105	0.02479	0.23313999999999999	0.119725	0.03195500000000001	1	Testis	Testis,Ovary,Kidney_Cortex	3.347,1.792,1.663	1	Testis	Testis	3.347	0.258
chrX	48695819	48695871	chrX	48695553	48695871	SUV39H1	perfect	50	0.011165	0.030103205419533166	0	0.1418	0	0	2	Brain_CerebellarHemisphere,Brain_Cerebellum	Brain_Cerebellum,Brain_CerebellarHemisphere,Brain_FrontalCortex_BA9	4.34,4.169,1.48	2	Brain_CerebellarHemisphere,Brain_Cerebellum	Brain_Cerebellum,Brain_CerebellarHemisphere	4.34,4.169	0.218
chrX	53227845	53227865	chrX	53225827	53227865	IQSEC2	perfect	50	0.010482	0.022993254467787032	0	0.14286	0.0012200000000000002	0.009545	1	Cells_EBV_transformedlymphocytes	Cells_EBV_transformedlymphocytes,Brain_Hippocampus,Brain_Putamen_basalganglia	5.757,1.429,1.349	1	Cells_EBV_transformedlymphocytes	Cells_EBV_transformedlymphocytes	5.757	0.133
chrX	53231814	53231870	chrX	53228822	53231870	IQSEC2	perfect	50	0.0218188	0.028592104493145285	0	0.18655	0.012375	0.009200000000000003	1	Testis	Testis,Brain_Putamen_basalganglia,Brain_Caudate_basalganglia	5.761,1.368,1.238	1	Testis	Testis	5.761	0.133
chrX	54174131	54174146	chrX	54173788	54174146	FAM120C	perfect	50	0.31928059999999997	0.15316724513180127	0.06323	0.78571	0.3365	0.20187500000000003	1	WholeBlood	WholeBlood,Cells_EBV_transformedlymphocytes,Muscle_Skeletal	3.045,2.383,1.946	1	WholeBlood	WholeBlood	3.045	0.136
chrX	55027750	55027807	chrX	55027750	55027857	ALAS2	perfect	50	0.0038513999999999974	0.01911529978198359	0	0.10351	0	0	2	Spleen,WholeBlood	WholeBlood,Spleen,Adipose_Subcutaneous	5.214,4.458,-0.201	1	WholeBlood	WholeBlood	5.214	0.184
chrX	69860856	69860865	chrX	69860856	69861193	EDA	perfect	50	0.054280999999999996	0.06323188792057374	0	0.33333	0.047729999999999995	0.0859375	1	WholeBlood	WholeBlood,Esophagus_Mucosa,Pancreas	4.413,2.017,1.777	1	WholeBlood	WholeBlood	4.413	0.266
chrX	70452621	70452755	chrX	70452291	70452755	DLG3	perfect	50	0.1529186	0.11711151575523987	0.01221	0.52194	0.12967499999999998	0.15651499999999996	1	Cells_Culturedfibroblasts	Cells_Culturedfibroblasts,Esophagus_Mucosa,Muscle_Skeletal	3.151,2.328,1.831	1	Cells_Culturedfibroblasts	Cells_Culturedfibroblasts	3.151	0.09
chrX	71171432	71171617	chrX	71171432	71175255	NLGN3	perfect	50	0.138749	0.06363696013244159	0.02632	0.375	0.144345	0.09011	1	Muscle_Skeletal	Muscle_Skeletal,Artery_Tibial,Thyroid	3.712,1.966,1.236	1	Muscle_Skeletal	Muscle_Skeletal	3.712	0.31
chrX	71455006	71455012	chrX	71455006	71455012	TAF1	perfect	50	0.0144306	0.02678770060520844	0	0.12277	6.25e-4	0.019445	2	Brain_CerebellarHemisphere,Brain_Cerebellum	Brain_Cerebellum,Brain_CerebellarHemisphere,Brain_Cortex	4.044,3.702,2.04	2	Brain_CerebellarHemisphere,Brain_Cerebellum	Brain_Cerebellum,Brain_CerebellarHemisphere	4.044,3.702	0.043
chrX	85971570	85971586	chrX	85969086	85971586	CHM	perfect	50	0.048107	0.022268452586837843	0.01422	0.13572	0.04381	0.0203425	1	Testis	Testis,Cells_Culturedfibroblasts,Brain_Spinalcord_cervicalc_1	3.934,2.937,1.976	1	Testis	Testis	3.934	0.194
chrX	100820617	100820648	chrX	100820535	100820648	CSTF2	perfect	50	0.023686799999999997	0.03334907540498457	0	0.1255	0	0.050257500000000004	1	Testis	Testis,Artery_Tibial,Nerve_Tibial	3.053,2.157,2.072	1	Testis	Testis	3.053	0.133
chrX	101292789	101293045	chrX	101292789	101293057	TAF7L	perfect	50	0.03179300000000002	0.12132420062857727	0	0.58036	0	0	2	Skin_NotSunExposed_Suprapubic,Skin_SunExposed_Lowerleg	Skin_SunExposed_Lowerleg,Skin_NotSunExposed_Suprapubic,Liver	4.521,4.484,2.093	2	Skin_NotSunExposed_Suprapubic,Skin_SunExposed_Lowerleg	Skin_SunExposed_Lowerleg,Skin_NotSunExposed_Suprapubic	4.521,4.484	0.273
chrX	101390477	101390549	chrX	101390477	101390796	BTK	perfect	50	0.002226200000000001	0.014451403983767142	0	0.10227	0	0	1	Testis	Testis,Lung,Cells_EBV_transformedlymphocytes	6.923,0.074,-0.006	1	Testis	Testis	6.923	0.103
chrX	105948639	105948759	chrX	105948437	105948759	NRK	perfect	50	0.009848399999999998	0.02375108584929136	0	0.12985	0	0	1	Brain_Cerebellum	Brain_Cerebellum,Ovary,Brain_CerebellarHemisphere	5.052,2.115,1.763	1	Brain_Cerebellum	Brain_Cerebellum	5.052	0.289
chrX	108183721	108183772	chrX	108183721	108183772	COL4A6	perfect	50	0.0197306	0.044085259113009916	0	0.15958	0	0	1	Bladder	Bladder,Artery_Tibial,Esophagus_GastroesophagealJunction	3.172,2.797,2.792	1	Bladder	Bladder	3.172	0.322
chrX	120561371	120561399	chrX	120561132	120561545	CUL4B	perfect	50	0.1394656	0.1138481515567906	0	0.57164	0.13479999999999998	0.168985	1	Muscle_Skeletal	Muscle_Skeletal,Cells_EBV_transformedlymphocytes,Artery_Tibial	3.796,1.956,1.479	1	Muscle_Skeletal	Muscle_Skeletal	3.796	0.085
chrX	120574550	120574617	chrX	120574550	120574630	CUL4B	perfect	50	0.012313000000000001	0.024779117874796537	0.00115	0.18206	0.00831	0.004054999999999999	1	Testis	Testis,Brain_Spinalcord_cervicalc_1,Brain_Hippocampus	6.85,0.254,0.188	1	Testis	Testis	6.85	0.085
chrX	123202635	123202782	chrX	123202635	123202782	GRIA3	perfect	50	0.079339	0.11343388178015547	0	0.58156	0.023614999999999997	0.127775	1	Liver	Liver,Stomach,Kidney_Cortex	4.427,2.631,1.504	1	Liver	Liver	4.427	0.193
chrX	123204399	123204416	chrX	123204399	123204683	GRIA3	perfect	50	0.079339	0.11343388178015547	0	0.58156	0.023614999999999997	0.127775	1	Liver	Liver,Stomach,Kidney_Cortex	4.427,2.631,1.504	1	Liver	Liver	4.427	0.193
chrX	136209242	136209339	chrX	136209167	136209442	FHL1	perfect	50	0.0637626	0.11096889356031268	0	0.44599	0.011605	0.045450000000000004	1	Brain_CerebellarHemisphere	Brain_CerebellarHemisphere,Brain_Cerebellum,Brain_FrontalCortex_BA9	3.444,2.965,2.921	1	Brain_CerebellarHemisphere	Brain_CerebellarHemisphere	3.444	0.276
chrX	136209339	136209425	chrX	136209167	136209442	FHL1	perfect	50	0.0653784	0.11414502793144073	0	0.45948	0.011715	0.0450525	1	Brain_CerebellarHemisphere	Brain_CerebellarHemisphere,Brain_Cerebellum,Brain_FrontalCortex_BA9	3.453,2.964,2.92	1	Brain_CerebellarHemisphere	Brain_CerebellarHemisphere	3.453	0.276
chrX	136209425	136209442	chrX	136209167	136209442	FHL1	perfect	50	0.0637626	0.11096889356031268	0	0.44599	0.011605	0.045450000000000004	1	Brain_CerebellarHemisphere	Brain_CerebellarHemisphere,Brain_Cerebellum,Brain_FrontalCortex_BA9	3.444,2.965,2.921	1	Brain_CerebellarHemisphere	Brain_CerebellarHemisphere	3.444	0.276
chrX	139832153	139832189	chrX	139832153	139832288	ATP11C	perfect	50	0.2031542	0.09646797935679835	0.03456	0.50531	0.20284999999999997	0.1222875	1	Cells_Culturedfibroblasts	Cells_Culturedfibroblasts,Cells_EBV_transformedlymphocytes,Artery_Tibial	3.132,2.099,1.727	1	Cells_Culturedfibroblasts	Cells_Culturedfibroblasts	3.132	0.232
chrX	150712943	150712970	chrX	150712943	150712970	MTMR1	perfect	50	0.017607200000000003	0.057808659758036354	0	0.36964	0	0	1	Muscle_Skeletal	Muscle_Skeletal,Heart_AtrialAppendage,Heart_LeftVentricle	6.09,1.888,1.738	1	Muscle_Skeletal	Muscle_Skeletal	6.09	0.238
chrX	153569756	153569764	chrX	153569602	153569962	ATP2B3	perfect	50	0.027061199999999997	0.0876590219960622	0	0.54993	0	0.0134225	1	AdrenalGland	AdrenalGland,Testis,Pituitary	5.965,2.86,1.283	1	AdrenalGland	AdrenalGland	5.965	0.222
chrX	154882036	154882198	chrX	154882036	154882472	F8	perfect	50	0.0502002	0.05110077524432901	0.0065	0.23889	0.034945000000000004	0.0363975	3	Brain_CerebellarHemisphere,Brain_Cerebellum,WholeBlood	Brain_Cerebellum,Brain_CerebellarHemisphere,WholeBlood	3.693,3.148,3.026	3	Brain_CerebellarHemisphere,Brain_Cerebellum,WholeBlood	Brain_Cerebellum,Brain_CerebellarHemisphere,WholeBlood	3.693,3.148,3.026	0.089
chrY	12905779	12905815	chrY	12905737	12905815	DDX3Y	perfect	50	0.0069965999999999995	0.027666249800072287	0	0.15611	0	1.65e-4	2	Cells_EBV_transformedlymphocytes,Testis	Cells_EBV_transformedlymphocytes,Testis,Cells_Culturedfibroblasts	5.39,4.091,0.674	2	Cells_EBV_transformedlymphocytes,Testis	Cells_EBV_transformedlymphocytes,Testis	5.39,4.091	0.287
